,site_ID,site,ID,quad,mark,x,y,Date_Marked2015,N15,L15,size15,CT15,FR15,DT15,Notes15,Comm15,libsur15_16,consur15_16,Total.leaves.including.brown.ones2015,N.DEAD15,date16,N16,L16,size16,CT16,FR16,DT16,Notes16,Comm16,libsur16_17,consur16_17,date17,N17,L17,size17,CT17,FR17,DT17,Notes17,Comm17,libsur17_18,consur17_18,N18,L18,size18,FR18,Notes18,Comm18,include.in.19.census,N19,L19,FR19,Notes19,Comm19,libsur18_19,size19,N20,L20,FR20,FLW20,Notes20,Comm20,libsur19_20,size20,N21,L21,FR21,FLW21,Notes21,Comm21,libsur20_21,size21,N22,L22,FR22,FLW22,Notes22,Comm22,Measurer22,libsur21_22,size22,N23,L23,FR23,FLW23,Notes23,Comm23,Measurer23,libsur22_23,size23,N24,L24,FR24,FLW24,Note24,Comm24,libsur23_24,size24,Note25,N25,L25,FR25,FLW25,Comm25,libsur24_25,libsur24_25_tpry,size25,libsur15_16_tpry,libsur16_17_tpry,libsur17_18_tpry,libsur18_19_tpry,libsur19_20_tpry,libsur20_21_tpry,libsur21_22_tpry,libsur22_23_tpry,libsur23_24_tpry
1,B1_14,B1,14,2,gh,34,7,,5,10,50,2,0,,,some leaves didn't have traps,1,1,,4,,0,0,,0,8,0,dead16?,,1,1,,6,7,42,0,0,6,,fruit stalk broken off,1,1,6,19,114,0,,,Y,0,,3,,sen,1,0,2,16,6,6,,,1,32,9,13,,,,inf aborted,1,117,0,,,,,inf burn,as,1,0,2,30,,,,,gage,1,60,2,10,,,,,1,20,,0,,,,new lvs,1,1,0,1,1,1,1,1,1,1,1,1
2,B1_16,B1,16,2,op,36,24,,5,12,60,0,0,,,,1,1,,2,,1,5,5,0,0,0,,,1,1,,4,8,32,0,0,4,,,1,1,4,14,56,0,,,Y,0,,,,sen,1,0,6,14,0,0,,,1,84,3,14,,,,inf aborted,1,42,0,,,,,sen burn,as,1,0,0,,,,,sen,gage,1,0,1,7,,,,,1,7,,0,,,,new lvs,1,1,0,1,1,1,1,1,1,1,1,1
3,B1_39,B1,39,3,gh,36,13,,4,29,116,0,1,,,,1,1,4,,,6,28,168,1,0,1,,,1,1,,7,16,112,2,0,0,,,1,1,8,13,104,0,,,Y,0,,,,new lvs,1,0,4,17,0,0,,,1,68,5,52,,,,,1,260,2,6,,,,,as,1,12,7,30,0,4,,,gage,1,210,4,42,,1,,,1,168,,0,,,,,1,0,0,1,1,1,1,1,1,1,1,1
4,B1_314,B1,314,3,yd,38,10,,,,,,,,,,,,,,,,,,,,,,,1,1,,5,11,55,1,0,1,,,1,1,4,19,76,0,,added,Y,5,21,,,,1,105,10,28,0,0,,,1,280,2,55,,,,,1,110,1,5,,,,,as,1,5,2,39,,,,,gage,1,78,7,17,,,,,1,119,,0,,,,new lvs,1,1,0,,1,1,1,1,1,1,1,1
5,B1_318,B1,318,4,yh,1,40,,,,,,,,,,,,,,,,,,,,,,,,,,8,24,192,2,0,1,,new17,1,1,7,33,231,0,,,Y,6,29,3,,,1,174,,,,,mpd20,PresAlive20,1,0,,,,,dead21,PresAlive21,1,0,0,,,,,"new lvs, sen burn",as,1,0,9,25,,,,inf imm,gage,1,225,6,10,,,,,1,60,,7,29,,,,1,1,203,,,1,1,1,1,1,1,1
6,B1_75,B1,75,4,rh,25,46,,1,14,14,0,0,,,,1,1,2,,,6,13,78,0,0,0,,,1,1,,4,13,52,0,0,4,,,1,0,,,,,dead18,PresAlive18,Y,2,21,2,,,1,42,2,26,0,0,,inf herb,1,52,3,36,3,4,,,1,108,0,,,,,sen burn,as,1,0,0,,,,,sen,gage,1,0,2,19,,,,,1,38,,0,,,,new lvs,1,1,0,1,1,1,1,1,1,1,1,1
7,B1_323,B1,323,4,wd,28,48,,,,,,,,,,,,,,,,,,,,,,,,,,4,7,28,2,0,0,,new17,1,0,,,,,dead18,PresAlive18,Y,0,,,,new lvs,1,0,"6, 12","44, 44",,2,,inf im,1,1584,5,27,6,7,,,1,135,0,,,,,sen burn,as,1,0,5,21,,,unm pl R,,gage,1,105,"3, 5","12, 8",7,2,2ros,frunc,1,96,2ros,"3,4","21,12",,,"qs25-50, no new",1,1,147,,,1,1,1,1,1,1,1
8,B1_78,B1,78,5,rh,9,45,,5,6,30,3,0,,,3 brown traps,1,1,,,,4,15,60,0,0,0,,,1,1,,2,10,20,0,0,1,,,1,1,4,18,72,0,,,Y,3,21,,,,1,63,,,,,dead20,PresAlive20,1,0,1,23,,,,,1,23,0,,,,,"sen, recently burned",tl,1,0,0,,,,,new lvs,gage,1,0,,,,,dead24,,0,,dead24,0,,,,,,,0,1,1,1,1,1,1,1,1,0
9,B1_92,B1,92,5,rh,27,1,,,,,,,,,,,,,,,1,15,15,0,7,0,,,1,1,,4,13,52,2,0,0,,stalk no fruit,1,1,5,23,115,0,,,Y,2,18,2,,,1,36,1,6,9,12,,,1,6,2,23,6,7,,,1,46,0,,,,,"sen, recently burned",tl,1,0,4,30,,,,inf imm,aml,1,120,5,18,,,,,1,90,,0,,,,new lvs,1,1,0,,1,1,1,1,1,1,1,1
10,B1_94,B1,94,5,gh,27,26,,3,2,6,1,0,,,,1,1,,,,4,6,24,3,0,1,dead16?,measured small sdl at location,1,1,,,,,,,,,tp no plant,1,1,3,5,15,0,,,Y,1,13,,,,1,13,4,21,0,0,,,1,84,6,13,,,,,1,78,0,,,,,"sen, recently burned",tl,1,0,0,,,,,new lvs,aml,1,0,2,8,,,,,1,16,,0,,,,new lvs,1,1,0,1,1,1,1,1,1,1,1,1
11,B1_156,B1,156,6,wp,21,26,,4,12,48,1,0,,,2 brown traps,1,1,,,,3,30,90,1,4,1,,,1,1,,6,16,96,3,0,1,,,1,1,7,21,147,0,,,Y,3,21,,,,1,63,3,16,7,7,,,1,48,0,,,,,sen,1,0,0,,,,,"sen, recently burned",tl,1,0,6,16,,,,,aml,1,96,5,18,,,,,1,90,,0,,,,new lvs,1,1,0,1,1,1,1,1,1,1,1,1
12,B1_161,B1,161,6,oh,24,2,,1,22,22,0,0,,,1 brown trap,1,1,,,,4,27,108,0,0,4,,,1,1,,3,14,42,0,0,3,,,1,1,3,15,45,0,,sen,Y,4,19,,,,1,76,"11, 8","21, 18",0,0,2ros,,1,741,"2,5","10,13",,,2ros,,1,161,0,,,,2ros,"sen, recently burned",tl,1,0,"7, 2","14, 9",,,2ros,,aml,1,207,3,10,,,,,1,30,,0,,,,new lvs,1,1,0,1,1,1,1,1,1,1,1,1
13,B1_204,B1,204,6,gh,49,8,,1,18,18,0,11,,,1 brown trap,1,1,,,,6,32,192,1,2,1,,,1,1,,4,33,132,2,8,1,,,1,1,2,29,58,0,,sen,Y,0,,,,new lvs,1,0,,,,,dead20,,0,0,,,,,dead20,,,0,,,,,,,,,,,,,,,,,,,,,,,,,,,,,,,,,,,,1,1,1,1,0,,,,
14,B2_26,B2,26,10,gh,38,1,,4,55,220,0,0,,,2 burnt/missing traps,1,1,,,,6,14,84,0,0,0,,,1,1,,4,48,192,0,9,0,,,1,1,11,65,715,0,,,Y,7,71,5,,,1,497,5,87,0,0,,,1,435,0,,,,,new lvs,1,0,,,,,,,as,1,0,,,,,,,,,,,,,,,,,,,,,,,,,,,1,1,1,1,1,1,1,,
15,B2_40,B2,40,11,wh,33,37,,8,70,560,2,10,,,1 brown trap,1,1,,,,,,,,,,,,1,1,,9,61,549,2,0,2,,,,,,,,,,,Y,6,36,,,,1,216,2,30,5,8,,,1,60,5,68,,,,,1,340,7,58,,,,,tl,1,406,0,,,,,new lvs,nzk,1,0,3,34,,,,,1,102,,3,35,,,,1,1,105,1,1,,1,1,1,1,1,1
16,B2_115,B2,115,18,gh,0,4,,5,44,220,1,0,,,,1,1,,,,1,18,18,0,0,0,,resprout,1,1,,3,16,48,0,0,3,,,1,1,9,52,468,0,,,Y,0,,,,new lvs,1,0,5,9,0,0,,,1,45,,,,,dead21,,0,0,,,,,"dead21, spike at lower left of quad",quad not burned,wfm,,0,,,,,,,,,,,,,,,,,,,,,,,,,,,1,1,1,1,1,0,,,
17,B2_131,B2,131,18,gh,17,5,,8,33,264,1,0,,,3 brown traps,1,1,,,,6,20,120,0,0,2,,,1,1,,12,16,192,1,0,4,,,1,1,6,16,96,0,,,Y,0,,,,new lvs,1,0,3,43,0,0,,,1,129,,,,,dead21,,0,0,,,,,dead21,,wfm,,0,,,,,,,,,,,,,,,,,,,,,,,,,,,1,1,1,1,1,0,,,
18,B2_175,B2,175,19,yh,35,24,,10,38,380,0,0,,,3 brown traps,1,1,,,,5,41,205,0,0,3,,burnt,1,1,,5,39,195,0,5,0,,,1,1,7,18,126,0,,,Y,0,,,,new lvs,1,0,,,,,dead20,,0,0,,,,,dead20,,,0,,,,,,,,,,,,,,,,,,,,,,,,,,,,,,,,,,,,1,1,1,1,0,,,,
19,B2_177,B2,177,19,wp,36,32,,7,20,140,0,0,,,1 dead trap,1,1,,,,1,9,9,0,0,0,,sprout,1,1,,7,25,175,0,0,1,,,1,1,6,43,258,0,bew unm pls,,Y,3,11,,bew unm pls,,1,33,11,24,0,0,bew unm pls,,1,264,4,23,,,bew unm pl ul,,1,92,6,64,,,bew unm pl UL,,wfm,1,384,8,44,,,bew unm pl upper L,,aml,1,352,8,92,,,!unm pl UL,,1,736,!unm pl UL,0,,,,new lvs,1,1,0,1,1,1,1,1,1,1,1,1
20,B2_180,B2,180,19,oh,37,39,,9,22,198,0,0,,,1 dead trap,1,1,,,,2,7,14,0,0,0,,sprout,1,1,,4,18,72,1,0,0,,,1,1,4,35,140,0,,,Y,0,,,,new lvs,1,0,9,26,0,0,,,1,234,5,34,,,,,1,170,6,32,,,,,wfm,1,192,5,45,,,,,aml,1,225,,,,,mpd24,,0,,mpd24,0,,,,m25,,,0,1,1,1,1,1,1,1,1,0
21,B2_201,B2,201,20,bd,13,39,,7,23,161,1,0,,,1 brown trap,1,1,,,,15,27,405,0,0,8,,"burnt, alive",1,1,,5,44,220,1,5,0,,,1,1,6,64,384,0,,1 stem removed,Y,1,25,,bew unm pls,,1,25,7,45,0,0,bew unm pls,,1,315,6,64,,,bew unm pls,,1,384,5,76,,2,bew unm pls,inf imm,wfm,1,380,6,65,,,bew unm pl L,,nzk,1,390,4,45,,,!unm pl L,,1,180,!unm pl L,0,,,,"new lvs, tp was bh",1,1,0,1,1,1,1,1,1,1,1,1
22,B2_18.8.,B2,18.8.,20,bh,28,17,,,,,,,,,,,,,,,,,,,,,,,,,,,,,,,,,,,,3,4,12,0,,new,Y,1,2,,,new lvs,1,2,6,15,0,0,,oldx=27,1,90,,,,,dead21,PresAlive21,1,0,6,22,,,,,wfm,1,132,4,37,,,,,nzk,1,148,,,,,dead24,,0,,dead24,0,,,,,,,0,,,,1,1,1,1,1,0
23,CH_34,CH,34,3,yd,25,21,1-Jun,6,15,90,2,0,0,,,1,1,,,1-Jun,5,17,85,3,0,0,,2 traps missing,1,1,1-Jun,7,29,203,5,0,0,,,1,1,6,72,432,0,,,Y,0,,5,,new lvs,1,0,5,31,,,,,1,155,3,49,,,,,1,147,2,90,,,,,wfm,1,180,6,33,,,,,aml,1,198,2,56,,,,,1,112,,1,39,,,,1,1,39,1,1,1,1,1,1,1,1,1
24,CH_52,CH,52,4,wh,20,14,1-Jun,6,19,114,0,7,2,,,1,1,,,1-Jun,7,19,133,7,11,0,,,1,1,1-Jun,8,25,200,1,0,4,,,1,1,7,24,168,0,,stalk broken off,Y,6,23,5,,,1,138,0,,,,,new lvs,1,0,4,34,,,,,1,136,4,,,,,herb,wfm,1,0,3,21,,,,tp was wd,gage,1,63,5,64,,,,,1,320,,0,,,,m25,1,0,0,1,1,1,1,1,1,1,1,1
25,CH_69,CH,69,4,wh,29,44,1-Jun,11,23,253,2,7,4,,trap herb,1,1,,,1-Jun,7,41,287,3,8,3,,,1,1,1-Jun,7,22,154,0,0,3,,Stalk no fruit,1,1,7,28,196,0,,,Y,2,19,7,,,1,38,0,,,,,new lvs,1,0,2,39,,,,,1,78,3,30,,,,,wfm,1,90,3,8,0,3,,,gage,1,24,,,2,,,,1,,,0,,,,m25,1,0,0,1,1,1,1,1,1,1,1,1
26,CH_40,CH,40,4,oh,33,1,1-Jun,5,12,60,3,4,0,,,1,1,,,1-Jun,4,32,128,3,0,1,,stalk broken off,1,1,1-Jun,5,20,100,1,0,1,,Stalk no fruit,1,1,6,18,108,0,,,Y,5,24,,,,1,120,0,,,,,new lvs,1,0,4,39,,,,,1,156,0,,8,8,,sen,wfm,1,0,2,32,,,,,gage,1,64,3,22,,,,,1,66,,3,31,,,,1,1,93,1,1,1,1,1,1,1,1,1
27,CH_83,CH,83,5,od,22,40,1-Jun,7,29,203,1,0,4,,,1,1,,,1-Jun,12,27,324,3,0,3,,stalk broken off,1,1,1-Jun,6,25,150,0,0,2,,,1,1,7,68,476,0,,,Y,0,,5,,new lvs,1,0,9,42,,,,,1,378,4,46,,,,,1,184,12,98,3,6,,,wfm,1,1176,6,50,,,was 2ros,inf herb,aml,1,300,,,,,"was 2ros, disc",,,,,,,,,,,,,1,1,1,1,1,1,1,1,
28,CH_107,CH,107,7,op,9,8,1-Jun,2,5,10,0,0,0,,,1,1,,,1-Jun,6,35,210,3,0,2,,,1,1,1-Jun,1,22,22,0,0,0,,,1,1,5,27,135,0,,,Y,2,26,6,,,1,52,0,,,,,new lvs,1,0,5,5,,,,,1,25,8,46,,,,,hlc,1,368,6,53,,,quad7-10 mid block,,hc,1,318,,,,,quad7-10 mid block; dead24,,0,,quad7-10 closest to road; dead24,0,,,,,,,0,1,1,1,1,1,1,1,1,0
29,CH_106,CH,106,7,rh,30,31,1-Jun,5,80,400,1,0,0,,,1,1,,,1-Jun,,,,,,,,,1,1,1-Jun,2,60,120,2,0,0,,,1,1,5,64,320,0,,,Y,0,,4,,new lvs,1,0,3,38,8,9,,,1,114,3,6,6,8,,,1,18,3,15,8,8,,,hlc,1,45,4,15,,,,,hc,1,60,1,19,,,,,1,19,,0,,,,,1,0,0,1,1,1,1,1,1,1,1,1
30,CH_116,CH,116,7,wh,45,8,1-Jun,8,30,240,1,0,0,,,1,1,,,1-Jun,5,12,60,3,4,1,,,1,1,1-Jun,6,20,120,1,0,5,,,1,1,7,63,441,0,,qs25-50,Y,0,,4,,new lvs,1,0,8,105,,,,,1,840,2,56,4,5,,,1,112,1,24,9,9,,,hlc,1,24,3,20,0,6,,inf imm,hc,1,60,2,34,,,,inf herb,1,68,,7,24,,,,1,1,168,1,1,1,1,1,1,1,1,1
31,CH_215,CH,215,12,rd,37,20,1-Jun,5,36,180,0,0,0,,,1,1,,,1-Jun,5,19,95,2,4,0,,,1,1,1-Jun,9,16,144,1,0,2,,,1,1,6,20,120,8,,,Y,6,15,5,,,1,90,4,25,,,,,1,100,6,63,,,,,1,378,5,18,,,,,hlc,1,90,5,31,,,,,hc,1,155,3,25,,,,,1,75,,0,,,,new lvs,1,1,0,1,1,1,1,1,1,1,1,1
32,CM_508,CM,508,6,yd,7,36,,,,,,,,,,,,,,,8,9,72,0,0,1,,new16,1,1,2-Jun,9,12,108,4,0,0,,,1,1,7,12,84,0,,,Y,8,14,,,,1,112,7,14,,,,,1,98,2,15,,,,,1,30,6,8,,,,,wfm,1,48,6,12,,,,,aml,1,72,4,16,,,,,1,64,,0,,,,new lvs,1,1,0,,1,1,1,1,1,1,1,1
33,CM_253,CM,253,6,bp,41,6,2-Jun,5,7,35,1,0,1,,,1,1,,,23-Jun,5,12,60,1,0,0,,,1,1,2-Jun,9,20,180,2,0,0,,,1,1,5,18,90,0,,,Y,6,26,,,,1,156,8,24,,,,,1,192,0,,,,,new lvs,1,0,,,,,dead22,,wfm,0,0,,,,,dead22,,aml,,0,,,,,dead22,,,,,,,,,,,,,1,1,1,1,1,1,0,,
34,CM_292,CM,292,7,op,15,43,2-Jun,7,16,112,2,0,2,,,1,1,,,23-Jun,5,40,200,1,0,1,,,1,1,2-Jun,6,13,78,1,0,1,,,1,1,6,21,126,0,,,Y,3,21,,,,1,63,5,54,,,,,1,270,4,11,,,,,1,44,4,46,,,,,wfm,1,184,5,20,,,,,gage,1,100,,,,4,,no lvs; tp was op,1,,,0,,,,"new lvs, tp was bd",1,1,0,1,1,1,1,1,1,1,1,1
35,CM_315,CM,315,7,rh,24,49,2-Jun,8,12,96,1,0,2,,,1,1,,,23-Jun,7,18,126,1,0,0,,,1,1,2-Jun,6,21,126,1,0,0,,,1,1,7,28,196,0,,,Y,5,21,,,,1,105,5,31,,,,,1,155,3,25,,,,herb,1,75,7,24,,,,,wfm,1,168,5,30,,,,,gage,1,150,,,,,,new lvs,1,,,2,29,,,1 imm if,1,1,58,1,1,1,1,1,1,1,1,1
36,CM_305,CM,305,7,bd,43,36,2-Jun,5,3,15,0,0,0,,,1,1,,,23-Jun,5,11,55,0,0,0,,,1,1,2-Jun,8,9,72,0,0,4,,,1,1,7,21,147,0,,,Y,6,16,,,,1,96,8,28,,,,,1,224,6,19,,,,,1,114,7,18,,,,,wfm,1,126,0,,,,,sen,gage,1,0,,,,,dead24,PresAlive24,1,,,0,,,,new lvs,1,1,0,1,1,1,1,1,1,1,1,1
37,CM_317,CM,317,7,bd,50,5,2-Jun,8,10,80,4,0,1,,,1,1,,,23-Jun,7,14,98,1,0,0,,,1,1,2-Jun,10,14,140,0,0,1,,,1,1,6,44,264,0,,qs25-50,Y,7,21,,,,1,147,6,58,,,,qns25-50,1,348,2,33,,,,herb; qns 25-50,1,66,5,61,,,,qns25-50,wfm,1,305,,,,,mpd23,PresAlive23,gage,1,0,4,16,,,,new lvs; qns25-50,1,64,,6,31,,,"tp was bp, oldy=8",1,1,186,1,1,1,1,1,1,1,1,1
38,GSP-BI_3,GSP-BI,3,east,bp,5,11,,,,,,,,,,,,,,,,,,,,,,,,,,,,,,,,,,,,4,4,16,0,,,Y,4,7,,,,1,28,,,,,dead20,PresAlive20,1,0,2,12,,,,,1,24,3,22,,,,,wfm,1,66,0,,,,,new lvs,gage,1,0,,,,,dead24,,0,,dead24,0,,,,m25,,,0,,,,1,1,1,1,1,0
39,GSP-BI_5,GSP-BI,5,east,yp,5,25,,,,,,,,,,,,,,,,,,,,,,,,,,,,,,,,,,,,"4, 10","16, 11",174,0,2ros,,Y,"1, 2","9, 9",,2ros,,1,54,5,31,,,,,1,155,6,17,,,,,1,102,5,14,,,,,wfm,1,70,0,,,,,new lvs,gage,1,0,4,33,,,,,1,132,,0,,,,m25,1,0,0,,,,1,1,1,1,1,1
40,GSP-BI_16,GSP-BI,16,east,rd,20,38,,,,,,,,,,,,,,,,,,,,,,,,,,,,,,,,,,,,5,17,85,0,,,Y,1,14,,,,1,14,1,35,,,,,1,35,34,2,,,,,1,68,,,,,dead22,PresAlive22,wfm,1,0,0,,,,,new lvs,gage,1,0,1,12,10,3,,sen; tp was rh,1,12,,3,12,,,,1,1,36,,,,1,1,1,1,1,1
41,GSP-BI_19,GSP-BI,19,east,yp,25,13,,,,,,,,,,,,,,,,,,,,,,,,,,,,,,,,,,,,7,8,56,0,,,Y,1,5,,,,1,5,2,19,,,,,1,38,5,12,,,,,1,60,3,11,,,,,wfm,1,33,0,,,,,new lvs,gage,1,0,3,19,,,,,1,57,,0,,,,m25,1,0,0,,,,1,1,1,1,1,1
42,GSP-BI_25,GSP-BI,25,east,wp,29,42,,,,,,,,,,,,,,,,,,,,,,,,,,,,,,,,,,,,4,15,60,0,,,Y,,,,dead19,PresAlive19,1,0,1,8,,,,,1,8,1,12,,,,,1,12,5,16,,,,,wfm,1,80,0,,,,,new lvs,gage,1,0,,,2,1,,sen,1,,,5,25,,,,1,1,125,,,,1,1,1,1,1,1
43,GSP-BI_28,GSP-BI,28,east,gh,32,45,,,,,,,,,,,,,,,,,,,,,,,,,,,,,,,,,,,,6,18,108,0,,,Y,,,,dead19,PresAlive19,1,0,1,18,,,,,1,18,"6, 5","44, 45",,,2ros,,1,979,2,11,,,,other lvs sen,wfm,1,22,0,,,,,new lvs,gage,1,0,,,5,,,sen,1,,,6,39,,,,1,1,234,,,,1,1,1,1,1,1
44,GSP-BI_29,GSP-BI,29,east,oh,37,33,,,,,,,,,,,,,,,,,,,,,,,,,,,,,,,,,,,,5,8,40,0,,,Y,,,,dead19,PresAlive19,1,0,6,21,,,,,1,126,3,8,,,,,1,24,4,29,,,,,wfm,1,116,0,,,,,new lvs,gage,1,0,2,23,5,1,,,1,46,,6,28,,,,1,1,168,,,,1,1,1,1,1,1
45,GSP-BI_30,GSP-BI,30,east,rh,45,37,,,,,,,,,,,,,,,,,,,,,,,,,,,,,,,,,,,,"10, 5","14, 8",180,0,2ros,,Y,"2, 3","36, 6",,2ros,,1,210,"3, 1","32, 24",,,2ros,,1,224,"3, 1","28, 28",,,2ros,,1,224,"2, 4","15, 58",,,2ros,inf herb,wfm,1,438,0,,,,2ros,new lvs,gage,1,0,"3, 3","23, 13",10,3,2ros,,1,138,2ros,"6,3","27,49",,,,1,1,441,,,,1,1,1,1,1,1
46,GSP-BI_31,GSP-BI,31,east,gp,46,27,,,,,,,,,,,,,,,,,,,,,,,,,,,,,,,,,,,,3,13,39,0,,,Y,2,15,,,,1,30,5,16,,,,,1,80,3,10,,,,,1,30,5,18,,,,,wfm,1,90,0,,,,,new lvs,gage,1,0,,,,,dead23?,,,,dead23?,0,,,,m25,,,0,,,,1,1,1,1,1,
47,GSP-BI_33,GSP-BI,33,east,op,49,31,,,,,,,,,,,,,,,,,,,,,,,,,,,,,,,,,,,,4,15,60,0,,,Y,,,,dead19,PresAlive19,1,0,3,26,,,,qns25-50,1,78,3,25,,,,,1,75,4,23,,,,qns25-50,wfm,1,92,0,,,,,new lvs; qs/qns?,gage,1,0,8,13,,,,,1,104,,0,,,,,1,0,0,,,,1,1,1,1,1,1
48,GSP-BI_35,GSP-BI,35,east,rh,50,50,,,,,,,,,,,,,,,,,,,,,,,,,,,,,,,,,,,,7,16,112,0,,qns25-50,Y,,,,dead19,qns25-50; PresAlive19,1,0,3,29,,,,,1,87,5,25,,,,qns25-50,1,125,4,33,,,,other lvs sen,wfm,1,132,0,,,,,new lvs,aml,1,0,5,25,,,,"qs25-50, no new",1,125,,,,,,"not surveyed25, qs25-50, no new",1,,,,,,1,1,1,1,1,1
49,GSP-BI_37,GSP-BI,37,east,op,54,22,,,,,,,,,,,,,,,,,,,,,,,,,,,,,,,,,,,,10,12,120,0,,,Y,3,23,,,,1,69,7,31,,,,,1,217,3,13,,,,,1,39,2,7,,,,,wfm,1,14,0,,,,,new lvs,aml,1,0,9,31,,,,,1,279,,4,19,,,,1,1,76,,,,1,1,1,1,1,1
50,GSP-BI_18.40.,GSP-BI,18.40.,east,wh,75,10,,,,,,,,,,,,,,,,,,,,,,,,,,,,,,,,,,,,4,20,80,6,,,Y,1,9,,,,1,9,4,34,,,,,1,136,4,25,,,,,1,100,5,19,,,,no nail,wfm,1,95,0,,,,,new lvs,aml,1,0,1,11,,,,,1,11,,6,40,,,,1,1,240,,,,1,1,1,1,1,1
51,GSP-BI_46,GSP-BI,46,east,rh,81,11,,,,,,,,,,,,,,,,,,,,,,,,,,,,,,,,,,,,5,14,70,0,,,Y,2,21,,,,1,42,0,,,,,new lvs,1,0,,,,,dead21,,0,0,,,,,dead21,,wfm,,0,,,,,,,,,,,,,,,,,,,,,,,,,,,,,,1,1,0,,,
52,GSP-BI_47,GSP-BI,47,east,rp,81,27,,,,,,,,,,,,,,,,,,,,,,,,,,,,,,,,,,,,2,22,44,0,,,Y,4,28,,,,1,112,0,,,,,new lvs,1,0,,,,,dead21,,0,0,,,,,dead21,,wfm,,0,,,,,,,,,,,,,,,,,,,,,,,,,,,,,,1,1,0,,,
53,GSP-BI_52,GSP-BI,52,east,bh,86,33,,,,,,,,,,,,,,,,,,,,,,,,,,,,,,,,,,,,4,16,64,0,,,Y,,,,dead19,PresAlive19,1,0,1,25,,,,,1,25,6,38,,,,,1,228,1,8,6,7,,other lvs sen,wfm,1,8,0,,,,,new lvs,aml,1,0,4,11,3,3,,,1,44,,6,10,,,,1,1,60,,,,1,1,1,1,1,1
54,GSP-BI_62,GSP-BI,62,east,bh,109,47,,,,,,,,,,,,,,,,,,,,,,,,,,,,,,,,,,,,1,12,12,0,,,Y,5,35,,,,1,175,0,,,,,new lvs,1,0,3,21,,,,,1,63,,,,,dead22,PresAlive22,wfm,1,0,0,,,,,new lvs,aml,1,0,3,24,,,,,1,72,,0,,,,,1,0,0,,,,1,1,1,1,1,1
55,GSP-BI_68,GSP-BI,68,east,gp,127,46,,,,,,,,,,,,,,,,,,,,,,,,,,,,,,,,,,,,"2, 1","16, 17",49,0,2ros,,Y,6,20,,,old y = 48,1,120,8,14,,,,,1,112,4,17,,,,,1,68,4,8,,,,,wfm,1,32,0,,,,,new lvs,aml,1,0,3,16,,,,inf herb,1,48,,5,23,,,,1,1,115,,,,1,1,1,1,1,1
56,GSP-BI_74,GSP-BI,74,east,bh,147,0,,,,,,,,,,,,,,,,,,,,,,,,,,,,,,,,,,,,5,8,40,0,,,Y,2,21,,,,1,42,0,,,,,"new lvs, qns125-150",1,0,8,12,,,,qns125-150,1,96,4,19,,,,qns125-150,wfm,1,76,2,20,,,,qns125-150,aml,1,40,,,,,disc,qs125-150,,,,,,,,,,,,,,,1,1,1,1,1,
57,GSP-BI_76,GSP-BI,76,east,bp,145,42,,,,,,,,,,,,,,,,,,,,,,,,,,,,,,,,,,,,6,10,60,0,,qns125-150,Y,0,,,,new lvs; qns125-150,1,0,0,,,,,sen,1,0,7,17,,,,,1,119,3,22,,,,,wfm,1,66,0,,,,,new lvs,aml,1,0,6,14,,,,,1,84,,6,47,,,qs125-150,1,1,282,,,,1,1,1,1,1,1
58,GSP-BI_84,GSP-BI,84,east,yp,159,11,,,,,,,,,,,,,,,,,,,,,,,,,,,,,,,,,,,,4,10,40,0,,,Y,1,12,,,,1,12,0,,,,,new lvs,1,0,,,,,dead21,,0,0,,,,,dead21,,wfm,,0,,,,,,,,,,,,,,,,,,,,,,,,,,,,,,1,1,0,,,
59,GSP-BI_91,GSP-BI,91,east,bd,166,20,,,,,,,,,,,,,,,,,,,,,,,,,,,,,,,,,,,,2,6,12,0,,,Y,,,,dead19,PresAlive19,1,0,0,,,,,new lvs,1,0,4,14,,,bew umn plt dwn,,1,56,5,13,,,,,wfm,1,65,3,4,,,,,aml,1,12,7,27,,,,,1,189,,7,21,,,tp was bp,1,1,147,,,,1,1,1,1,1,1
60,GSP-BI_92,GSP-BI,92,east,rp,168,13,,,,,,,,,,,,,,,,,,,,,,,,,,,,,,,,,,,,4,16,64,0,,,Y,,,,dead19?,PresAlive19,1,0,0,,,,,new lvs,1,0,1,20,,,,,1,20,,,,,dead22,PresAlive22,wfm,1,0,3,19,,,,herb,aml,1,57,6,13,,,,,1,78,,0,,,,m25,1,0,0,,,,1,1,1,1,1,1
61,GSP-BI_94,GSP-BI,94,east,wh,170,10,,,,,,,,,,,,,,,,,,,,,,,,,,,,,,,,,,,,5,31,155,0,,1 stem eaten,Y,,,,dead19?,PresAlive19,1,0,0,,,,,new lvs,1,0,,,,,dead21,,0,0,,,,,dead21,,wfm,,0,,,,,,,,,,,,,,,,,,,,,,,,,,,,,,1,1,0,,,
62,GSP-BI_18.44.,GSP-BI,18.44.,east,yh,180,45,,,,,,,,,,,,,,,,,,,,,,,,,,,,,,,,,,,,3,67,201,0,,,Y,3,9,,,,1,27,2,32,,,,,1,64,5,38,,,,,1,190,2,34,,,,,wfm,1,68,0,,,,,new lvs,aml,1,0,2,14,3,,,,1,28,,7,49,,,,1,1,343,,,,1,1,1,1,1,1
63,GSP-BI_120,GSP-BI,120,east,oh,202,48,,,,,,,,,,,,,,,,,,,,,,,,,,,,,,,,,,,,3,21,63,0,,,Y,0,,,,new lvs,1,0,5,32,,,,,1,160,3,31,,,,,1,93,5,23,,,,,tl,1,115,,,,,mpd23,,aml,0,0,,,,,mpd23,,,,,,,,,,,,,,,,1,1,1,1,0,
64,GSP-BI_146,GSP-BI,146,east,oh,256,33,,,,,,,,,,,,,,,,,,,,,,,,,,,,,,,,,,,,4,18,72,0,,,Y,5,8,,,,1,40,5,27,,,,,1,135,2,27,,,,,1,54,4,14,,,,,tl,1,56,0,,,,,new lvs,aml,1,0,6,12,,,,,1,72,,8,18,,,,1,1,144,,,,1,1,1,1,1,1
65,GSP-BI_155,GSP-BI,155,east,gd,283,23,,,,,,,,,,,,,,,,,,,,,,,,,,,,,,,,,,,,2,18,36,0,,,Y,0,,,,sen,1,0,3,25,,,,,1,75,7,13,,,,,1,91,7,28,,,,,tl,1,196,0,,,,,new lvs,aml,1,0,,,6,,,tp was gh; sen,1,,,5,44,,,,1,1,220,,,,1,1,1,1,1,1
66,GSP-BI_158,GSP-BI,158,east,bh,290,19,,,,,,,,,,,,,,,,,,,,,,,,,,,,,,,,,,,,3,21,63,0,,,Y,1,25,,,,1,25,6,31,,,,,1,186,8,6,,,bew unm plt R,,1,48,5,24,,9,bew unm pl R,inf imm,tl,1,120,0,,,,,new lvs,aml,1,0,7,10,5,,,,1,70,,5,49,,,,1,1,245,,,,1,1,1,1,1,1
67,GSP-BI_159,GSP-BI,159,east,gp,292,13,,,,,,,,,,,,,,,,,,,,,,,,,,,,,,,,,,,,4,28,112,0,,,Y,3,18,,,,1,54,8,27,,,,,1,216,8,15,,,,,1,120,,,,,dead22,PresAlive22,tl,1,0,0,,,,,new lvs,aml,1,0,6,24,,,,,1,144,,8,18,,,,1,1,144,,,,1,1,1,1,1,1
68,GSP-BI_160,GSP-BI,160,east,rp,292,17,,,,,,,,,,,,,,,,,,,,,,,,,,,,,,,,,,,,3,15,45,0,,,Y,2,35,,,,1,70,4,24,,,bew unm plt L,,1,96,6,11,,,bew unm plt L,,1,66,4,8,,,bew unm pl L,,tl,1,32,0,,,,,new lvs,aml,1,0,6,22,,,,inf herb,1,132,,4,46,,,,1,1,184,,,,1,1,1,1,1,1
69,GSP-BI_163,GSP-BI,163,east,bp,317,8,,,,,,,,,,,,,,,,,,,,,,,,,,,,,,,,,,,,4,18,72,0,,,Y,1,15,,,,1,15,2,26,,,,,1,52,4,12,,,,,1,48,5,14,,,,,tl,1,70,0,,,,,new lvs,aml,1,0,5,58,,,,,1,290,,5,20,,,,1,1,100,,,,1,1,1,1,1,1
70,GSP-BI_164,GSP-BI,164,east,op,318,12,,,,,,,,,,,,,,,,,,,,,,,,,,,,,,,,,,,,5,18,90,8,,,Y,2,16,,,,1,32,3,17,,,,,1,51,5,23,,,,,1,115,7,22,1,6,,,tl,1,154,0,,,,,new lvs,aml,1,0,5,25,9,,,,1,125,,5,50,,,,1,1,250,,,,1,1,1,1,1,1
71,GSP-BI_171,GSP-BI,171,west,yp,4,13,,,,,,,,,,,,,,,,,,,,,,,,,,,,,,,,,,,,4,12,48,0,,,Y,2,17,,,,1,34,5,37,,,,,1,185,6,15,,,,,1,90,,,,,dead22?,PresAlive22,nzk,1,0,0,,,,,new lvs,nzk,1,0,5,15,,,,,1,75,,3,21,1,,,1,1,63,,,,1,1,1,1,1,1
72,GSP-BI_182,GSP-BI,182,west,oh,17,25,,,,,,,,,,,,,,,,,,,,,,,,,,,,,,,,,,,,5,18,90,0,,,Y,12,25,,,,1,300,4,12,,,,,1,48,6,15,,,,,1,90,2,21,,,,,nzk,1,42,0,,,,,new lvs,nzk,1,0,4,51,,,,inf broken,1,204,,6,45,,,,1,1,270,,,,1,1,1,1,1,1
73,GSP-BI_183,GSP-BI,183,west,yh.1,18,21,,,,,,,,,,,,,,,,,,,,,,,,,,,,,,,,,,,,1,10,10,0,,,Y,3,29,,,,1,87,4,23,,,,,1,92,8,14,,,,,1,112,1,9,5,7,,,nzk,1,9,0,,,,bew unm pl above,new lvs,nzk,1,0,6,31,,,!unm pl U,,1,186,!unm pl U,4,44,,,,1,1,176,,,,1,1,1,1,1,1
74,GSP-BI_185,GSP-BI,185,west,rh,24,12,,,,,,,,,,,,,,,,,,,,,,,,,,,,,,,,,,,,4,13,52,0,,,Y,8,17,,,,1,136,3,9,,,,,1,27,0,,,,,sen,1,0,,,,,dead22,PresAlive22,nzk,1,0,0,,,,,new lvs,nzk,1,0,5,22,,,,inf herb,1,110,,0,,,,,1,0,0,,,,1,1,1,1,1,1
75,GSP-BI_186,GSP-BI,186,west,wh,27,0,,,,,,,,,,,,,,,,,,,,,,,,,,,,,,,,,,,,4,50,200,0,,,Y,0,,,,sen,1,0,4,28,,,,,1,112,4,23,,,,,1,92,1,14,1,3,,,nzk,1,14,3,18,,,,,nzk,1,54,3,14,,,,inf herb,1,42,,0,,3,,new lvs,1,1,0,,,,1,1,1,1,1,1
76,GSP-BI_202,GSP-BI,202,west,bp,46,10,,,,,,,,,,,,,,,,,,,,,,,,,,,,,,,,,,,,3,20,60,5,,,Y,1,15,,,,1,15,5,20,,,,,1,100,6,20,7,9,,inf imm,1,120,0,,,,,"inf herb, new lvs",nzk,1,0,3,31,,,,,nzk,1,93,,,,,mpd24,PresAlive24,1,,,7,76,,,not mpd,1,1,532,,,,1,1,1,1,1,1
77,GSP-BI_224,GSP-BI,224,west,op,72,28,,,,,,,,,,,,,,,,,,,,,,,,,,,,,,,,,,,,3,10,30,0,,,Y,0,,,,sen,1,0,4,10,,,,new lvs,1,40,9,17,,,,,1,153,7,11,,,,,nzk,1,77,3,9,,,,,nzk,1,27,6,14,,,,,1,84,,7,20,,,,1,1,140,,,,1,1,1,1,1,1
78,GSP-BI_230,GSP-BI,230,west,yh,77,38,,,,,,,,,,,,,,,,,,,,,,,,,,,,,,,,,,,,4,22,88,0,,,Y,5,20,,,,1,100,2,15,,,,new lvs,1,30,9,21,,,,,1,189,4,18,,,bew unm pl L,,nzk,1,72,2,6,,,bew unm pl L,,nzk,1,12,3,11,6,,!unm pl L,,1,33,!unm pl L,0,,,,,1,0,0,,,,1,1,1,1,1,1
79,GSP-BI_234,GSP-BI,234,west,wp,81,35,,,,,,,,,,,,,,,,,,,,,,,,,,,,,,,,,,,,"4, 5","5, 11",75,0,2ros,,Y,"4, 5","8, 9",,2ros,,1,153,,,,,dead20,PresAlive20,1,0,,,,,dead20,PresAlive21,1,0,3,5,,,,tp found,nzk,1,15,0,,,,,new lvs,nzk,1,0,6,11,,,,,1,66,,0,,,,m25,1,0,0,,,,1,1,1,1,1,1
80,GSP-BI_246,GSP-BI,246,west,wd,94,30,,,,,,,,,,,,,,,,,,,,,,,,,,,,,,,,,,,,6,14,84,0,,was o,Y,0,,,,sen,1,0,5,10,,,,new lvs; same pl?,1,50,9,37,,,,,1,333,1,16,3,6,,,nzk,1,16,3,9,,,,,nzk,1,27,,,10,,,sen,1,,,8,26,,,,1,1,208,,,,1,1,1,1,1,1
81,GSP-BI_252,GSP-BI,252,west,op,103,35,,,,,,,,,,,,,,,,,,,,,,,,,,,,,,,,,,,,4,7,28,5,,,Y,1,28,,,,1,28,4,25,,,,,1,100,7,32,,,,,1,224,0,,,,,new lvs,nzk,1,0,0,,,,,new lvs,gage,1,0,6,12,,,,,1,72,,9,22,,,,1,1,198,,,,1,1,1,1,1,1
82,GSP-BI_253,GSP-BI,253,west,bp,104,33,,,,,,,,,,,,,,,,,,,,,,,,,,,,,,,,,,,,8,25,200,0,,,Y,2,23,,,,1,46,4,12,,,,,1,48,4,21,,,,,1,84,3,21,,,,,nzk,1,63,0,,,,,new lvs,gage,1,0,,,,,dead24,PresAlive24,1,,,10,15,,,not dead,1,1,150,,,,1,1,1,1,1,1
83,GSP-BI_259,GSP-BI,259,west,gp,121,18,,,,,,,,,,,,,,,,,,,,,,,,,,,,,,,,,,,,3,14,42,0,,,Y,2,29,,,,1,58,2,30,,,bew unm plt R,,1,60,9,11,,,bew unm plt R,,1,99,6,6,,,bew unm pl R,,nzk,1,36,0,,,,bew unm pl R,new lvs,gage,1,0,5,11,,,!unm pl R,,1,55,!unm pl R,5,33,,,,1,1,165,,,,1,1,1,1,1,1
84,GSP-BI_275,GSP-BI,275,west,op,124,37,,,,,,,,,,,,,,,,,,,,,,,,,,,,,,,,,,,,5,21,105,0,,old x=133 old y=37,Y,6,32,,,,1,192,3,17,,,,,1,51,7,23,,,,,1,161,2,17,,,,,nzk,1,34,0,,,,,new lvs,gage,1,0,9,16,,,,,1,144,,8,15,,,,1,1,120,,,,1,1,1,1,1,1
85,GSP-BI_274,GSP-BI,274,west,bh,132,15,,,,,,,,,,,,,,,,,,,,,,,,,,,,,,,,,,,,11,22,242,0,,,Y,2,41,,,,1,82,5,33,,,,,1,165,8,35,,,,,1,280,6,30,,,,,nzk,1,180,0,,,,,new lvs,gage,1,0,3,22,,,,,1,66,,8,35,,,,1,1,280,,,,1,1,1,1,1,1
86,GSP-BI_18.25.,GSP-BI,18.25.,west,gd,142,37,,,,,,,,,,,,,,,,,,,,,,,,,,,,,,,,,,,,4,19,76,0,,,Y,1,34,,,,1,34,4,26,,,,,1,104,11,7,,,,,1,77,13,17,,,,,nzk,1,221,0,,,,,new lvs,gage,1,0,8,14,,,,,1,112,,4,16,,,,1,1,64,,,,1,1,1,1,1,1
87,GSP-BI_284,GSP-BI,284,west,rp,164,18,,,,,,,,,,,,,,,,,,,,,,,,,,,,,,,,,,,,2,31,62,0,,qs 150-175,Y,1,17,,,,1,17,3,29,,,,,1,87,4,31,,,,,1,124,5,29,0,0,,,tl,1,145,0,,,,,new lvs,gage,1,0,5,66,,,,,1,330,,5,23,,,,1,1,115,,,,1,1,1,1,1,1
88,GSP-BI_291,GSP-BI,291,west,op,198,3,,,,,,,,,,,,,,,,,,,,,,,,,,,,,,,,,,,,4,16,64,0,,,Y,1,32,,,,1,32,6,28,,,,,1,168,4,20,,,,,1,80,4,61,0,0,,inf imm,tl,1,244,0,,,,,new lvs,gage,1,0,,,,,dead24,PresAlive24,1,,,4,36,,,not dead,1,1,144,,,,1,1,1,1,1,1
89,GSP-BI_292,GSP-BI,292,west,bh,199,25,,,,,,,,,,,,,,,,,,,,,,,,,,,,,,,,,,,,7,42,294,0,,,Y,3,14,,,qns175-150,1,42,6,29,,,,qns150-175,1,174,7,10,,,,qns175-200,1,70,3,14,0,0,,qns175-200,tl,1,42,0,,,,,qns175-200; new lvs,gage,1,0,,2,1,,,sen,1,,,7,15,,,qns175-150,1,1,105,,,,1,1,1,1,1,1
90,GSP-BI_18.33.,GSP-BI,18.33.,west,yd,222,35,,,,,,,,,,,,,,,,,,,,,,,,,,,,,,,,,,,,6,14,84,0,,,Y,12,13,,,,1,156,9,15,,,,,1,135,5,14,,,,,1,70,6,9,0,0,,,tl,1,54,0,,,,,new lvs,gage,1,0,5,10,,,,,1,50,,0,,,,m25,1,0,0,,,,1,1,1,1,1,1
91,GSP-LI_211,GSP-LI,211,north,od,305,28,,,,,,,,,,,,,,,,,,,,,,,,,,,,,,,,,,,,4,29,116,4,,,Y,0,,,,sen,1,0,6,23,,,,,1,138,0,,,,,new lvs,1,0,0,,,,,sen,nzk,1,0,3,22,,,,,aml,1,66,,,,,disc,,,,,,,,,,,,,,,,1,1,1,1,1,
92,GSP-LI_216,GSP-LI,216,north,bp,317,4,,,,,,,,,,,,,,,,,,,,,,,,,,,,,,,,,,,,5,19,95,7,,,Y,4,10,,,,1,40,5,23,3,8,,,1,115,3,15,,5,,inf imm,1,45,0,,,,,new lvs,nzk,1,0,7,34,,,,,aml,1,238,,,,,disc,,,,,,,,,,,,,,,,1,1,1,1,1,
93,GSP-LI_219,GSP-LI,219,north,wp,325,1,,,,,,,,,,,,,,,,,,,,,,,,,,,,,,,,,,,,3,29,87,8,,,Y,4,30,,,,1,120,5,32,5,6,,,1,160,2,19,,,,,1,38,0,,,,,new lvs,nzk,1,0,5,26,,,,,aml,1,130,,,,,disc,,,,,,,,,,,,,,,,1,1,1,1,1,
94,GSP-LI_18.27.,GSP-LI,18.27.,north,rp,339,35,,,,,,,,,,,,,,,,,,,,,,,,,,,,,,,,,,,,5,33,165,0,,,Y,4,27,,,,1,108,6,31,,,,,1,186,1,11,,,,,1,11,0,,,,,new lvs,nzk,1,0,3,16,1,1,,,aml,1,48,,,,,disc,,,,,,,,,,,,,,,,1,1,1,1,1,
95,GSP-LI_251,GSP-LI,251,north,bh,523,12,,,,,,,,,,,,,,,,,,,,,,,,,,,,,,,,,,,,6,91,546,0,,,Y,2,35,,,,1,70,4,59,,,,,1,236,,,,,dead21,PresAlive21,1,0,1,20,,,bew unm pl L,,nzk,1,20,0,,,,bew unm pl L,new lvs,gage,1,0,"5, 7","60, 27",,,!unm pl L; 2ros,,1,720,!unm pl L; 2ros,0,,,,m25,1,0,0,,,,1,1,1,1,1,1
96,GSP-LI_258,GSP-LI,258,north,gh,817,17,,,,,,,,,,,,,,,,,,,,,,,,,,,,,,,,,,,,6,42,252,0,,qs800-825 no new,Y,3,29,,,,1,87,10,70,,,,,1,700,1,8,,,,,1,8,0,,,,,new lvs,nzk,1,0,0,,,,,new lvs,gage,1,0,5,29,,,,,1,145,,3,8,,,,1,1,24,,,,1,1,1,1,1,1
97,GSP-LI_280,GSP-LI,280,north,wh,923,5,,,,,,,,,,,,,,,,,,,,,,,,,,,,,,,,,,,,6,32,192,0,,,Y,4,13,,,,1,52,8,38,,,,,1,304,0,,,,,new lvs,1,0,0,,,,,new lvs,nzk,1,0,8,20,,,,,aml,1,160,4,9,,,,,1,36,,0,,,,,1,0,0,,,,1,1,1,1,1,1
98,GSP-LI_289,GSP-LI,289,north,rh,946,24,,,,,,,,,,,,,,,,,,,,,,,,,,,,,,,,,,,,2,14,28,7,,,Y,2,16,,,,1,32,3,19,,,,,1,57,8,19,,,,,1,152,0,,,,,new lvs,nzk,1,0,6,18,,,,,aml,1,108,,,,,dead24,,0,,dead24,0,,,,,,,0,,,,1,1,1,1,1,0
99,GSP-LI_18.41.,GSP-LI,18.41.,north,yh,962,45,,,,,,,,,,,,,,,,,,,,,,,,,,,,,,,,,,,,12,45,540,8,,,Y,"3, 4","15, 23",,2ros,,1,266,"6, 4","29, 31",2,15,2ros,2infl,1,600,"1, 1","20, 19",,,2ros,,1,78,"1, 0","23, 0",,,2ros,"2nd ros, new lvs",nzk,1,23,14,39,,,,,aml,1,546,3,51,,,,,1,153,,3,13,,,,1,1,39,,,,1,1,1,1,1,1
100,GSP-LI_81,GSP-LI,81,south,gh,131,23,,,,,,,,,,,,,,,,,,,,,,,,,,,,,,,,,,,,6,43,258,0,,,Y,4,25,,,,1,100,5,15,,,,,1,75,3,22,,,,,1,66,2,42,,,,other lvs sen,wfm,1,84,4,51,,,,,nzk,1,204,,,,,dead24,PresAlive24,1,,,0,,,,"new lvs, not dead",1,1,0,,,,1,1,1,1,1,1
101,GSP-LI_134,GSP-LI,134,south,oh,331,13,,,,,,,,,,,,,,,,,,,,,,,,,,,,,,,,,,,,5,15,75,2,,,Y,5,13,,bew.unm.pls,,1,65,3,26,2,4,bew.unm.pls,,1,78,0,,0,0,bew.unm.pls,inf herb; new lvs,1,0,,,,,dead22?,PresAlive22,tl,1,0,5,40,,,,,aml,1,200,3,19,,,,,1,57,,3,18,4,1,,1,1,54,,,,1,1,1,1,1,1
102,GSP-LI_18.9.,GSP-LI,18.9.,south,yh,774,25,,,,,,,,,,,,,,,,,,,,,,,,,,,,,,,,,,,,"5, 6","25, 54",449,0,2ros,,Y,3,30,,,,1,90,8,29,,,,,1,232,0,,,,,sen,1,0,,,,,dead22,PresAlive22,tl,1,0,0,,,,,"sen, new lvs",nzk,1,0,7,33,,,,,1,231,,0,,,,,1,0,0,,,,1,1,1,1,1,1
103,GSP-LI_183,GSP-LI,183,south,gh,819,6,,,,,,,,,,,,,,,,,,,,,,,,,,,,,,,,,,,,4,20,80,0,,,Y,6,17,,,,1,102,4,20,5,7,,,1,80,0,,,,,new lvs,1,0,2,18,,,,,tl,1,36,6,13,,,,,aml,1,78,6,14,1,2,,,1,84,,4,11,,,,1,1,44,,,,1,1,1,1,1,1
104,GSP-LI_186,GSP-LI,186,south,rh,821,13,,,,,,,,,,,,,,,,,,,,,,,,,,,,,,,,,,,,5,30,150,0,,,Y,10,31,,,,1,310,5,11,5,8,,,1,55,4,9,,,,,1,36,,,,,dead22,PresAlive22,tl,1,0,10,26,,,,,aml,1,260,6,17,,,,,1,102,,0,,,,new lvs,1,1,0,,,,1,1,1,1,1,1
105,IA_2,IA,2,1,bd,14,26,26-May,5,27,135,2,0,0,,,1,1,,,26-May,5,42,210,1,0,2,,,1,1,26-May,1,15,15,0,0,0,,,1,1,2,52,104,0,,,Y,3,41,,,,1,123,4,25,,,,,1,100,,,,,dead21,PresAlive21,1,0,5,22,,,,,hlc,1,110,0,,,,,new lvs,aml,1,0,,,,,dead24,tp was bh,0,,dead24,0,,,,,,,0,1,1,1,1,1,1,1,1,0
106,IA_63,IA,63,6,rp,24,21,26-May,6,64,384,3,7,1,,,1,1,,,26-May,6,61,366,2,0,0,,,1,1,26-May,5,52,260,3,0,0,,,1,1,4,105,420,0,,,Y,0,,,disc?,new lvs,,0,,,,,,disc quad 6; 4wd damage,1,0,,,,,,,,,,,,,,,,,,,,,,,,,,,,,,,,,,,,,,,,,,,,1,1,1,,1,,,,
107,IA_152,IA,152,16,bh,33,16,26-May,8,15,120,2,0,1,,,1,1,,,26-May,9,17,153,1,0,0,,,1,1,26-May,5,22,110,0,0,3,,,1,1,5,33,165,0,,,Y,7,26,,,,1,182,8,18,,,,,1,144,3,23,,,,,1,69,3,34,,,,,hlc,1,102,0,,,,,new lvs,aml,1,0,7,35,0,0,,,1,245,,5,81,,,,1,1,405,1,1,1,1,1,1,1,1,1
108,IA_161,IA,161,17,bp,37,46,26-May,12,14,168,3,0,1,,,1,1,,,26-May,3,19,57,1,0,1,,1 trap missing,1,1,26-May,1,9,9,0,0,1,,,1,1,2,30,60,0,,,Y,5,19,,,,1,95,5,11,,,,,1,55,0,,,,,new lvs,1,0,,,,,dead22,,nzk,0,0,,,,,dead22,,nzk,,0,,,,,dead22,,,,,,,,,,,,,1,1,1,1,1,1,0,,
109,IA_196,IA,196,20,op,14,3,26-May,6,4,24,4,0,0,,,1,1,,,26-May,5,13,65,2,0,1,,,1,1,26-May,5,14,70,0,0,1,,,1,1,5,22,110,0,,,Y,4,20,,,,1,80,5,27,,,,,1,135,8,26,,,,ant in trap,1,208,6,73,,,,,nzk,1,438,0,,,,,new lvs,nzk,1,0,,,,,mpd24,,0,,mpd24,0,,,,m25,,,0,1,1,1,1,1,1,1,1,0
110,IA_197,IA,197,21,bp,0,3,26-May,5,10,50,2,0,0,,,1,1,,,26-May,7,20,140,3,5,0,,,1,1,26-May,5,20,100,0,0,2,,,1,1,5,15,75,0,quad 21 1650-1700,,Y,,,,"quad 21 1650-1700, dead19",PresAlive19,1,0,10,23,,,quad 21 1650-1700,"check 2018 measurements, could be ID384",1,230,3,49,,,quad 21 1650-1700,,1,147,1,24,,,quad 21 1650-1700,,nzk,1,24,0,,,,,new lvs,nzk,1,0,2,36,,,Tx=16.5,,1,72,Tx=16.5,4,24,,,,1,1,96,1,1,1,1,1,1,1,1,1
111,IA_212,IA,212,21,yd,21,13,26-May,7,18,126,3,0,0,,1 prey in trap,1,1,,,26-May,5,15,75,3,5,0,,,1,1,26-May,4,40,160,2,0,1,,,1,1,3,34,102,0,mossy,,Y,3,38,,mossy,,1,114,6,25,,,mossy,,1,150,1,35,,,mossy,,1,35,2,30,,,mossy,,nzk,1,60,0,,,,mossy,new lvs,nzk,1,0,,,,,mossy; dead24,PresAlive24,1,,mossy,6,14,,,,1,1,84,1,1,1,1,1,1,1,1,1
112,IA_224,IA,224,22,rp,12,19,26-May,5,33,165,1,0,1,,,1,1,,,26-May,6,24,144,1,0,0,,,1,1,26-May,5,25,125,1,0,1,,,1,1,6,20,120,0,,,Y,4,24,,,,1,96,8,24,,,,,1,192,1,18,,,,,1,18,0,,,,,sen,wfm,1,0,0,,,,,new lvs,gage,1,0,6,21,,,,,1,126,,4,15,,,,1,1,60,1,1,1,1,1,1,1,1,1
113,IA_222,IA,222,22,gh,14,3,26-May,5,59,295,2,6,0,,,1,1,,,26-May,9,15,135,5,0,1,,,1,1,26-May,6,34,204,0,0,2,,,1,1,6,30,180,0,,,Y,4,35,,,,1,140,8,23,,,,,1,184,2,46,,,,,1,92,4,41,,,,,wfm,1,164,0,,,,,new lvs,gage,1,0,0,7,,,,,1,0,,2,12,,,,1,1,24,1,1,1,1,1,1,1,1,1
114,IA_232,IA,232,23,gp,10,25,26-May,8,34,272,2,0,1,,,1,1,,,26-May,5,49,245,4,0,0,,,1,1,26-May,5,90,450,1,0,1,,,1,1,2,94,188,0,quad 23 1750-1800,,Y,3,62,,quad 23 1750-1800,,1,186,2,74,,,quad 23 1750-1800,,1,148,5,100,,,quad 23 1750-1800,,1,500,4,105,,,quad 23 1750-1800,was gh,wfm,1,420,0,,,,,new lvs,gage,1,0,3,64,,,Tx=17.5,,1,192,Tx=17.5,2,45,,,qns25-50,1,1,90,1,1,1,1,1,1,1,1,1
115,IA_234,IA,234,24,wp,2,27,26-May,8,64,512,1,12,1,,,1,1,,,26-May,5,17,85,2,10,2,,,1,1,26-May,6,52,312,0,5,2,,,1,1,3,62,186,7,,,Y,0,,8,,sen,1,0,5,62,,,,,1,310,0,,,,,sen,1,0,1,45,,,,other lvs sen,wfm,1,45,0,,,,,new lvs,gage,1,0,3,36,,,,,1,108,,3,8,,,,1,1,24,1,1,1,1,1,1,1,1,1
116,IA_239,IA,239,25,of,2,42,26-May,7,13,91,0,0,0,,,1,1,,,26-May,8,10,80,2,0,3,,,1,1,26-May,5,22,110,1,0,0,,,1,1,5,39,195,0,,,Y,5,80,,,,1,400,7,70,,,,,1,490,2,78,5,9,,fr good other lvs sen,1,156,0,,8,10,quad 25 1900-1950,sen,wfm,1,0,0,,,,,new lvs,gage,1,0,,,,,Tx=19,tp was bd,1,,Tx=19,4,73,,,,1,1,292,1,1,1,1,1,1,1,1,1
117,IA_241,IA,241,25,op,13,40,26-May,6,59,354,3,12,0,,,1,1,,,26-May,6,40,240,0,11,0,,,1,1,26-May,7,40,280,1,0,1,,,1,1,3,62,186,8,,,Y,4,73,,,,1,292,8,83,,,,,1,664,0,,2,6,,"sen, inf imm",1,0,3,36,,,,,wfm,1,108,0,,,,,new lvs,gage,1,0,8,70,,,,,1,560,,1,24,6,,,1,1,24,1,1,1,1,1,1,1,1,1
118,ME_8,ME,8,1,yd,8,12,28-May,9,97,873,1,14,2,,prey dead in fruit (pic),1,1,,,28-May,8,75,600,0,13,5,,,1,1,28-May,13,2,26,6,0,0,,,1,1,7,50,350,10,,,Y,2,65,4,,,1,130,7,50,,,,,1,350,0,,,,,new lvs,1,0,0,,,,,sen,nzk,1,0,3,67,5,10,,"frunc, inf imm",nzk,1,201,,,,,,,,,,,,,,,,,,1,1,1,1,1,1,1,1,
119,ME_332,ME,332,1,gh,8,24,,,,,,,,,,,,,,,6,11,66,2,0,0,,sdl; new16,1,1,28-May,7,2,14,4,0,0,,,1,1,7,8,56,0,,,Y,2,10,,,,1,20,5,9,,,,,1,45,0,,,,,new lvs,1,0,0,,,,,sen,nzk,1,0,,,,,dead23,,nzk,0,0,,,,,,,,,,,,,,,,,,,1,1,1,1,1,1,0,
120,ME_17,ME,17,1,rh,10,9,28-May,9,6,54,1,0,0,,,1,1,,,28-May,8,20,160,3,0,2,,,1,1,28-May,7,19,133,2,0,2,,,1,1,5,10,50,0,,,Y,,,,dead19,PresAlive19,1,0,7,19,,,,,1,133,1,6,,,,,1,6,0,,,,,new lvs,nzk,1,0,10,45,,,,,nzk,1,450,,,,,,,,,,,,,,,,,,1,1,1,1,1,1,1,1,
121,ME_322,ME,322,1,wh,11,19,,7,,,,,,,,1,1,,,28-May,8,8,64,4,0,1,,sdl,1,1,28-May,7,3,21,2,0,3,,,1,1,6,13,78,0,,,Y,6,24,,,,1,144,6,23,,,,,1,138,0,,,,,new lvs,1,0,0,,,,,new lvs,nzk,1,0,10,34,,,,,nzk,1,340,,,,,,,,,,,,,,,,,,1,1,1,1,1,1,1,1,
122,ME_12,ME,12,1,yd,26,18,28-May,14,6,84,2,0,0,,,1,1,,,28-May,7,14,98,3,0,0,,,1,1,28-May,10,9,90,2,0,2,,,1,1,5,17,85,0,,,Y,3,18,,,,1,54,8,23,,,,,1,184,0,,,,,new lvs,1,0,0,,,,,sen,nzk,1,0,8,74,,,,,nzk,1,592,,,,,,,,,,,,,,,,,,1,1,1,1,1,1,1,1,
123,ME_1,ME,1,1,op,27,29,28-May,6,29,174,3,10,1,,,1,1,,,28-May,7,19,133,2,0,2,,,1,1,28-May,3,21,63,1,0,1,,,1,1,6,25,150,0,,,Y,4,20,,,,1,80,5,33,6,7,,,1,165,0,,,,,new lvs,1,0,0,,,,,sen,nzk,1,0,,,,,dead23,,nzk,0,0,,,,,,,,,,,,,,,,,,1,1,1,1,1,1,1,0,
124,ME_2,ME,2,1,wh,31,28,28-May,2,11,22,2,12,0,,,1,1,,,28-May,5,64,320,4,0,0,,,1,1,28-May,6,6,36,1,0,0,,,1,1,6,22,132,0,,,Y,2,56,,,,1,112,5,41,4,6,,,1,205,0,,,,,new lvs,1,0,0,,,,,"inf withered, sen",nzk,1,0,3,103,,,,,nzk,1,309,,,,,,,,,,,,,,,,,,1,1,1,1,1,1,1,1,
125,ME_13,ME,13,1,gh,31,30,28-May,6,7,42,2,0,0,,,1,1,,,28-May,10,34,340,2,0,2,,,1,1,28-May,6,46,276,3,0,1,,,1,1,6,52,312,0,,,Y,4,15,,,,1,60,6,52,,,,,1,312,0,,,,,new lvs,1,0,0,,,,,sen,nzk,1,0,4,46,,,,,nzk,1,184,,,,,,,,,,,,,,,,,,1,1,1,1,1,1,1,1,
126,ME_15,ME,15,1,oh,42,35,28-May,9,8,72,3,0,2,,2 ants in 2 open traps,1,1,,,28-May,6,12,72,5,0,0,,,1,1,28-May,6,12,72,1,0,2,,,1,1,8,50,400,0,,,Y,1,13,,,,1,13,6,39,,,,,1,234,0,,,,,new lvs; qns 25-50,1,0,0,,,,,"sen, qns0-50",nzk,1,0,3,59,,,,"qs25-50, no new",nzk,1,177,,,,,,,,,,,,,,,,,,1,1,1,1,1,1,1,1,
127,ME_44,ME,44,2,oh,21,20,28-May,4,4,16,3,0,0,,,1,1,,,28-May,6,4,24,4,0,0,,,1,1,28-May,8,5,40,5,0,0,,,1,1,8,12,96,0,,,Y,0,,,,sen,1,0,5,25,,,,,1,125,1,12,,,,,1,12,0,,,,,new lvs,nzk,1,0,5,44,,,,,nzk,1,220,,,,,,,,,,,,,,,,,,1,1,1,1,1,1,1,1,
128,ME_35,ME,35,2,oh,36,1,28-May,10,11,110,1,0,0,,,1,1,,,28-May,5,21,105,3,0,1,,,1,1,28-May,5,9,45,4,0,0,,,1,1,6,25,150,0,,,Y,0,,,,sen,1,0,7,16,,,,,1,112,1,16,,,,,1,16,0,,,,,new lvs,nzk,1,0,9,36,,,,,nzk,1,324,,,,,,,,,,,,,,,,,,1,1,1,1,1,1,1,1,
129,ME_29,ME,29,2,bh,47,12,28-May,6,3,18,0,0,0,,,1,1,,,28-May,5,6,30,1,0,2,,,1,1,28-May,7,3,21,6,0,1,,,1,1,8,9,72,0,,qs25-50,Y,0,,,,sen,1,0,6,23,,,,,1,138,1,15,,,,,1,15,0,,,,,new lvs,nzk,1,0,0,,5,5,,sen,nzk,1,0,,,,,,,,,,,,,,,,,,1,1,1,1,1,1,1,1,
130,ME_81,ME,81,3,gh,37,0,28-May,5,62,310,0,0,1,,,1,1,,,28-May,7,48,336,2,0,4,,,1,1,28-May,6,38,228,3,0,1,,,1,1,8,62,496,0,,,Y,0,,,,sen,1,0,8,46,,,,,1,368,0,,,,,new lvs,1,0,0,,,,,sen,hlc,1,0,11,44,,,,,nzk,1,484,,,,,,,,,,,,,,,,,,1,1,1,1,1,1,1,1,
131,ME_55,ME,55,3,rh,40,8,28-May,4,61,244,3,0,1,,,1,1,,,28-May,6,17,102,2,0,1,,,1,1,28-May,5,23,115,0,0,0,,,1,1,5,38,190,0,,,Y,0,,,,new lvs,1,0,5,35,,,,,1,175,0,,,,,sen,1,0,,,,,dead22,PresAlive22,hlc,1,0,4,35,,,,,nzk,1,140,,,,,,,,,,,,,,,,,,1,1,1,1,1,1,1,1,
132,ME_75,ME,75,3,oh,42,9,28-May,4,5,20,4,0,0,,,1,1,,,28-May,8,10,80,2,0,4,,,1,1,28-May,6,6,36,5,0,1,,,1,1,7,13,91,0,,,Y,4,11,,,,1,44,5,13,,,,,1,65,0,,,,,new lvs,1,0,,,,,dead22,PresAlive22,hlc,1,0,3,10,,,,,nzk,1,30,,,,,,,,,,,,,,,,,,1,1,1,1,1,1,1,1,
133,ME_54,ME,54,3,yh,46,3,28-May,6,26,156,2,5,1,,,1,1,,,28-May,6,6,36,0,4,1,,,1,1,28-May,6,18,108,0,0,0,,,1,1,7,46,322,0,,,Y,1,10,,,,1,10,5,19,,,,,1,95,0,,,,,new lvs,1,0,,,,,mpd22,PresAlive22,hlc,1,0,"6, 7","26, 32",,,2ros,"qs25-50, no new",nzk,1,754,,,,,,,,,,,,,,,,,,1,1,1,1,1,1,1,1,
134,ME_151,ME,151,5,wh,7,50,28-May,7,11,77,1,0,0,,1 ant in trap,1,1,,,28-May,8,29,232,3,0,2,,,1,1,28-May,6,11,66,1,0,1,,dead ant in trap,1,1,5,23,115,0,,,Y,0,,,,new lvs,1,0,6,45,,,,,1,270,2,10,,,,inf aborted,1,20,0,,,,,sen,hlc,1,0,4,77,,,,,gage,1,308,,,,,,,,,,,,,,,,,,1,1,1,1,1,1,1,1,
135,ME_154,ME,154,5,yp,30,31,28-May,6,6,36,1,0,1,,,1,1,,,28-May,5,8,40,0,0,1,,,1,1,28-May,6,4,24,0,0,1,,,1,1,5,14,70,0,,,Y,0,,,,new lvs,1,0,,,,,dead20,,0,0,,,,,dead20,,,0,,,,,,,,,,,,,,,,,,,,,,,,,,,,,,,,,,,,1,1,1,1,0,,,,
136,ME_148,ME,148,5,bp,32,41,28-May,8,6,48,3,0,0,,,1,1,,,28-May,10,27,270,2,0,1,,,1,1,28-May,8,19,152,3,0,0,,,1,1,6,28,168,0,,,Y,0,,,,new lvs,1,0,,,,,dead20,,0,0,,,,,dead20,,,0,,,,,,,,,,,,,,,,,,,,,,,,,,,,,,,,,,,,1,1,1,1,0,,,,
137,ME_143,ME,143,5,gh,34,47,28-May,3,4,12,0,0,0,,,1,1,,,28-May,7,4,28,5,0,0,,,1,1,28-May,12,47,564,3,0,2,,,1,1,12,70,840,0,,,Y,0,,1,,new lvs,1,0,6,38,,,,,1,228,4,21,,,,,1,84,0,,,,,sen,hlc,1,0,10,90,,,,,gage,1,900,,,,,,,,,,,,,,,,,,1,1,1,1,1,1,1,1,
138,ME_187,ME,187,7,gh,11,28,28-May,8,5,40,3,0,0,,,1,1,,,28-May,7,11,77,1,0,3,,,1,1,,,,,,,,,no plant,1,1,6,20,120,0,,,Y,0,,,,new lvs,1,0,,,,,dead20,,0,0,,,,,dead20,,,0,,,,,,,,,,,,,,,,,,,,,,,,,,,,,,,,,,,,1,1,1,1,0,,,,
139,ME_185,ME,185,7,rh,25,9,28-May,11,14,154,0,0,0,,,1,1,,,28-May,5,36,180,1,0,0,,dead ant in trap,1,1,28-May,8,18,144,2,0,3,,,1,1,5,31,155,0,,,Y,0,,,,new lvs,1,0,7,34,,,,oldy=4,1,238,0,,,,,sen,1,0,0,,,,,sen,hlc,1,0,0,,,,,sen,gage,1,0,,,,,,,,,,,,,,,,,,1,1,1,1,1,1,1,1,
140,ME_380,ME,380,7,gh,32,13,,,,,,,,,,,,,,,,,,,,,,,,,28-May,5,2,10,3,0,0,,new17,1,1,6,9,54,0,,,Y,0,,,,new lvs,1,0,,,,,dead20,oldx=30,0,0,,,,,mpd21,,,0,,,,,dead21,,hlc,,0,,,,,,,,,,,,,,,,,,,,,,,,,,,,,1,1,0,,,,
141,ME_386,ME,386,7,bh,49,10,,,,,,,,,,,,,,,,,,,,,,,,,28-May,5,5,25,2,0,0,,new17,1,1,6,7,42,0,,,Y,0,,,,new lvs,1,0,,,,,dead19,,,0,,,,,,,,,,,,,,,,,,,,,,,,,,,,,,,,,,,,,,,,,,,,,,1,1,,,,,
142,ME_215,ME,215,8,rh,15,28,28-May,8,28,224,1,0,0,,,1,1,,,28-May,3,25,75,0,0,2,,,1,1,28-May,6,45,270,2,0,2,,,1,1,4,86,344,6,,,Y,3,89,2,,,1,267,6,75,,,,,1,450,0,,,,,new lvs,1,0,0,,,,,sen,wfm,1,0,4,58,,,,,nzk,1,232,,,,,,,,,,,,,,,,,,1,1,1,1,1,1,1,1,
143,ME_213,ME,213,8,rd,21,39,28-May,8,38,304,2,0,0,,,1,1,,,28-May,2,36,72,1,0,1,,,1,1,28-May,9,40,360,2,0,0,,,1,1,5,60,300,0,,,Y,2,73,,,,1,146,6,56,,,,,1,336,0,,,,,new lvs,1,0,0,,,,,sen,wfm,1,0,3,39,,,,,nzk,1,117,,,,,,,,,,,,,,,,,,1,1,1,1,1,1,1,1,
144,ME_216,ME,216,8,wh,23,37,28-May,7,17,119,2,0,0,,,1,1,,,28-May,5,83,415,2,0,2,,,1,1,28-May,11,72,792,4,0,1,,,1,1,5,82,410,11,,,Y,8,92,,,,1,736,"5, 4","65, 54",,,2ros,2nd ros nincl 19?,1,1071,0,,,,,new lvs,1,0,0,,,,,sen,wfm,1,0,5,24,,,,,nzk,1,120,,,,,,,,,,,,,,,,,,1,1,1,1,1,1,1,1,
145,CH_19.26.,CH,19.26.,3,gd,35,9,,,,,,,,,,,,,,,,,,,,,,,,,,,,,,,,,,,,,,,,,,,5,16,,,missed,1,80,8,29,,,,,1,232,4,18,,,,,1,72,7,27,,,,,wfm,1,189,6,21,,,,,aml,1,126,4,29,,,,,1,116,,0,,,,new lvs,1,1,0,,,,1,1,1,1,1,1
146,GSP-BI_19.4.,GSP-BI,19.4.,E,bh,100,25,,,,,,,,,,,,,,,,,,,,,,,,,,,,,,,,,,,,,,,,,,,2,39,,,missed,1,78,2,21,,,,,1,42,10,15,,,,qns75-100,1,150,6,42,,,,,wfm,1,252,0,,,,,new lvs,aml,1,0,3,31,2,4,,"qs75-100, no new",1,93,,4,25,,,,1,1,100,,,,1,1,1,1,1,1
147,GSP-BI_19.5.,GSP-BI,19.5.,E,wh,99,27,,,,,,,,,,,,,,,,,,,,,,,,,,,,,,,,,,,,,,,,,,,2,14,,,missed,1,28,7,20,,,,qns75-100,1,140,5,5,,,,,1,25,8,11,,,,qs75-100,wfm,1,88,0,,,,,qns75-100; new lvs,aml,1,0,10,14,,,,,1,140,,0,,,,m25,1,0,0,,,,1,1,1,1,1,1
148,GSP-BI_19.7.,GSP-BI,19.7.,E,bd,430,50,,,,,,,,,,,,,,,,,,,,,,,,,,,,,,,,,,,,,,,,,,,2,34,,,missed,1,68,5,41,,,,,1,205,6,29,,,,,1,174,3,5,,,,inf aborted,tl,1,15,0,,,,,new lvs,aml,1,0,7,20,,,,,1,140,,0,,,,m25,1,0,0,,,,1,1,1,1,1,1
149,GSP-LI_19.29.,GSP-LI,19.29.,N,wh,505,41,,,,,,,,,,,,,,,,,,,,,,,,,,,,,,,,,,,,,,,,,,,5,15,,new,,1,75,7,10,,,,,1,70,7,10,,,,,1,70,2,10,,,,,nzk,1,20,0,,,,,new lvs,gage,1,0,3,10,,,,,1,30,,5,30,,,,1,1,150,,,,1,1,1,1,1,1
150,GSP-BI_20.1.,GSP-BI,20.1.,E,yd,0,7,,,,,,,,,,,,,,,,,,,,,,,,,,,,,,,,,,,,,,,,,,,,,,,,,,0,,,,,new lvs,1,0,5,21,,,,,1,105,2,10,,,,,wfm,1,20,,,,,dead23; bew unm pl L,PresAlive23; PresAlive23,gage,1,0,,,,,dead23 !unm pl L,PresAlive24; PresAlive24,1,,,8,31,,,"on map, not datasheet",1,1,248,,,,,1,1,1,1,1
151,GSP-BI_20.6.,GSP-BI,20.6.,E,rp,144,44,,,,,,,,,,,,,,,,,,,,,,,,,,,,,,,,,,,,,,,,,,,,,,,,,,2,31,,,,missed,1,62,7,8,,,,,1,56,,,,,dead22,PresAlive22,wfm,1,0,0,,,,,new lvs,aml,1,0,8,15,,,,,1,120,,0,,,,m25,1,0,0,,,,,1,1,1,1,1
152,GSP-LI_20.4.,GSP-LI,20.4.,N,rh,305,42,,,,,,,,,,,,,,,,,,,,,,,,,,,,,,,,,,,,,,,,,,,,,,,,,,10,9,,,,missed,1,90,7,7,,,,,1,49,0,,,,,new lvs,nzk,1,0,7,12,,,,,aml,1,84,,,,,disc,,,,,,,,,,,,,,,,,1,1,1,1,
153,IA_20.4a.,IA,20.4a.,18,gp,9,38,,,,,,,,,,,,,,,,,,,,,,,,,,,,,,,,,,,,,,,,,,,,,,,,,,3,11,,,,missed,1,33,0,,,,,new lvs,1,0,7,10,,,,,nzk,1,70,3,10,,,,,nzk,1,30,7,22,,,,ngr,1,154,,4,38,,,,1,1,152,,,,,1,1,1,1,1
154,IA_20.9.,IA,20.9.,19,od,34,36,,,,,,,,,,,,,,,,,,,,,,,,,,,,,,,,,,,,,,,,,,,,,,,,,,7,13,,,,missed,1,91,6,19,,,,,1,114,2,7,,,,,nzk,1,14,0,,,,,new lvs,nzk,1,0,,,,,dead24,,0,,dead24,0,,,,,,,0,,,,,1,1,1,1,0
155,ME_20.1.,ME,20.1.,1,op,0,31,,,,,,,,,,,,,,,,,,,,,,,,,,,,,,,,,,,,,,,,,,,,,,,,,,3,40,,,,missed,1,120,0,,,,ME in genl qs y=0-25,new lvs,1,0,0,,,,ME in genl qs y=0-25,sen,nzk,1,0,7,59,,,,,nzk,1,413,,,,,,,,,,,,,,,,,,,,,,1,1,1,1,
156,ME_20.3.,ME,20.3.,1,bp,31,7,,,,,,,,,,,,,,,,,,,,,,,,,,,,,,,,,,,,,,,,,,,,,,,,,,8,14,,,,new,1,112,0,,,,,new lvs,1,0,3,23,,,,,nzk,1,69,7,43,,,,,nzk,1,301,,,,,,,,,,,,,,,,,,,,,,1,1,1,1,
157,ME_20.6.,ME,20.6.,3,od,32,20,,,,,,,,,,,,,,,,,,,,,,,,,,,,,,,,,,,,,,,,,,,,,,,,,,7,18,,,,missed,1,126,0,,,,,new lvs,1,0,1,13,,,,,hlc,1,13,7,33,,,,,nzk,1,231,,,,,,,,,,,,,,,,,,,,,,1,1,1,1,
158,GSP-BI_10.1,GSP-BI,10.1,E,gd,13,35,,,,,,,,,,,,,,,,,,,,,,,,,,,,,,,,,,,,,,,,,,,,,,,,,,,,,,,,,,6,15,,,,missed,1,90,3,9,,,,,wfm,1,27,0,,,,,new lvs,gage,1,0,,,9,1,,sen,1,,,7,27,,,,1,1,189,,,,,,1,1,1,1
159,GSP-BI_21.18.,GSP-BI,21.18.,W,bp,195,10,,,,,,,,,,,,,,,,,,,,,,,,,,,,,,,,,,,,,,,,,,,,,,,,,,,,,,,,,,10,14,,,,miss,1,140,0,,,,,new lvs,tl,1,0,2,9,,,,,gage,1,18,,,,,dead24,,0,,dead24,0,,,,,,,0,,,,,,1,1,1,0
160,GSP-BI_21.21.,GSP-BI,21.21.,W,rh,222,43,,,,,,,,,,,,,,,,,,,,,,,,,,,,,,,,,,,,,,,,,,,,,,,,,,,,,,,,,,6,32,,,,miss,1,192,1,15,0,0,,,tl,1,15,0,,,,,new lvs,gage,1,0,3,17,,,,inf herb,1,51,,7,17,,,,1,1,119,,,,,,1,1,1,1
161,GSP-LI_21.7.,GSP-LI,21.7.,N,rh,475,32,,,,,,,,,,,,,,,,,,,,,,,,,,,,,,,,,,,,,,,,,,,,,,,,,,,,,,,,,,8,5,,,,new,1,40,4,6,,,,,nzk,1,24,0,,,,,new lvs,gage,1,0,,,,,dead24,,0,,dead24,0,,,,,,,0,,,,,,1,1,1,0
162,B2_22.1.,B2,22.1.,1,rh,33,16,,,,,,,,,,,,,,,,,,,,,,,,,,,,,,,,,,,,,,,,,,,,,,,,,,,,,,,,,,,,,,,,,,0,,,,,"new, new lvs or notdone22",as,1,0,,,,,mpd23,qns25-50,gage,0,0,,,,,dead24,,,,dead24,,,,,m25,,,,,,,,,,1,0,
163,CM_22.5.,CM,22.5.,7,bd,8,40,,,,,,,,,,,,,,,,,,,,,,,,,,,,,,,,,,,,,,,,,,,,,,,,,,,,,,,,,,,,,,,,,,6,8,,,,missed,wfm,1,48,6,10,,,,,gage,1,60,1,11,,,,new lvs,1,11,,4,9,,,"oldx=10, oldy=43, Under Pinguicula",1,1,36,,,,,,,1,1,1
164,GSP-BI_22.1.,GSP-BI,22.1.,E,rd,80,35,,,,,,,,,,,,,,,,,,,,,,,,,,,,,,,,,,,,,,,,,,,,,,,,,,,,,,,,,,,,,,,,,,1,12,3,4,,missed; other lvs sen; inf imm,wfm,1,12,0,,,,,new lvs,aml,1,0,4,30,10,4,,,1,120,,3,72,,,,1,1,216,,,,,,,1,1,1
165,GSP-BI_22.3.,GSP-BI,22.3.,E,rd,102,17,,,,,,,,,,,,,,,,,,,,,,,,,,,,,,,,,,,,,,,,,,,,,,,,,,,,,,,,,,,,,,,,,,3,43,,,,missed,wfm,1,129,0,,,,,new lvs,aml,1,0,5,18,2,2,,,1,90,,4,40,,,,1,1,160,,,,,,,1,1,1
166,GSP-BI_23.2.,GSP-BI,23.2.,W,yh.2,17,21,,,,,,,,,,,,,,,,,,,,,,,,,,,,,,,,,,,,,,,,,,,,,,,,,,,,,,,,,,,,,,,,,,,,,,,,,,,0,,,,,"new lvs, missed",nzk,1,0,3,11,11,,,,1,33,,5,59,3,,,1,1,295,,,,,,,,1,1
167,GSP-BI_23.11.,GSP-BI,23.11.,W,gd,72,38,,,,,,,,,,,,,,,,,,,,,,,,,,,,,,,,,,,,,,,,,,,,,,,,,,,,,,,,,,,,,,,,,,,,,,,,,,,0,,,,,"new, new lvs",nzk,1,0,9,22,8,,,,1,198,,7,39,,,,1,1,273,,,,,,,,1,1
168,GSP-BI_23.12.,GSP-BI,23.12.,W,wp,123,50,,,,,,,,,,,,,,,,,,,,,,,,,,,,,,,,,,,,,,,,,,,,,,,,,,,,,,,,,,,,,,,,,,,,,,,,,,,0,,,,,new lvs,gage,1,0,8,25,,,,,1,200,,10,28,,,,1,1,280,,,,,,,,1,1
169,B1_24.4.,B1,24.4.,4,rd,18,28,,,,,,,,,,,,,,,,,,,,,,,,,,,,,,,,,,,,,,,,,,,,,,,,,,,,,,,,,,,,,,,,,,,,,,,,,,,,,,,,,,,,4,18,,,,missed,1,72,,0,,,,new lvs,1,1,0,,,,,,,,,1
170,B1_24.11.,B1,24.11.,6,yd,41,17,,,,,,,,,,,,,,,,,,,,,,,,,,,,,,,,,,,,,,,,,,,,,,,,,,,,,,,,,,,,,,,,,,,,,,,,,,,,,,,,,,,,4,21,,,,missed,1,84,,0,,,,new lvs,1,1,0,,,,,,,,,1
