,"(deg C) Mean Temperature (gridMET) at -79.2103E,35.1464N, 2015-01-01 to 2025-01-01"
"2015-01-01",4.2964
"2015-01-02",8.7213
"2015-01-03",13.241
"2015-01-04",13.4112
"2015-01-05",5.1814
"2015-01-06",5.7811
"2015-01-07",-2.929
"2015-01-08",-6.8484
"2015-01-09",1.8412
"2015-01-10",-1.4339
"2015-01-11",0.8762
"2015-01-12",7.4559
"2015-01-13",2.4616
"2015-01-14",0.1063
"2015-01-15",1.8163
"2015-01-16",5.2606
"2015-01-17",5.5861
"2015-01-18",7.5859
"2015-01-19",8.3911
"2015-01-20",10.7861
"2015-01-21",7.6107
"2015-01-22",7.236
"2015-01-23",4.3761
"2015-01-24",3.9415
"2015-01-25",5.9008
"2015-01-26",5.8312
"2015-01-27",1.9267
"2015-01-28",1.2812
"2015-01-29",2.2466
"2015-01-30",2.4706
"2015-01-31",3.1496
"2015-02-01",9.0245
"2015-02-02",5.729
"2015-02-03",1.5639
"2015-02-04",5.0945
"2015-02-05",2.2396
"2015-02-06",-0.4901
"2015-02-07",6.8946
"2015-02-08",14.1098
"2015-02-09",11.7043
"2015-02-10",3.4695
"2015-02-11",5.324
"2015-02-12",5.3241
"2015-02-13",-1.6105
"2015-02-14",2.5144
"2015-02-15",-3.7302
"2015-02-16",-2.6207
"2015-02-17",-1.7955
"2015-02-18",-1.9205
"2015-02-19",-8.1608
"2015-02-20",-6.8256
"2015-02-21",3.29
"2015-02-22",10.6791
"2015-02-23",1.9244
"2015-02-24",-3.0358
"2015-02-25",1.7344
"2015-02-26",-0.0153
"2015-02-27",3.6148
"2015-02-28",2.1162
"2015-03-01",2.0859
"2015-03-02",11.2564
"2015-03-03",4.3413
"2015-03-04",16.5359
"2015-03-05",10.3058
"2015-03-06",-0.1438
"2015-03-07",5.7808
"2015-03-08",12.7462
"2015-03-09",14.0064
"2015-03-10",18.4811
"2015-03-11",19.9263
"2015-03-12",13.4159
"2015-03-13",10.9713
"2015-03-14",14.191
"2015-03-15",14.1265
"2015-03-16",16.5115
"2015-03-17",18.391
"2015-03-18",11.8865
"2015-03-19",8.0713
"2015-03-20",9.9116
"2015-03-21",13.1363
"2015-03-22",14.5658
"2015-03-23",9.5409
"2015-03-24",13.2214
"2015-03-25",15.6865
"2015-03-26",19.7359
"2015-03-27",9.0867
"2015-03-28",2.8959
"2015-03-29",5.3411
"2015-03-30",10.8616
"2015-03-31",15.3877
"2015-04-01",12.233
"2015-04-02",15.7626
"2015-04-03",22.6225
"2015-04-04",10.9973
"2015-04-05",13.6924
"2015-04-06",18.8677
"2015-04-07",19.6076
"2015-04-08",23.123
"2015-04-09",23.7176
"2015-04-10",23.7328
"2015-04-11",17.3878
"2015-04-12",17.1774
"2015-04-13",19.7923
"2015-04-14",20.3724
"2015-04-15",12.8277
"2015-04-16",13.8926
"2015-04-17",20.0675
"2015-04-18",21.8026
"2015-04-19",19.9576
"2015-04-20",20.0876
"2015-04-21",15.2876
"2015-04-22",19.1374
"2015-04-23",13.9624
"2015-04-24",15.6475
"2015-04-25",12.9424
"2015-04-26",9.2823
"2015-04-27",13.193
"2015-04-28",14.053
"2015-04-29",14.768
"2015-04-30",16.8981
"2015-05-01",12.1284
"2015-05-02",15.7285
"2015-05-03",19.0485
"2015-05-04",19.7389
"2015-05-05",19.5832
"2015-05-06",20.6338
"2015-05-07",21.4887
"2015-05-08",22.4586
"2015-05-09",23.5833
"2015-05-10",21.8041
"2015-05-11",25.9834
"2015-05-12",25.4234
"2015-05-13",20.8688
"2015-05-14",18.6387
"2015-05-15",20.0132
"2015-05-16",22.7633
"2015-05-17",24.979
"2015-05-18",26.1784
"2015-05-19",24.4737
"2015-05-20",25.9781
"2015-05-21",21.2185
"2015-05-22",16.6439
"2015-05-23",19.6331
"2015-05-24",20.8634
"2015-05-25",23.0086
"2015-05-26",25.7332
"2015-05-27",24.8488
"2015-05-28",23.8534
"2015-05-29",24.5084
"2015-05-30",24.3486
"2015-05-31",26.1569
"2015-06-01",26.0316
"2015-06-02",23.3318
"2015-06-03",19.952
"2015-06-04",19.832
"2015-06-05",22.0318
"2015-06-06",24.9415
"2015-06-07",23.7123
"2015-06-08",25.5767
"2015-06-09",25.3421
"2015-06-10",26.0565
"2015-06-11",27.512
"2015-06-12",27.7124
"2015-06-13",28.852
"2015-06-14",29.4272
"2015-06-15",30.3015
"2015-06-16",30.9669
"2015-06-17",29.6023
"2015-06-18",29.2215
"2015-06-19",28.2917
"2015-06-20",29.5222
"2015-06-21",28.8924
"2015-06-22",30.2871
"2015-06-23",30.3615
"2015-06-24",29.6518
"2015-06-25",29.3821
"2015-06-26",28.4868
"2015-06-27",25.8166
"2015-06-28",23.6215
"2015-06-29",25.1422
"2015-06-30",27.0654
"2015-07-01",26.0399
"2015-07-02",26.335
"2015-07-03",24.1453
"2015-07-04",26.5153
"2015-07-05",27.1008
"2015-07-06",26.7299
"2015-07-07",27.9701
"2015-07-08",28.4154
"2015-07-09",30.0104
"2015-07-10",29.1256
"2015-07-11",27.1849
"2015-07-12",27.0248
"2015-07-13",26.8909
"2015-07-14",27.8205
"2015-07-15",26.8003
"2015-07-16",26.3652
"2015-07-17",27.7857
"2015-07-18",28.2102
"2015-07-19",29.025
"2015-07-20",29.5754
"2015-07-21",29.4504
"2015-07-22",28.4904
"2015-07-23",27.1003
"2015-07-24",24.4354
"2015-07-25",24.9501
"2015-07-26",26.7758
"2015-07-27",27.9098
"2015-07-28",27.9402
"2015-07-29",28.5052
"2015-07-30",29.9706
"2015-07-31",27.2528
"2015-08-01",27.248
"2015-08-02",28.1086
"2015-08-03",28.4683
"2015-08-04",28.6231
"2015-08-05",29.7336
"2015-08-06",28.0632
"2015-08-07",24.3183
"2015-08-08",24.2535
"2015-08-09",25.7978
"2015-08-10",26.6582
"2015-08-11",25.0779
"2015-08-12",24.1031
"2015-08-13",24.7534
"2015-08-14",25.1379
"2015-08-15",25.9633
"2015-08-16",26.8781
"2015-08-17",28.1732
"2015-08-18",25.6533
"2015-08-19",27.5828
"2015-08-20",27.1382
"2015-08-21",25.9187
"2015-08-22",24.6132
"2015-08-23",26.5585
"2015-08-24",26.7933
"2015-08-25",26.223
"2015-08-26",24.5678
"2015-08-27",22.4786
"2015-08-28",22.3827
"2015-08-29",23.0885
"2015-08-30",23.7528
"2015-08-31",22.8684
"2015-09-01",26.2833
"2015-09-02",27.658
"2015-09-03",26.653
"2015-09-04",27.1782
"2015-09-05",25.2783
"2015-09-06",23.8535
"2015-09-07",25.1138
"2015-09-08",26.193
"2015-09-09",27.2632
"2015-09-10",26.988
"2015-09-11",24.8685
"2015-09-12",21.2536
"2015-09-13",17.3879
"2015-09-14",17.7033
"2015-09-15",19.5285
"2015-09-16",20.7036
"2015-09-17",21.5036
"2015-09-18",23.1782
"2015-09-19",23.9683
"2015-09-20",25.7385
"2015-09-21",23.3234
"2015-09-22",23.2581
"2015-09-23",21.2584
"2015-09-24",20.0436
"2015-09-25",20.6031
"2015-09-26",19.5432
"2015-09-27",21.3181
"2015-09-28",24.3735
"2015-09-29",26.0032
"2015-09-30",24.0905
"2015-10-01",16.6003
"2015-10-02",14.0205
"2015-10-03",16.8953
"2015-10-04",17.7754
"2015-10-05",14.1352
"2015-10-06",17.0207
"2015-10-07",19.9108
"2015-10-08",21.3256
"2015-10-09",21.9756
"2015-10-10",15.6655
"2015-10-11",16.8906
"2015-10-12",19.5408
"2015-10-13",19.1502
"2015-10-14",17.1607
"2015-10-15",16.6507
"2015-10-16",15.5054
"2015-10-17",11.5207
"2015-10-18",7.7958
"2015-10-19",8.3256
"2015-10-20",11.5957
"2015-10-21",14.8909
"2015-10-22",17.5704
"2015-10-23",19.2504
"2015-10-24",16.7956
"2015-10-25",18.8755
"2015-10-26",13.4357
"2015-10-27",15.6257
"2015-10-28",20.4008
"2015-10-29",17.5459
"2015-10-30",13.7302
"2015-10-31",13.6556
"2015-11-01",16.3061
"2015-11-02",17.4511
"2015-11-03",16.3103
"2015-11-04",17.5655
"2015-11-05",20.2862
"2015-11-06",21.616
"2015-11-07",18.4954
"2015-11-08",11.3906
"2015-11-09",11.8606
"2015-11-10",14.1358
"2015-11-11",13.9507
"2015-11-12",16.1509
"2015-11-13",10.8956
"2015-11-14",7.8511
"2015-11-15",9.2209
"2015-11-16",9.8311
"2015-11-17",11.9852
"2015-11-18",18.0754
"2015-11-19",16.2557
"2015-11-20",9.6258
"2015-11-21",9.2155
"2015-11-22",5.0502
"2015-11-23",3.271
"2015-11-24",6.3506
"2015-11-25",7.6557
"2015-11-26",13.4607
"2015-11-27",14.4312
"2015-11-28",14.8909
"2015-11-29",17.2159
"2015-11-30",10.8486
"2015-12-01",10.5589
"2015-12-02",13.6187
"2015-12-03",6.3434
"2015-12-04",5.8388
"2015-12-05",7.0187
"2015-12-06",8.9435
"2015-12-07",7.9089
"2015-12-08",8.0134
"2015-12-09",10.5789
"2015-12-10",12.5885
"2015-12-11",15.4741
"2015-12-12",16.9235
"2015-12-13",16.0637
"2015-12-14",17.7587
"2015-12-15",14.834
"2015-12-16",13.4883
"2015-12-17",16.1139
"2015-12-18",6.699
"2015-12-19",3.1038
"2015-12-20",4.7838
"2015-12-21",10.4233
"2015-12-22",16.8736
"2015-12-23",20.2384
"2015-12-24",22.4983
"2015-12-25",20.8888
"2015-12-26",19.1439
"2015-12-27",21.1438
"2015-12-28",17.7237
"2015-12-29",21.3387
"2015-12-30",19.8536
"2015-12-31",6.7726
"2016-01-01",6.75
"2016-01-02",5.35
"2016-01-03",4.65
"2016-01-04",1.4
"2016-01-05",-1.45
"2016-01-06",1.7
"2016-01-07",5.85
"2016-01-08",7.25
"2016-01-09",11.1
"2016-01-10",7.1
"2016-01-11",2.75
"2016-01-12",5
"2016-01-13",2.5
"2016-01-14",6.9
"2016-01-15",5.95
"2016-01-16",10.05
"2016-01-17",1
"2016-01-18",-2
"2016-01-19",-3.6
"2016-01-20",-0.3
"2016-01-21",2.65
"2016-01-22",-1.8
"2016-01-23",-1.95
"2016-01-24",1.95
"2016-01-25",5.2
"2016-01-26",9.15
"2016-01-27",7.8
"2016-01-28",4.15
"2016-01-29",6
"2016-01-30",6.4
"2016-01-31",11.95
"2016-02-01",15.55
"2016-02-02",13.9
"2016-02-03",17.6
"2016-02-04",10.2
"2016-02-05",3.35
"2016-02-06",4.3
"2016-02-07",2.6
"2016-02-08",6.4
"2016-02-09",1.5
"2016-02-10",-1.45
"2016-02-11",0.55
"2016-02-12",-1.6
"2016-02-13",-2
"2016-02-14",-3.95
"2016-02-15",5.8
"2016-02-16",9.45
"2016-02-17",7.85
"2016-02-18",4.8
"2016-02-19",5.8
"2016-02-20",13
"2016-02-21",15
"2016-02-22",12.1
"2016-02-23",9.5
"2016-02-24",14.6
"2016-02-25",6.65
"2016-02-26",3.65
"2016-02-27",4.55
"2016-02-28",10.15
"2016-02-29",14.45
"2016-03-01",14.75
"2016-03-02",5.8
"2016-03-03",5.95
"2016-03-04",6.6
"2016-03-05",8.1
"2016-03-06",8.1
"2016-03-07",11.55
"2016-03-08",17
"2016-03-09",18.4
"2016-03-10",20.65
"2016-03-11",20.8
"2016-03-12",20.8
"2016-03-13",21.7
"2016-03-14",20.55
"2016-03-15",20.5
"2016-03-16",20.2
"2016-03-17",18.85
"2016-03-18",16.5
"2016-03-19",13.05
"2016-03-20",4.95
"2016-03-21",7.8
"2016-03-22",12.75
"2016-03-23",17.4
"2016-03-24",19.9
"2016-03-25",19.35
"2016-03-26",16.3
"2016-03-27",15.6
"2016-03-28",15.95
"2016-03-29",11.55
"2016-03-30",14.45
"2016-03-31",20.1
"2016-04-01",20.4
"2016-04-02",15.35
"2016-04-03",12.2
"2016-04-04",17
"2016-04-05",5.7
"2016-04-06",9.75
"2016-04-07",15.75
"2016-04-08",11.4
"2016-04-09",6.45
"2016-04-10",9.4
"2016-04-11",16.7
"2016-04-12",13.25
"2016-04-13",11.9
"2016-04-14",12.95
"2016-04-15",11.85
"2016-04-16",12.05
"2016-04-17",13.35
"2016-04-18",20.85
"2016-04-19",22.45
"2016-04-20",18.95
"2016-04-21",20.85
"2016-04-22",19.8
"2016-04-23",18.85
"2016-04-24",17.55
"2016-04-25",20.45
"2016-04-26",22.75
"2016-04-27",24
"2016-04-28",24
"2016-04-29",22.5
"2016-04-30",18.9
"2016-05-01",20.8
"2016-05-02",23.25
"2016-05-03",20.85
"2016-05-04",17.3
"2016-05-05",12.15
"2016-05-06",14.75
"2016-05-07",20.5
"2016-05-08",22.9
"2016-05-09",24.1
"2016-05-10",22.45
"2016-05-11",23.65
"2016-05-12",24.05
"2016-05-13",19.85
"2016-05-14",19.2
"2016-05-15",13.5
"2016-05-16",18.3
"2016-05-17",20.35
"2016-05-18",16.5
"2016-05-19",15.45
"2016-05-20",18
"2016-05-21",20.85
"2016-05-22",16.7
"2016-05-23",15.15
"2016-05-24",21.35
"2016-05-25",24.4
"2016-05-26",24.85
"2016-05-27",21.85
"2016-05-28",25.05
"2016-05-29",22.2
"2016-05-30",23.85
"2016-05-31",24.8
"2016-06-01",25.35
"2016-06-02",25.55
"2016-06-03",26.65
"2016-06-04",28
"2016-06-05",26.35
"2016-06-06",23.2
"2016-06-07",23.5
"2016-06-08",20.85
"2016-06-09",22.25
"2016-06-10",25
"2016-06-11",28.35
"2016-06-12",27.85
"2016-06-13",24.65
"2016-06-14",26.8
"2016-06-15",27.15
"2016-06-16",28.1
"2016-06-17",24.2
"2016-06-18",21.5
"2016-06-19",22.15
"2016-06-20",25.4
"2016-06-21",27.6
"2016-06-22",29.2
"2016-06-23",27.85
"2016-06-24",26.3
"2016-06-25",24.95
"2016-06-26",24.65
"2016-06-27",27.3
"2016-06-28",22.4
"2016-06-29",26.6
"2016-06-30",26.35
"2016-07-01",27.3
"2016-07-02",27.55
"2016-07-03",26.45
"2016-07-04",27.15
"2016-07-05",29.2
"2016-07-06",27.9
"2016-07-07",28.25
"2016-07-08",28.05
"2016-07-09",28
"2016-07-10",27.8
"2016-07-11",26.95
"2016-07-12",27.6
"2016-07-13",29.5
"2016-07-14",30.15
"2016-07-15",28.3
"2016-07-16",25.55
"2016-07-17",26.9
"2016-07-18",28.75
"2016-07-19",27.3
"2016-07-20",26.4
"2016-07-21",27.5
"2016-07-22",27.85
"2016-07-23",28.45
"2016-07-24",29.85
"2016-07-25",29.75
"2016-07-26",30.65
"2016-07-27",30.9
"2016-07-28",30.7
"2016-07-29",28.85
"2016-07-30",29.2
"2016-07-31",29.15
"2016-08-01",27.6
"2016-08-02",26.95
"2016-08-03",25.7
"2016-08-04",26.15
"2016-08-05",27.1
"2016-08-06",28.75
"2016-08-07",27.05
"2016-08-08",27.6
"2016-08-09",27.35
"2016-08-10",27.45
"2016-08-11",28.1
"2016-08-12",28.95
"2016-08-13",29.3
"2016-08-14",29.4
"2016-08-15",29.5
"2016-08-16",29.4
"2016-08-17",29.35
"2016-08-18",28.35
"2016-08-19",28.1
"2016-08-20",27.55
"2016-08-21",28.05
"2016-08-22",24.8
"2016-08-23",25.05
"2016-08-24",24.15
"2016-08-25",27.6
"2016-08-26",29
"2016-08-27",28.55
"2016-08-28",26.8
"2016-08-29",26.25
"2016-08-30",27
"2016-08-31",26.55
"2016-09-01",28
"2016-09-02",19.9
"2016-09-03",21.55
"2016-09-04",21.35
"2016-09-05",22.45
"2016-09-06",25.85
"2016-09-07",27.4
"2016-09-08",27.7
"2016-09-09",27.55
"2016-09-10",27.05
"2016-09-11",27.05
"2016-09-12",25
"2016-09-13",24.25
"2016-09-14",25.1
"2016-09-15",25.7
"2016-09-16",23.8
"2016-09-17",24.85
"2016-09-18",25.9
"2016-09-19",24
"2016-09-20",22.6
"2016-09-21",21.9
"2016-09-22",23.6
"2016-09-23",22.65
"2016-09-24",25.4
"2016-09-25",23
"2016-09-26",22.9
"2016-09-27",23.8
"2016-09-28",23.55
"2016-09-29",21.85
"2016-09-30",22.5
"2016-10-01",22
"2016-10-02",21.55
"2016-10-03",21.9
"2016-10-04",20.05
"2016-10-05",18.65
"2016-10-06",19.2
"2016-10-07",22.85
"2016-10-08",16.75
"2016-10-09",15.25
"2016-10-10",13.5
"2016-10-11",14.45
"2016-10-12",17.1
"2016-10-13",19.25
"2016-10-14",16.9
"2016-10-15",16.45
"2016-10-16",19.1
"2016-10-17",21.65
"2016-10-18",22.75
"2016-10-19",23.2
"2016-10-20",22.65
"2016-10-21",17.35
"2016-10-22",10.75
"2016-10-23",14.25
"2016-10-24",17.65
"2016-10-25",11.9
"2016-10-26",13.5
"2016-10-27",17.65
"2016-10-28",16.95
"2016-10-29",18.2
"2016-10-30",20.95
"2016-10-31",18.05
"2016-11-01",14.85
"2016-11-02",18.6
"2016-11-03",21.2
"2016-11-04",12.55
"2016-11-05",10.6
"2016-11-06",12.7
"2016-11-07",9.5
"2016-11-08",11.25
"2016-11-09",11.9
"2016-11-10",10.2
"2016-11-11",12.85
"2016-11-12",5.6
"2016-11-13",5.6
"2016-11-14",9.25
"2016-11-15",10.05
"2016-11-16",11.85
"2016-11-17",12.3
"2016-11-18",15.45
"2016-11-19",12.05
"2016-11-20",4.75
"2016-11-21",5.55
"2016-11-22",5.45
"2016-11-23",7.7
"2016-11-24",16.3
"2016-11-25",15.7
"2016-11-26",6.65
"2016-11-27",5.6
"2016-11-28",8.75
"2016-11-29",19.45
"2016-11-30",19.4
"2016-12-01",10
"2016-12-02",8.05
"2016-12-03",7.05
"2016-12-04",5.9
"2016-12-05",10.85
"2016-12-06",6.9
"2016-12-07",9.7
"2016-12-08",5.1
"2016-12-09",0.35
"2016-12-10",0.45
"2016-12-11",1.55
"2016-12-12",9.6
"2016-12-13",7.65
"2016-12-14",6.3
"2016-12-15",1.55
"2016-12-16",-2.65
"2016-12-17",7.75
"2016-12-18",13.4
"2016-12-19",2.3
"2016-12-20",2.05
"2016-12-21",6.45
"2016-12-22",10.2
"2016-12-23",7.35
"2016-12-24",12.2
"2016-12-25",13.15
"2016-12-26",11.1
"2016-12-27",12.75
"2016-12-28",10.45
"2016-12-29",10.2
"2016-12-30",2.65
"2016-12-31",3.05
"2017-01-01",8.5
"2017-01-02",10.6
"2017-01-03",12.1
"2017-01-04",7.8
"2017-01-05",3.65
"2017-01-06",3.25
"2017-01-07",-5.2
"2017-01-08",-6.95
"2017-01-09",-5.25
"2017-01-10",2.85
"2017-01-11",11.7
"2017-01-12",16
"2017-01-13",16.4
"2017-01-14",8.25
"2017-01-15",11
"2017-01-16",8.55
"2017-01-17",13.75
"2017-01-18",12.95
"2017-01-19",10.55
"2017-01-20",14.95
"2017-01-21",13.3
"2017-01-22",13.6
"2017-01-23",10.6
"2017-01-24",10.2
"2017-01-25",12.7
"2017-01-26",11.15
"2017-01-27",4.55
"2017-01-28",5.05
"2017-01-29",6.05
"2017-01-30",3.95
"2017-01-31",12.65
"2017-02-01",14.35
"2017-02-02",12.1
"2017-02-03",2.3
"2017-02-04",1.85
"2017-02-05",7.45
"2017-02-06",11.1
"2017-02-07",16.6
"2017-02-08",17.4
"2017-02-09",4.95
"2017-02-10",4.8
"2017-02-11",15.5
"2017-02-12",18.75
"2017-02-13",7.75
"2017-02-14",9.65
"2017-02-15",7.4
"2017-02-16",6.9
"2017-02-17",11.15
"2017-02-18",13.2
"2017-02-19",13.55
"2017-02-20",14.5
"2017-02-21",13.1
"2017-02-22",16.3
"2017-02-23",16.55
"2017-02-24",18
"2017-02-25",14.4
"2017-02-26",7.2
"2017-02-27",11
"2017-02-28",18.25
"2017-03-01",18.3
"2017-03-02",8.25
"2017-03-03",5.75
"2017-03-04",5.45
"2017-03-05",6.45
"2017-03-06",10.8
"2017-03-07",16.5
"2017-03-08",13.05
"2017-03-09",15.15
"2017-03-10",11.1
"2017-03-11",5.95
"2017-03-12",1.85
"2017-03-13",1.95
"2017-03-14",4.55
"2017-03-15",0.35
"2017-03-16",3
"2017-03-17",7.5
"2017-03-18",12.2
"2017-03-19",7.6
"2017-03-20",10.5
"2017-03-21",20.9
"2017-03-22",9.25
"2017-03-23",7.55
"2017-03-24",13.2
"2017-03-25",17.4
"2017-03-26",19.15
"2017-03-27",20.5
"2017-03-28",19.4
"2017-03-29",17.95
"2017-03-30",17.35
"2017-03-31",18.25
"2017-04-01",16.75
"2017-04-02",15.3
"2017-04-03",18.6
"2017-04-04",20.95
"2017-04-05",18.85
"2017-04-06",13.2
"2017-04-07",9.25
"2017-04-08",11.65
"2017-04-09",16.3
"2017-04-10",18.55
"2017-04-11",20.05
"2017-04-12",20.25
"2017-04-13",18.65
"2017-04-14",19.8
"2017-04-15",21.6
"2017-04-16",21.7
"2017-04-17",22.95
"2017-04-18",18
"2017-04-19",19.15
"2017-04-20",23.05
"2017-04-21",24
"2017-04-22",21.85
"2017-04-23",13.1
"2017-04-24",13.9
"2017-04-25",16.45
"2017-04-26",21.6
"2017-04-27",22.65
"2017-04-28",26.75
"2017-04-29",26.05
"2017-04-30",24.85
"2017-05-01",22.35
"2017-05-02",18.85
"2017-05-03",20.55
"2017-05-04",21.65
"2017-05-05",17.55
"2017-05-06",13.25
"2017-05-07",14.35
"2017-05-08",15.75
"2017-05-09",17.25
"2017-05-10",23.45
"2017-05-11",22.65
"2017-05-12",15.05
"2017-05-13",16.15
"2017-05-14",21.4
"2017-05-15",22.95
"2017-05-16",25.25
"2017-05-17",25.5
"2017-05-18",24.7
"2017-05-19",26.15
"2017-05-20",25.75
"2017-05-21",22.75
"2017-05-22",23.95
"2017-05-23",19.75
"2017-05-24",20.15
"2017-05-25",19.25
"2017-05-26",22
"2017-05-27",26.05
"2017-05-28",25.05
"2017-05-29",24.95
"2017-05-30",24.2
"2017-05-31",23.9
"2017-06-01",24.5
"2017-06-02",22.95
"2017-06-03",24.75
"2017-06-04",25.95
"2017-06-05",24.5
"2017-06-06",23.65
"2017-06-07",18.4
"2017-06-08",18
"2017-06-09",23.05
"2017-06-10",24.95
"2017-06-11",25.1
"2017-06-12",25.7
"2017-06-13",25.05
"2017-06-14",27.2
"2017-06-15",26.2
"2017-06-16",26.55
"2017-06-17",26.55
"2017-06-18",27.7
"2017-06-19",26.35
"2017-06-20",21.35
"2017-06-21",24.95
"2017-06-22",24.75
"2017-06-23",28.3
"2017-06-24",26.5
"2017-06-25",23.95
"2017-06-26",23.3
"2017-06-27",21.4
"2017-06-28",22.4
"2017-06-29",25.2
"2017-06-30",25.5
"2017-07-01",26.3
"2017-07-02",27.45
"2017-07-03",27.1
"2017-07-04",26.95
"2017-07-05",27.45
"2017-07-06",28.9
"2017-07-07",28.45
"2017-07-08",27.2
"2017-07-09",26.75
"2017-07-10",26.4
"2017-07-11",28.25
"2017-07-12",28.95
"2017-07-13",29.55
"2017-07-14",30.05
"2017-07-15",28.5
"2017-07-16",26.9
"2017-07-17",26.5
"2017-07-18",25.8
"2017-07-19",27.35
"2017-07-20",29.25
"2017-07-21",29.75
"2017-07-22",30.05
"2017-07-23",28.65
"2017-07-24",27.7
"2017-07-25",27.5
"2017-07-26",26.05
"2017-07-27",27.85
"2017-07-28",28.15
"2017-07-29",24.05
"2017-07-30",22.05
"2017-07-31",22.55
"2017-08-01",24.45
"2017-08-02",26.65
"2017-08-03",26.2
"2017-08-04",26.8
"2017-08-05",26.35
"2017-08-06",27.75
"2017-08-07",26.85
"2017-08-08",23.35
"2017-08-09",22.55
"2017-08-10",25.4
"2017-08-11",27.4
"2017-08-12",27.8
"2017-08-13",26.65
"2017-08-14",27.75
"2017-08-15",28.2
"2017-08-16",28.35
"2017-08-17",28.7
"2017-08-18",29.45
"2017-08-19",27.65
"2017-08-20",28.45
"2017-08-21",27.5
"2017-08-22",28.8
"2017-08-23",28.8
"2017-08-24",24.45
"2017-08-25",24.75
"2017-08-26",23.95
"2017-08-27",23
"2017-08-28",22.1
"2017-08-29",19.2
"2017-08-30",23.7
"2017-08-31",24.75
"2017-09-01",25.65
"2017-09-02",23.35
"2017-09-03",22.75
"2017-09-04",25.1
"2017-09-05",25.2
"2017-09-06",19.7
"2017-09-07",18.25
"2017-09-08",18.8
"2017-09-09",19.25
"2017-09-10",17.7
"2017-09-11",18
"2017-09-12",21.8
"2017-09-13",23.25
"2017-09-14",23.2
"2017-09-15",23.75
"2017-09-16",24.4
"2017-09-17",24.05
"2017-09-18",23.35
"2017-09-19",23.55
"2017-09-20",25.3
"2017-09-21",24.85
"2017-09-22",24.35
"2017-09-23",24.05
"2017-09-24",23.8
"2017-09-25",23.85
"2017-09-26",25.45
"2017-09-27",26.05
"2017-09-28",26.1
"2017-09-29",21.25
"2017-09-30",18.2
"2017-10-01",16.6
"2017-10-02",18.2
"2017-10-03",18.65
"2017-10-04",20.2
"2017-10-05",21.45
"2017-10-06",22.45
"2017-10-07",23.45
"2017-10-08",25.9
"2017-10-09",27.4
"2017-10-10",27.05
"2017-10-11",26.4
"2017-10-12",23.85
"2017-10-13",19.55
"2017-10-14",21
"2017-10-15",22.3
"2017-10-16",14.2
"2017-10-17",11.1
"2017-10-18",13
"2017-10-19",15.55
"2017-10-20",17.5
"2017-10-21",18
"2017-10-22",19.15
"2017-10-23",18.6
"2017-10-24",14.75
"2017-10-25",12.35
"2017-10-26",10.55
"2017-10-27",14.65
"2017-10-28",17.05
"2017-10-29",11.45
"2017-10-30",9.15
"2017-10-31",13.2
"2017-11-01",17.25
"2017-11-02",18.55
"2017-11-03",20.15
"2017-11-04",18.1
"2017-11-05",15.9
"2017-11-06",18.25
"2017-11-07",14.45
"2017-11-08",7.7
"2017-11-09",7.9
"2017-11-10",7.1
"2017-11-11",3.6
"2017-11-12",6.2
"2017-11-13",9.8
"2017-11-14",6.9
"2017-11-15",6.7
"2017-11-16",10.8
"2017-11-17",7.3
"2017-11-18",11.4
"2017-11-19",6.8
"2017-11-20",6.45
"2017-11-21",9.75
"2017-11-22",10.15
"2017-11-23",3.25
"2017-11-24",6.45
"2017-11-25",10.25
"2017-11-26",8
"2017-11-27",7.25
"2017-11-28",9.35
"2017-11-29",12.15
"2017-11-30",12.25
"2017-12-01",13.8
"2017-12-02",9.65
"2017-12-03",10.45
"2017-12-04",9.45
"2017-12-05",14.7
"2017-12-06",9.85
"2017-12-07",6.35
"2017-12-08",3.15
"2017-12-09",0.35
"2017-12-10",2.4
"2017-12-11",5.25
"2017-12-12",3.9
"2017-12-13",2.05
"2017-12-14",7.85
"2017-12-15",3.5
"2017-12-16",3.6
"2017-12-17",5.7
"2017-12-18",12.65
"2017-12-19",14.65
"2017-12-20",9.5
"2017-12-21",7.9
"2017-12-22",10.6
"2017-12-23",15.9
"2017-12-24",9.25
"2017-12-25",2.9
"2017-12-26",3.25
"2017-12-27",1.8
"2017-12-28",-2.5
"2017-12-29",0.7
"2017-12-30",4.75
"2017-12-31",5.55
"2018-01-01",-6.95
"2018-01-02",-6.45
"2018-01-03",-4.9
"2018-01-04",-6.15
"2018-01-05",-6.45
"2018-01-06",-8.2
"2018-01-07",-7.65
"2018-01-08",0.25
"2018-01-09",9.45
"2018-01-10",9.55
"2018-01-11",15.75
"2018-01-12",14.15
"2018-01-13",2.4
"2018-01-14",-2.4
"2018-01-15",-1.5
"2018-01-16",1.85
"2018-01-17",-3.45
"2018-01-18",-4
"2018-01-19",4
"2018-01-20",6.65
"2018-01-21",11.15
"2018-01-22",10.9
"2018-01-23",11.2
"2018-01-24",5.55
"2018-01-25",3.35
"2018-01-26",5.45
"2018-01-27",10.8
"2018-01-28",13.25
"2018-01-29",5.55
"2018-01-30",0.25
"2018-01-31",1.7
"2018-02-01",9.8
"2018-02-02",1.1
"2018-02-03",-0.5
"2018-02-04",8.25
"2018-02-05",5.45
"2018-02-06",8.9
"2018-02-07",13
"2018-02-08",5.35
"2018-02-09",7.95
"2018-02-10",16
"2018-02-11",19.75
"2018-02-12",13.35
"2018-02-13",5.8
"2018-02-14",9.95
"2018-02-15",20.25
"2018-02-16",19.4
"2018-02-17",9.75
"2018-02-18",11.95
"2018-02-19",9.1
"2018-02-20",18.4
"2018-02-21",21.35
"2018-02-22",19.4
"2018-02-23",19.6
"2018-02-24",21.4
"2018-02-25",20.65
"2018-02-26",10.15
"2018-02-27",9.8
"2018-02-28",10.45
"2018-03-01",14.5
"2018-03-02",8.25
"2018-03-03",8.4
"2018-03-04",6.4
"2018-03-05",7.2
"2018-03-06",7.8
"2018-03-07",5.55
"2018-03-08",2.8
"2018-03-09",5.45
"2018-03-10",11
"2018-03-11",8.15
"2018-03-12",1.6
"2018-03-13",5.85
"2018-03-14",2.3
"2018-03-15",9.5
"2018-03-16",12.45
"2018-03-17",13.25
"2018-03-18",12.8
"2018-03-19",14.2
"2018-03-20",10.5
"2018-03-21",4.4
"2018-03-22",6
"2018-03-23",7.15
"2018-03-24",6.05
"2018-03-25",7.05
"2018-03-26",7.9
"2018-03-27",6.3
"2018-03-28",16.1
"2018-03-29",20.75
"2018-03-30",12.85
"2018-03-31",11.95
"2018-04-01",16.55
"2018-04-02",18.7
"2018-04-03",18.55
"2018-04-04",13.95
"2018-04-05",10.4
"2018-04-06",15.95
"2018-04-07",8.2
"2018-04-08",6.9
"2018-04-09",8.6
"2018-04-10",10.55
"2018-04-11",11.3
"2018-04-12",16.35
"2018-04-13",19.7
"2018-04-14",22.1
"2018-04-15",17.8
"2018-04-16",8
"2018-04-17",11.5
"2018-04-18",20.5
"2018-04-19",14.25
"2018-04-20",10.65
"2018-04-21",12.8
"2018-04-22",16.45
"2018-04-23",15.9
"2018-04-24",16.55
"2018-04-25",16.25
"2018-04-26",18.1
"2018-04-27",16.85
"2018-04-28",18.35
"2018-04-29",12.1
"2018-04-30",15.25
"2018-05-01",20.15
"2018-05-02",21.4
"2018-05-03",22
"2018-05-04",22.65
"2018-05-05",22.6
"2018-05-06",22.75
"2018-05-07",18.8
"2018-05-08",18.1
"2018-05-09",21.25
"2018-05-10",24
"2018-05-11",26
"2018-05-12",27.2
"2018-05-13",27.45
"2018-05-14",27.4
"2018-05-15",24.95
"2018-05-16",24.95
"2018-05-17",23.15
"2018-05-18",24.2
"2018-05-19",22.65
"2018-05-20",24.45
"2018-05-21",24.95
"2018-05-22",25.4
"2018-05-23",25.75
"2018-05-24",24.15
"2018-05-25",24.45
"2018-05-26",25.4
"2018-05-27",25.6
"2018-05-28",22.8
"2018-05-29",25.7
"2018-05-30",25.95
"2018-05-31",25
"2018-06-01",26.85
"2018-06-02",25.1
"2018-06-03",25.95
"2018-06-04",23.05
"2018-06-05",21.85
"2018-06-06",24.75
"2018-06-07",24.75
"2018-06-08",25.2
"2018-06-09",25.35
"2018-06-10",27
"2018-06-11",24.55
"2018-06-12",19.9
"2018-06-13",25.25
"2018-06-14",27.15
"2018-06-15",25.4
"2018-06-16",26.7
"2018-06-17",28.75
"2018-06-18",29.6
"2018-06-19",29.7
"2018-06-20",28.1
"2018-06-21",29.05
"2018-06-22",28.8
"2018-06-23",28.7
"2018-06-24",29.2
"2018-06-25",26.95
"2018-06-26",24.3
"2018-06-27",25.6
"2018-06-28",27.8
"2018-06-29",28.2
"2018-06-30",28.15
"2018-07-01",28.9
"2018-07-02",29.4
"2018-07-03",28.5
"2018-07-04",27.45
"2018-07-05",27.35
"2018-07-06",28.1
"2018-07-07",21.6
"2018-07-08",22.6
"2018-07-09",23.45
"2018-07-10",26.55
"2018-07-11",29.1
"2018-07-12",26.9
"2018-07-13",25.6
"2018-07-14",25.7
"2018-07-15",28.05
"2018-07-16",27.4
"2018-07-17",28.4
"2018-07-18",25.3
"2018-07-19",25.85
"2018-07-20",24.85
"2018-07-21",26.2
"2018-07-22",26.7
"2018-07-23",26.45
"2018-07-24",26.1
"2018-07-25",24.95
"2018-07-26",27.25
"2018-07-27",28.25
"2018-07-28",26.85
"2018-07-29",26.25
"2018-07-30",25.1
"2018-07-31",26.7
"2018-08-01",27.05
"2018-08-02",26.3
"2018-08-03",24.55
"2018-08-04",26.85
"2018-08-05",26.8
"2018-08-06",27.4
"2018-08-07",27.75
"2018-08-08",27.65
"2018-08-09",26.6
"2018-08-10",26.75
"2018-08-11",26.45
"2018-08-12",25.55
"2018-08-13",24.6
"2018-08-14",25.7
"2018-08-15",27.35
"2018-08-16",28.25
"2018-08-17",27.8
"2018-08-18",26.9
"2018-08-19",26.2
"2018-08-20",27.1
"2018-08-21",26.5
"2018-08-22",25.6
"2018-08-23",20.75
"2018-08-24",22.25
"2018-08-25",23.05
"2018-08-26",26.3
"2018-08-27",27.65
"2018-08-28",27.9
"2018-08-29",27.95
"2018-08-30",28.1
"2018-08-31",27.8
"2018-09-01",28.3
"2018-09-02",27.15
"2018-09-03",28.05
"2018-09-04",28.05
"2018-09-05",27.75
"2018-09-06",28
"2018-09-07",27.9
"2018-09-08",27.75
"2018-09-09",27.1
"2018-09-10",27.15
"2018-09-11",27.35
"2018-09-12",27.45
"2018-09-13",25.9
"2018-09-14",23.1
"2018-09-15",22.95
"2018-09-16",23.15
"2018-09-17",26.5
"2018-09-18",25.45
"2018-09-19",25.8
"2018-09-20",25.65
"2018-09-21",24.25
"2018-09-22",25.65
"2018-09-23",24.15
"2018-09-24",22.15
"2018-09-25",24.75
"2018-09-26",25.95
"2018-09-27",25.2
"2018-09-28",24.05
"2018-09-29",23.55
"2018-09-30",21.3
"2018-10-01",22.25
"2018-10-02",23.75
"2018-10-03",25.35
"2018-10-04",26.1
"2018-10-05",27.55
"2018-10-06",23.9
"2018-10-07",25.4
"2018-10-08",25.2
"2018-10-09",24.85
"2018-10-10",24.25
"2018-10-11",19.05
"2018-10-12",16.35
"2018-10-13",16.15
"2018-10-14",16.65
"2018-10-15",22.5
"2018-10-16",23.3
"2018-10-17",16.75
"2018-10-18",11.75
"2018-10-19",14.8
"2018-10-20",14.75
"2018-10-21",8.3
"2018-10-22",10.4
"2018-10-23",13.1
"2018-10-24",10.2
"2018-10-25",9.4
"2018-10-26",9.1
"2018-10-27",10.75
"2018-10-28",13
"2018-10-29",11.55
"2018-10-30",11.75
"2018-10-31",15.85
"2018-11-01",18.8
"2018-11-02",14.55
"2018-11-03",9.85
"2018-11-04",12.65
"2018-11-05",16.8
"2018-11-06",17.9
"2018-11-07",17.05
"2018-11-08",14.4
"2018-11-09",11.3
"2018-11-10",5.85
"2018-11-11",5.65
"2018-11-12",7.8
"2018-11-13",9.5
"2018-11-14",5.6
"2018-11-15",4.85
"2018-11-16",6.8
"2018-11-17",7.65
"2018-11-18",9
"2018-11-19",13.4
"2018-11-20",9.4
"2018-11-21",7.5
"2018-11-22",4.8
"2018-11-23",3.4
"2018-11-24",6.7
"2018-11-25",11.15
"2018-11-26",9.5
"2018-11-27",2.8
"2018-11-28",0.95
"2018-11-29",4
"2018-11-30",13.45
"2018-12-01",14
"2018-12-02",18.65
"2018-12-03",13.45
"2018-12-04",8
"2018-12-05",2.9
"2018-12-06",2.95
"2018-12-07",5.7
"2018-12-08",3.75
"2018-12-09",1.55
"2018-12-10",2.25
"2018-12-11",3.75
"2018-12-12",5.2
"2018-12-13",7.8
"2018-12-14",10.7
"2018-12-15",9.65
"2018-12-16",10.75
"2018-12-17",10.3
"2018-12-18",6.9
"2018-12-19",6.85
"2018-12-20",13.45
"2018-12-21",11.5
"2018-12-22",6.85
"2018-12-23",7.9
"2018-12-24",5.4
"2018-12-25",4.95
"2018-12-26",5.45
"2018-12-27",9.65
"2018-12-28",17.95
"2018-12-29",14.5
"2018-12-30",12.35
"2018-12-31",5.55
"2019-01-01",16.9
"2019-01-02",12.5
"2019-01-03",11.9
"2019-01-04",11.85
"2019-01-05",10.2
"2019-01-06",12
"2019-01-07",9.55
"2019-01-08",13.7
"2019-01-09",5.8
"2019-01-10",-0.1
"2019-01-11",0.65
"2019-01-12",2.95
"2019-01-13",2.5
"2019-01-14",3.55
"2019-01-15",2.8
"2019-01-16",5.5
"2019-01-17",5.1
"2019-01-18",8.6
"2019-01-19",10.95
"2019-01-20",3.15
"2019-01-21",-3.5
"2019-01-22",-1.1
"2019-01-23",10.05
"2019-01-24",9.2
"2019-01-25",3.1
"2019-01-26",4.25
"2019-01-27",4.75
"2019-01-28",6.95
"2019-01-29",5
"2019-01-30",1.35
"2019-01-31",0.45
"2019-02-01",6.6
"2019-02-02",9.05
"2019-02-03",9.05
"2019-02-04",12.05
"2019-02-05",16.5
"2019-02-06",17.1
"2019-02-07",21.1
"2019-02-08",15.6
"2019-02-09",3.55
"2019-02-10",3.75
"2019-02-11",6.4
"2019-02-12",11.05
"2019-02-13",7.4
"2019-02-14",9.75
"2019-02-15",15.1
"2019-02-16",7.95
"2019-02-17",4.4
"2019-02-18",11.1
"2019-02-19",3.95
"2019-02-20",2.95
"2019-02-21",9.8
"2019-02-22",7.6
"2019-02-23",5.65
"2019-02-24",12.65
"2019-02-25",8.8
"2019-02-26",10.5
"2019-02-27",12.25
"2019-02-28",13.95
"2019-03-01",7.8
"2019-03-02",10.55
"2019-03-03",9.1
"2019-03-04",5.2
"2019-03-05",2.1
"2019-03-06",1.75
"2019-03-07",5.45
"2019-03-08",8.75
"2019-03-09",9.45
"2019-03-10",17.5
"2019-03-11",13.05
"2019-03-12",8.85
"2019-03-13",11.35
"2019-03-14",17.2
"2019-03-15",17.4
"2019-03-16",7.8
"2019-03-17",7.7
"2019-03-18",9.55
"2019-03-19",7.9
"2019-03-20",7.5
"2019-03-21",10.95
"2019-03-22",10.05
"2019-03-23",9.65
"2019-03-24",14.1
"2019-03-25",15.8
"2019-03-26",7.7
"2019-03-27",7.35
"2019-03-28",11.7
"2019-03-29",16.65
"2019-03-30",18.6
"2019-03-31",11.25
"2019-04-01",6.75
"2019-04-02",2.9
"2019-04-03",12.8
"2019-04-04",17.4
"2019-04-05",13.9
"2019-04-06",16.65
"2019-04-07",18.05
"2019-04-08",22.35
"2019-04-09",19.15
"2019-04-10",17.9
"2019-04-11",20.65
"2019-04-12",20.95
"2019-04-13",22.8
"2019-04-14",20.5
"2019-04-15",12.7
"2019-04-16",14.85
"2019-04-17",20.6
"2019-04-18",22
"2019-04-19",17.45
"2019-04-20",12.15
"2019-04-21",12.35
"2019-04-22",16.05
"2019-04-23",22.3
"2019-04-24",23.4
"2019-04-25",24.15
"2019-04-26",17.3
"2019-04-27",19.5
"2019-04-28",22.35
"2019-04-29",20.8
"2019-04-30",23.45
"2019-05-01",23.35
"2019-05-02",23.25
"2019-05-03",23.1
"2019-05-04",24.05
"2019-05-05",21.65
"2019-05-06",20.9
"2019-05-07",21.75
"2019-05-08",21.65
"2019-05-09",22.45
"2019-05-10",21.75
"2019-05-11",23.55
"2019-05-12",21.75
"2019-05-13",19.05
"2019-05-14",14.35
"2019-05-15",17.05
"2019-05-16",21.75
"2019-05-17",25.3
"2019-05-18",27.2
"2019-05-19",26.1
"2019-05-20",25
"2019-05-21",25.9
"2019-05-22",21.35
"2019-05-23",25.3
"2019-05-24",28.15
"2019-05-25",29
"2019-05-26",28
"2019-05-27",27.25
"2019-05-28",29.15
"2019-05-29",28.45
"2019-05-30",29.2
"2019-05-31",25.3
"2019-06-01",22.85
"2019-06-02",25.65
"2019-06-03",22.95
"2019-06-04",23.8
"2019-06-05",26.2
"2019-06-06",26.4
"2019-06-07",23.65
"2019-06-08",25.3
"2019-06-09",23.7
"2019-06-10",25
"2019-06-11",21.75
"2019-06-12",19.75
"2019-06-13",20.4
"2019-06-14",19.1
"2019-06-15",23.25
"2019-06-16",26.45
"2019-06-17",27.65
"2019-06-18",27.35
"2019-06-19",26.95
"2019-06-20",27.35
"2019-06-21",24.95
"2019-06-22",25.7
"2019-06-23",23.9
"2019-06-24",27.9
"2019-06-25",26.8
"2019-06-26",25.9
"2019-06-27",27.05
"2019-06-28",27.7
"2019-06-29",28.85
"2019-06-30",29.5
"2019-07-01",26.8
"2019-07-02",29.2
"2019-07-03",29.3
"2019-07-04",28.2
"2019-07-05",27
"2019-07-06",28.3
"2019-07-07",28.25
"2019-07-08",28.1
"2019-07-09",25.4
"2019-07-10",27.6
"2019-07-11",28.1
"2019-07-12",28
"2019-07-13",27.85
"2019-07-14",28.4
"2019-07-15",29.35
"2019-07-16",30.1
"2019-07-17",29.7
"2019-07-18",29.2
"2019-07-19",28.1
"2019-07-20",29.15
"2019-07-21",29.8
"2019-07-22",29.5
"2019-07-23",24.85
"2019-07-24",23.3
"2019-07-25",24.3
"2019-07-26",23.9
"2019-07-27",24.55
"2019-07-28",25.5
"2019-07-29",26
"2019-07-30",27.15
"2019-07-31",26.4
"2019-08-01",27.15
"2019-08-02",25.65
"2019-08-03",26.05
"2019-08-04",26.3
"2019-08-05",24.3
"2019-08-06",27.05
"2019-08-07",26.95
"2019-08-08",27.15
"2019-08-09",27.95
"2019-08-10",26.3
"2019-08-11",26.3
"2019-08-12",27.95
"2019-08-13",28.95
"2019-08-14",28.35
"2019-08-15",27.8
"2019-08-16",26.8
"2019-08-17",26.85
"2019-08-18",28.65
"2019-08-19",28.15
"2019-08-20",27.8
"2019-08-21",27.6
"2019-08-22",28.5
"2019-08-23",27.35
"2019-08-24",19.5
"2019-08-25",21.2
"2019-08-26",23.35
"2019-08-27",24.4
"2019-08-28",24.65
"2019-08-29",22.65
"2019-08-30",23.95
"2019-08-31",24.55
"2019-09-01",25.9
"2019-09-02",25.8
"2019-09-03",26.75
"2019-09-04",26.8
"2019-09-05",22.75
"2019-09-06",25.2
"2019-09-07",26.7
"2019-09-08",27.95
"2019-09-09",26.5
"2019-09-10",26.15
"2019-09-11",26.8
"2019-09-12",28.15
"2019-09-13",25.5
"2019-09-14",24.75
"2019-09-15",25.45
"2019-09-16",25.45
"2019-09-17",24.95
"2019-09-18",19.75
"2019-09-19",17.35
"2019-09-20",19.7
"2019-09-21",23.2
"2019-09-22",24.05
"2019-09-23",25.2
"2019-09-24",23.2
"2019-09-25",24.35
"2019-09-26",27.45
"2019-09-27",25.95
"2019-09-28",27.05
"2019-09-29",28.8
"2019-09-30",25.65
"2019-10-01",25.35
"2019-10-02",28.25
"2019-10-03",29.25
"2019-10-04",26.6
"2019-10-05",17.05
"2019-10-06",21.8
"2019-10-07",22.75
"2019-10-08",17.5
"2019-10-09",18.4
"2019-10-10",17.4
"2019-10-11",18.8
"2019-10-12",22.9
"2019-10-13",20.5
"2019-10-14",17.9
"2019-10-15",18.5
"2019-10-16",13.75
"2019-10-17",12.05
"2019-10-18",12.65
"2019-10-19",14.05
"2019-10-20",15.65
"2019-10-21",18.45
"2019-10-22",18.15
"2019-10-23",13.4
"2019-10-24",15.1
"2019-10-25",18.5
"2019-10-26",19.35
"2019-10-27",21.05
"2019-10-28",19.45
"2019-10-29",16.95
"2019-10-30",20.1
"2019-10-31",16.55
"2019-11-01",8.4
"2019-11-02",9.65
"2019-11-03",8.25
"2019-11-04",9.9
"2019-11-05",15.9
"2019-11-06",12.9
"2019-11-07",14.8
"2019-11-08",5.1
"2019-11-09",4.3
"2019-11-10",9.45
"2019-11-11",13
"2019-11-12",4.05
"2019-11-13",0
"2019-11-14",3.2
"2019-11-15",6.8
"2019-11-16",6.85
"2019-11-17",8.45
"2019-11-18",6.3
"2019-11-19",7.6
"2019-11-20",8.35
"2019-11-21",8.25
"2019-11-22",13.35
"2019-11-23",12.1
"2019-11-24",7.4
"2019-11-25",8.65
"2019-11-26",10.5
"2019-11-27",13
"2019-11-28",8.75
"2019-11-29",7.6
"2019-11-30",10.5
"2019-12-01",12.75
"2019-12-02",5.75
"2019-12-03",5.9
"2019-12-04",7.6
"2019-12-05",7.2
"2019-12-06",7.95
"2019-12-07",5.75
"2019-12-08",5.15
"2019-12-09",11.7
"2019-12-10",15.45
"2019-12-11",3.15
"2019-12-12",3.7
"2019-12-13",7.55
"2019-12-14",7.2
"2019-12-15",9.05
"2019-12-16",13.4
"2019-12-17",10.1
"2019-12-18",3.1
"2019-12-19",1.2
"2019-12-20",4.85
"2019-12-21",3.4
"2019-12-22",3.65
"2019-12-23",8.3
"2019-12-24",10.65
"2019-12-25",8.75
"2019-12-26",11.45
"2019-12-27",12.95
"2019-12-28",16.1
"2019-12-29",18.85
"2019-12-30",13.75
"2019-12-31",5.55
"2020-01-01",7.2
"2020-01-02",7.75
"2020-01-03",15.65
"2020-01-04",10.3
"2020-01-05",5.9
"2020-01-06",8.2
"2020-01-07",6.35
"2020-01-08",7.35
"2020-01-09",6.05
"2020-01-10",12.05
"2020-01-11",19.3
"2020-01-12",18.65
"2020-01-13",18.3
"2020-01-14",17.1
"2020-01-15",17.1
"2020-01-16",11.05
"2020-01-17",5.1
"2020-01-18",7.3
"2020-01-19",5.55
"2020-01-20",-0.5
"2020-01-21",-0.35
"2020-01-22",2.35
"2020-01-23",3.7
"2020-01-24",12.3
"2020-01-25",6.45
"2020-01-26",6.25
"2020-01-27",7.65
"2020-01-28",5.6
"2020-01-29",5.4
"2020-01-30",5.4
"2020-01-31",3.85
"2020-02-01",4.8
"2020-02-02",10
"2020-02-03",15.1
"2020-02-04",17.65
"2020-02-05",16.9
"2020-02-06",18.65
"2020-02-07",5.45
"2020-02-08",2.7
"2020-02-09",6.8
"2020-02-10",11.95
"2020-02-11",18.6
"2020-02-12",16.45
"2020-02-13",15.35
"2020-02-14",5.8
"2020-02-15",3.7
"2020-02-16",7.05
"2020-02-17",10.7
"2020-02-18",11.1
"2020-02-19",8.8
"2020-02-20",3.05
"2020-02-21",-1.1
"2020-02-22",4.05
"2020-02-23",8.7
"2020-02-24",10.85
"2020-02-25",15.3
"2020-02-26",11.55
"2020-02-27",4.2
"2020-02-28",5.95
"2020-02-29",3.2
"2020-03-01",6.2
"2020-03-02",12.65
"2020-03-03",14
"2020-03-04",11.5
"2020-03-05",8.3
"2020-03-06",8.35
"2020-03-07",5.75
"2020-03-08",8.55
"2020-03-09",13.4
"2020-03-10",16.5
"2020-03-11",17.35
"2020-03-12",18.45
"2020-03-13",17.6
"2020-03-14",15.4
"2020-03-15",12.05
"2020-03-16",11.6
"2020-03-17",11.85
"2020-03-18",16
"2020-03-19",22.15
"2020-03-20",23.75
"2020-03-21",17.4
"2020-03-22",10.6
"2020-03-23",9.75
"2020-03-24",12.75
"2020-03-25",13.35
"2020-03-26",14.05
"2020-03-27",21.45
"2020-03-28",25.45
"2020-03-29",23.45
"2020-03-30",19.75
"2020-03-31",11
"2020-04-01",9.6
"2020-04-02",12.35
"2020-04-03",14.1
"2020-04-04",15.45
"2020-04-05",16.95
"2020-04-06",20.05
"2020-04-07",22.65
"2020-04-08",21.75
"2020-04-09",18.75
"2020-04-10",8.35
"2020-04-11",13.2
"2020-04-12",19.05
"2020-04-13",19.1
"2020-04-14",16.35
"2020-04-15",7.6
"2020-04-16",11.6
"2020-04-17",16.9
"2020-04-18",12.7
"2020-04-19",15.15
"2020-04-20",13
"2020-04-21",15.4
"2020-04-22",16
"2020-04-23",16.55
"2020-04-24",20
"2020-04-25",16.3
"2020-04-26",16.9
"2020-04-27",13.75
"2020-04-28",19.35
"2020-04-29",19.75
"2020-04-30",16.4
"2020-05-01",13.95
"2020-05-02",18.85
"2020-05-03",24.3
"2020-05-04",20.75
"2020-05-05",18.65
"2020-05-06",14.35
"2020-05-07",13.25
"2020-05-08",12.95
"2020-05-09",10.3
"2020-05-10",15.6
"2020-05-11",11.65
"2020-05-12",13.05
"2020-05-13",16.75
"2020-05-14",20.95
"2020-05-15",21.7
"2020-05-16",23.35
"2020-05-17",24.05
"2020-05-18",21.2
"2020-05-19",15.4
"2020-05-20",16.05
"2020-05-21",19.45
"2020-05-22",22.95
"2020-05-23",24.2
"2020-05-24",24.95
"2020-05-25",21.65
"2020-05-26",21.5
"2020-05-27",21.55
"2020-05-28",25.9
"2020-05-29",23.75
"2020-05-30",24.6
"2020-05-31",19.25
"2020-06-01",20.1
"2020-06-02",23.95
"2020-06-03",26.6
"2020-06-04",27.05
"2020-06-05",26.3
"2020-06-06",26.8
"2020-06-07",27.05
"2020-06-08",26.15
"2020-06-09",27.6
"2020-06-10",28.05
"2020-06-11",24.35
"2020-06-12",23.25
"2020-06-13",22.6
"2020-06-14",20.15
"2020-06-15",15.6
"2020-06-16",16.1
"2020-06-17",19.3
"2020-06-18",22.4
"2020-06-19",23.45
"2020-06-20",23.45
"2020-06-21",26.35
"2020-06-22",27.2
"2020-06-23",26.2
"2020-06-24",26
"2020-06-25",24.05
"2020-06-26",26.05
"2020-06-27",26.7
"2020-06-28",27.15
"2020-06-29",27.5
"2020-06-30",26.65
"2020-07-01",26.3
"2020-07-02",26
"2020-07-03",27.65
"2020-07-04",28.45
"2020-07-05",26.45
"2020-07-06",27.05
"2020-07-07",25.05
"2020-07-08",26.55
"2020-07-09",26.8
"2020-07-10",27.2
"2020-07-11",26.8
"2020-07-12",27.6
"2020-07-13",26.35
"2020-07-14",28.05
"2020-07-15",28.5
"2020-07-16",27.75
"2020-07-17",28.2
"2020-07-18",28.05
"2020-07-19",30.1
"2020-07-20",29.25
"2020-07-21",28.7
"2020-07-22",29.5
"2020-07-23",28.15
"2020-07-24",27
"2020-07-25",27.7
"2020-07-26",28.75
"2020-07-27",29.4
"2020-07-28",28.95
"2020-07-29",27.1
"2020-07-30",27.5
"2020-07-31",28.95
"2020-08-01",28.65
"2020-08-02",28.55
"2020-08-03",24.4
"2020-08-04",26.45
"2020-08-05",26.4
"2020-08-06",26.75
"2020-08-07",26.1
"2020-08-08",26.85
"2020-08-09",27.45
"2020-08-10",26.6
"2020-08-11",26.65
"2020-08-12",27.85
"2020-08-13",26.7
"2020-08-14",26.15
"2020-08-15",25.25
"2020-08-16",21.1
"2020-08-17",25
"2020-08-18",25.55
"2020-08-19",25.45
"2020-08-20",25.1
"2020-08-21",25
"2020-08-22",25.65
"2020-08-23",26.15
"2020-08-24",25.9
"2020-08-25",25.8
"2020-08-26",26.8
"2020-08-27",28.65
"2020-08-28",29.35
"2020-08-29",26.65
"2020-08-30",27.05
"2020-08-31",27.1
"2020-09-01",26.9
"2020-09-02",29.2
"2020-09-03",29
"2020-09-04",27.7
"2020-09-05",21.75
"2020-09-06",21.35
"2020-09-07",22.25
"2020-09-08",23.9
"2020-09-09",25.25
"2020-09-10",25.8
"2020-09-11",26.95
"2020-09-12",22.05
"2020-09-13",24.15
"2020-09-14",23.55
"2020-09-15",19.3
"2020-09-16",20.75
"2020-09-17",21.1
"2020-09-18",19.2
"2020-09-19",14.3
"2020-09-20",15.25
"2020-09-21",13.65
"2020-09-22",15.25
"2020-09-23",18.8
"2020-09-24",20.25
"2020-09-25",19.4
"2020-09-26",19.55
"2020-09-27",20.45
"2020-09-28",22.3
"2020-09-29",20.55
"2020-09-30",17.1
"2020-10-01",19.75
"2020-10-02",15.15
"2020-10-03",15.5
"2020-10-04",14.3
"2020-10-05",16.45
"2020-10-06",18.8
"2020-10-07",21.05
"2020-10-08",22.45
"2020-10-09",19.95
"2020-10-10",22.6
"2020-10-11",20.95
"2020-10-12",20.8
"2020-10-13",18.85
"2020-10-14",17.2
"2020-10-15",19.8
"2020-10-16",14.5
"2020-10-17",11.1
"2020-10-18",14.15
"2020-10-19",17.8
"2020-10-20",20.2
"2020-10-21",21.3
"2020-10-22",21.2
"2020-10-23",21.15
"2020-10-24",22.4
"2020-10-25",14.8
"2020-10-26",16.1
"2020-10-27",18.4
"2020-10-28",19.55
"2020-10-29",21.45
"2020-10-30",13.65
"2020-10-31",12.15
"2020-11-01",8.95
"2020-11-02",6.2
"2020-11-03",9.95
"2020-11-04",12.05
"2020-11-05",15.6
"2020-11-06",17.2
"2020-11-07",18.9
"2020-11-08",18.9
"2020-11-09",17.45
"2020-11-10",20
"2020-11-11",22.5
"2020-11-12",17.85
"2020-11-13",14.25
"2020-11-14",14.3
"2020-11-15",15.4
"2020-11-16",10
"2020-11-17",8.8
"2020-11-18",4
"2020-11-19",5.9
"2020-11-20",11.8
"2020-11-21",13.75
"2020-11-22",14
"2020-11-23",8.45
"2020-11-24",6.3
"2020-11-25",11.75
"2020-11-26",16.85
"2020-11-27",15.2
"2020-11-28",11.35
"2020-11-29",11.45
"2020-11-30",12
"2020-12-01",3.3
"2020-12-02",3.3
"2020-12-03",5.6
"2020-12-04",12.15
"2020-12-05",5.9
"2020-12-06",5.55
"2020-12-07",3.1
"2020-12-08",2.05
"2020-12-09",5.2
"2020-12-10",8.75
"2020-12-11",10.9
"2020-12-12",13.15
"2020-12-13",16.1
"2020-12-14",8.45
"2020-12-15",3.8
"2020-12-16",3.4
"2020-12-17",6.1
"2020-12-18",2.45
"2020-12-19",3.2
"2020-12-20",6.45
"2020-12-21",8.85
"2020-12-22",6.05
"2020-12-23",6.95
"2020-12-24",10.1
"2020-12-25",-1.95
"2020-12-26",-0.35
"2020-12-27",3.1
"2020-12-28",7.9
"2020-12-29",5.8
"2020-12-30",2.65
"2020-12-31",9.6
"2021-01-01",7.95
"2021-01-02",12.4
"2021-01-03",11.35
"2021-01-04",5.25
"2021-01-05",5.15
"2021-01-06",3.85
"2021-01-07",3.75
"2021-01-08",2
"2021-01-09",3.1
"2021-01-10",3.8
"2021-01-11",4.35
"2021-01-12",5.7
"2021-01-13",5.9
"2021-01-14",5.5
"2021-01-15",6.2
"2021-01-16",2.45
"2021-01-17",3.55
"2021-01-18",4.25
"2021-01-19",6.75
"2021-01-20",7.45
"2021-01-21",8
"2021-01-22",7.2
"2021-01-23",3.45
"2021-01-24",4.8
"2021-01-25",6.8
"2021-01-26",9.3
"2021-01-27",6.9
"2021-01-28",1.35
"2021-01-29",0.65
"2021-01-30",2.25
"2021-01-31",3.35
"2021-02-01",4.85
"2021-02-02",2.95
"2021-02-03",3.85
"2021-02-04",4.2
"2021-02-05",5.85
"2021-02-06",6.6
"2021-02-07",4.2
"2021-02-08",5.85
"2021-02-09",12.5
"2021-02-10",10.4
"2021-02-11",8.1
"2021-02-12",1.95
"2021-02-13",2.35
"2021-02-14",3.1
"2021-02-15",8.7
"2021-02-16",7.55
"2021-02-17",4.15
"2021-02-18",1.65
"2021-02-19",3.05
"2021-02-20",2.6
"2021-02-21",3.25
"2021-02-22",9.6
"2021-02-23",9.75
"2021-02-24",12.25
"2021-02-25",17
"2021-02-26",9.4
"2021-02-27",4.25
"2021-02-28",8.45
"2021-03-01",11.15
"2021-03-02",7.25
"2021-03-03",9.6
"2021-03-04",11.45
"2021-03-05",7.5
"2021-03-06",6.75
"2021-03-07",5.05
"2021-03-08",8.15
"2021-03-09",12.25
"2021-03-10",14.75
"2021-03-11",17
"2021-03-12",19.95
"2021-03-13",15.55
"2021-03-14",17.9
"2021-03-15",8.15
"2021-03-16",5.6
"2021-03-17",9.25
"2021-03-18",17.5
"2021-03-19",5.3
"2021-03-20",6.65
"2021-03-21",12.8
"2021-03-22",15.1
"2021-03-23",14.95
"2021-03-24",17.75
"2021-03-25",19.4
"2021-03-26",19.4
"2021-03-27",22.5
"2021-03-28",17.95
"2021-03-29",10.8
"2021-03-30",15.95
"2021-03-31",16.8
"2021-04-01",7.1
"2021-04-02",4.05
"2021-04-03",8.2
"2021-04-04",14.7
"2021-04-05",17.35
"2021-04-06",20
"2021-04-07",21.5
"2021-04-08",21.45
"2021-04-09",21.9
"2021-04-10",20.9
"2021-04-11",18.4
"2021-04-12",18.65
"2021-04-13",18.25
"2021-04-14",21.1
"2021-04-15",12.65
"2021-04-16",14.3
"2021-04-17",15.1
"2021-04-18",16.95
"2021-04-19",13.85
"2021-04-20",16.7
"2021-04-21",13.2
"2021-04-22",8.55
"2021-04-23",13.1
"2021-04-24",13.9
"2021-04-25",15
"2021-04-26",18.1
"2021-04-27",21.65
"2021-04-28",24.05
"2021-04-29",25.25
"2021-04-30",18.2
"2021-05-01",17.3
"2021-05-02",21.45
"2021-05-03",23.2
"2021-05-04",25.25
"2021-05-05",21
"2021-05-06",16.15
"2021-05-07",12.3
"2021-05-08",16.65
"2021-05-09",21.05
"2021-05-10",20.1
"2021-05-11",17.55
"2021-05-12",8.25
"2021-05-13",13.95
"2021-05-14",14.75
"2021-05-15",16.7
"2021-05-16",19.3
"2021-05-17",20.15
"2021-05-18",18.8
"2021-05-19",20.55
"2021-05-20",22.2
"2021-05-21",20.25
"2021-05-22",23.55
"2021-05-23",25.7
"2021-05-24",26.95
"2021-05-25",25.05
"2021-05-26",27.05
"2021-05-27",27.05
"2021-05-28",27.25
"2021-05-29",20.85
"2021-05-30",14.1
"2021-05-31",17.9
"2021-06-01",22.25
"2021-06-02",23.35
"2021-06-03",23.3
"2021-06-04",24.5
"2021-06-05",25.35
"2021-06-06",26.15
"2021-06-07",25.95
"2021-06-08",25.3
"2021-06-09",26.4
"2021-06-10",25.75
"2021-06-11",26.15
"2021-06-12",23.45
"2021-06-13",24.05
"2021-06-14",27.05
"2021-06-15",23.85
"2021-06-16",22.95
"2021-06-17",21.6
"2021-06-18",26.25
"2021-06-19",27.1
"2021-06-20",25.05
"2021-06-21",27.9
"2021-06-22",21.4
"2021-06-23",20.75
"2021-06-24",21.3
"2021-06-25",21.3
"2021-06-26",25.15
"2021-06-27",25.75
"2021-06-28",26
"2021-06-29",26.4
"2021-06-30",27.75
"2021-07-01",27.05
"2021-07-02",21.7
"2021-07-03",22.1
"2021-07-04",24.15
"2021-07-05",26.25
"2021-07-06",26
"2021-07-07",27.75
"2021-07-08",23.55
"2021-07-09",27.1
"2021-07-10",27.45
"2021-07-11",27.35
"2021-07-12",27.05
"2021-07-13",26.4
"2021-07-14",27.55
"2021-07-15",27.55
"2021-07-16",27.95
"2021-07-17",27.45
"2021-07-18",26.7
"2021-07-19",22.4
"2021-07-20",25.1
"2021-07-21",26.65
"2021-07-22",26.05
"2021-07-23",25.15
"2021-07-24",25.3
"2021-07-25",26.6
"2021-07-26",27.85
"2021-07-27",28.2
"2021-07-28",26.75
"2021-07-29",27.95
"2021-07-30",28.75
"2021-07-31",28.1
"2021-08-01",27.25
"2021-08-02",25.65
"2021-08-03",20.65
"2021-08-04",22.2
"2021-08-05",24.05
"2021-08-06",24.2
"2021-08-07",23.95
"2021-08-08",26.5
"2021-08-09",27.55
"2021-08-10",27.8
"2021-08-11",28.95
"2021-08-12",29.15
"2021-08-13",29
"2021-08-14",28.4
"2021-08-15",27.2
"2021-08-16",27
"2021-08-17",25.95
"2021-08-18",28.3
"2021-08-19",28.35
"2021-08-20",26
"2021-08-21",26.3
"2021-08-22",26.95
"2021-08-23",27.2
"2021-08-24",28.2
"2021-08-25",27.7
"2021-08-26",26.9
"2021-08-27",28.35
"2021-08-28",28.3
"2021-08-29",28.15
"2021-08-30",28.5
"2021-08-31",28.5
"2021-09-01",24.55
"2021-09-02",20.5
"2021-09-03",20.8
"2021-09-04",22.55
"2021-09-05",24.35
"2021-09-06",24.3
"2021-09-07",26.55
"2021-09-08",26.95
"2021-09-09",20.95
"2021-09-10",20.2
"2021-09-11",21.95
"2021-09-12",24.45
"2021-09-13",25.45
"2021-09-14",26.35
"2021-09-15",26
"2021-09-16",25.35
"2021-09-17",25.45
"2021-09-18",25.4
"2021-09-19",25.5
"2021-09-20",24.8
"2021-09-21",22.4
"2021-09-22",21.1
"2021-09-23",17.55
"2021-09-24",17.2
"2021-09-25",18.65
"2021-09-26",19.1
"2021-09-27",21.85
"2021-09-28",23
"2021-09-29",23.55
"2021-09-30",22.25
"2021-10-01",21.65
"2021-10-02",23.3
"2021-10-03",25.05
"2021-10-04",25.6
"2021-10-05",26.2
"2021-10-06",26.15
"2021-10-07",22.85
"2021-10-08",21.9
"2021-10-09",21.15
"2021-10-10",22.4
"2021-10-11",21.35
"2021-10-12",19.75
"2021-10-13",22.7
"2021-10-14",23.1
"2021-10-15",24.25
"2021-10-16",21.1
"2021-10-17",13.95
"2021-10-18",15.35
"2021-10-19",17.1
"2021-10-20",18.65
"2021-10-21",20.5
"2021-10-22",19.55
"2021-10-23",17.1
"2021-10-24",19.95
"2021-10-25",21.95
"2021-10-26",15.25
"2021-10-27",15.2
"2021-10-28",15.4
"2021-10-29",15.2
"2021-10-30",13.2
"2021-10-31",13.9
"2021-11-01",13.6
"2021-11-02",14.4
"2021-11-03",9.4
"2021-11-04",4.2
"2021-11-05",6.25
"2021-11-06",8.8
"2021-11-07",9.3
"2021-11-08",12.3
"2021-11-09",15.9
"2021-11-10",15.6
"2021-11-11",15.4
"2021-11-12",13.75
"2021-11-13",9.9
"2021-11-14",8.45
"2021-11-15",7.45
"2021-11-16",10.4
"2021-11-17",15.8
"2021-11-18",14.3
"2021-11-19",5.5
"2021-11-20",6.3
"2021-11-21",11.45
"2021-11-22",6.35
"2021-11-23",2.35
"2021-11-24",4.15
"2021-11-25",8.85
"2021-11-26",5.95
"2021-11-27",5.85
"2021-11-28",9.4
"2021-11-29",3.2
"2021-11-30",6.85
"2021-12-01",10.7
"2021-12-02",13.6
"2021-12-03",15.7
"2021-12-04",14.3
"2021-12-05",11.6
"2021-12-06",14.65
"2021-12-07",7.95
"2021-12-08",3.7
"2021-12-09",3.9
"2021-12-10",10.4
"2021-12-11",15.1
"2021-12-12",5.35
"2021-12-13",7.1
"2021-12-14",7.95
"2021-12-15",7.75
"2021-12-16",12.35
"2021-12-17",17.8
"2021-12-18",19.3
"2021-12-19",7.8
"2021-12-20",2.55
"2021-12-21",4.25
"2021-12-22",6.45
"2021-12-23",4.5
"2021-12-24",8.75
"2021-12-25",16.95
"2021-12-26",15.95
"2021-12-27",15.45
"2021-12-28",17.25
"2021-12-29",20.8
"2021-12-30",18.1
"2021-12-31",18.85
"2022-01-01",22.8
"2022-01-02",17.8
"2022-01-03",6.25
"2022-01-04",2.6
"2022-01-05",8.65
"2022-01-06",9.05
"2022-01-07",2
"2022-01-08",1.5
"2022-01-09",12.2
"2022-01-10",3.75
"2022-01-11",0.75
"2022-01-12",3.85
"2022-01-13",5.9
"2022-01-14",6.2
"2022-01-15",2.2
"2022-01-16",0.55
"2022-01-17",2
"2022-01-18",4
"2022-01-19",7.4
"2022-01-20",5.3
"2022-01-21",-2.65
"2022-01-22",-2.9
"2022-01-23",1.2
"2022-01-24",5.35
"2022-01-25",8.05
"2022-01-26",1.05
"2022-01-27",1.05
"2022-01-28",3.1
"2022-01-29",-2.25
"2022-01-30",1.3
"2022-01-31",5.3
"2022-02-01",4.55
"2022-02-02",7.25
"2022-02-03",17.05
"2022-02-04",12.2
"2022-02-05",2.05
"2022-02-06",2.4
"2022-02-07",3.25
"2022-02-08",4
"2022-02-09",7
"2022-02-10",10.45
"2022-02-11",11.6
"2022-02-12",12.7
"2022-02-13",4
"2022-02-14",3.8
"2022-02-15",5.35
"2022-02-16",9.55
"2022-02-17",18.1
"2022-02-18",11.05
"2022-02-19",6.55
"2022-02-20",5.35
"2022-02-21",11.9
"2022-02-22",18.5
"2022-02-23",17.05
"2022-02-24",12
"2022-02-25",16.55
"2022-02-26",9.15
"2022-02-27",4.05
"2022-02-28",7.9
"2022-03-01",10.7
"2022-03-02",15
"2022-03-03",16.9
"2022-03-04",10.8
"2022-03-05",15.55
"2022-03-06",21.1
"2022-03-07",20
"2022-03-08",13.95
"2022-03-09",10.85
"2022-03-10",7.4
"2022-03-11",12.2
"2022-03-12",5.1
"2022-03-13",3.45
"2022-03-14",10
"2022-03-15",13.4
"2022-03-16",15.7
"2022-03-17",15.7
"2022-03-18",18.2
"2022-03-19",17.05
"2022-03-20",11.1
"2022-03-21",13.6
"2022-03-22",16.6
"2022-03-23",19.7
"2022-03-24",15.55
"2022-03-25",13.05
"2022-03-26",8.6
"2022-03-27",7.75
"2022-03-28",9.35
"2022-03-29",7.65
"2022-03-30",15.8
"2022-03-31",17.75
"2022-04-01",12.65
"2022-04-02",12.8
"2022-04-03",13.15
"2022-04-04",14.15
"2022-04-05",18.55
"2022-04-06",22
"2022-04-07",18.4
"2022-04-08",13
"2022-04-09",7.35
"2022-04-10",11.55
"2022-04-11",19.7
"2022-04-12",21.75
"2022-04-13",22.7
"2022-04-14",20.8
"2022-04-15",16.5
"2022-04-16",18.4
"2022-04-17",16.7
"2022-04-18",7.05
"2022-04-19",8.75
"2022-04-20",12.1
"2022-04-21",17.2
"2022-04-22",20.55
"2022-04-23",21.05
"2022-04-24",21.55
"2022-04-25",22.65
"2022-04-26",19.65
"2022-04-27",14.8
"2022-04-28",15.3
"2022-04-29",17.95
"2022-04-30",19.2
"2022-05-01",22.6
"2022-05-02",24
"2022-05-03",24.1
"2022-05-04",24.75
"2022-05-05",20
"2022-05-06",22.85
"2022-05-07",16.35
"2022-05-08",9.55
"2022-05-09",14.6
"2022-05-10",17.95
"2022-05-11",20
"2022-05-12",18.75
"2022-05-13",20.75
"2022-05-14",21
"2022-05-15",23.95
"2022-05-16",22.5
"2022-05-17",21.4
"2022-05-18",25.45
"2022-05-19",27.25
"2022-05-20",28.8
"2022-05-21",25.8
"2022-05-22",24.8
"2022-05-23",24.25
"2022-05-24",21.15
"2022-05-25",20.1
"2022-05-26",22.85
"2022-05-27",22.25
"2022-05-28",22.4
"2022-05-29",25.05
"2022-05-30",25.7
"2022-05-31",26.85
"2022-06-01",27.85
"2022-06-02",28.15
"2022-06-03",24.7
"2022-06-04",22.05
"2022-06-05",21.4
"2022-06-06",23.45
"2022-06-07",26.55
"2022-06-08",26.6
"2022-06-09",25.35
"2022-06-10",23.05
"2022-06-11",24.3
"2022-06-12",27.15
"2022-06-13",30.1
"2022-06-14",28.95
"2022-06-15",27.85
"2022-06-16",26.4
"2022-06-17",27.95
"2022-06-18",23.35
"2022-06-19",20.15
"2022-06-20",21.95
"2022-06-21",24.1
"2022-06-22",28.6
"2022-06-23",26.5
"2022-06-24",25.75
"2022-06-25",26.1
"2022-06-26",28.05
"2022-06-27",25.9
"2022-06-28",26
"2022-06-29",24.2
"2022-06-30",26.5
"2022-07-01",25.55
"2022-07-02",27.05
"2022-07-03",29.2
"2022-07-04",27.5
"2022-07-05",28
"2022-07-06",29.5
"2022-07-07",29.1
"2022-07-08",28
"2022-07-09",27
"2022-07-10",20.15
"2022-07-11",23.7
"2022-07-12",27.2
"2022-07-13",26.2
"2022-07-14",26.05
"2022-07-15",26.2
"2022-07-16",26.4
"2022-07-17",27.3
"2022-07-18",28.05
"2022-07-19",27.25
"2022-07-20",27.95
"2022-07-21",27.55
"2022-07-22",28.05
"2022-07-23",28.35
"2022-07-24",28.95
"2022-07-25",28.35
"2022-07-26",28.6
"2022-07-27",29.85
"2022-07-28",30.15
"2022-07-29",29.4
"2022-07-30",28.55
"2022-07-31",28.85
"2022-08-01",27.95
"2022-08-02",28.95
"2022-08-03",29.3
"2022-08-04",29.2
"2022-08-05",29
"2022-08-06",28.2
"2022-08-07",27.7
"2022-08-08",28.65
"2022-08-09",29.65
"2022-08-10",29.5
"2022-08-11",26.55
"2022-08-12",22.4
"2022-08-13",22.75
"2022-08-14",24.6
"2022-08-15",23.6
"2022-08-16",21.95
"2022-08-17",22.9
"2022-08-18",24.1
"2022-08-19",22.05
"2022-08-20",24.5
"2022-08-21",24.9
"2022-08-22",25.55
"2022-08-23",24.4
"2022-08-24",25.95
"2022-08-25",24.8
"2022-08-26",25.35
"2022-08-27",26.9
"2022-08-28",26.75
"2022-08-29",26.4
"2022-08-30",26.65
"2022-08-31",25.35
"2022-09-01",25
"2022-09-02",26.15
"2022-09-03",26.85
"2022-09-04",26.45
"2022-09-05",26.45
"2022-09-06",27
"2022-09-07",26.35
"2022-09-08",22.35
"2022-09-09",23.4
"2022-09-10",23.8
"2022-09-11",27
"2022-09-12",26.35
"2022-09-13",22.15
"2022-09-14",21.4
"2022-09-15",22.05
"2022-09-16",21.8
"2022-09-17",22.35
"2022-09-18",23.7
"2022-09-19",24.5
"2022-09-20",25.75
"2022-09-21",26.35
"2022-09-22",23.85
"2022-09-23",16.5
"2022-09-24",19.1
"2022-09-25",21.75
"2022-09-26",21.1
"2022-09-27",18.65
"2022-09-28",17.6
"2022-09-29",16.25
"2022-09-30",15.65
"2022-10-01",15.5
"2022-10-02",15.25
"2022-10-03",13.1
"2022-10-04",14.2
"2022-10-05",16.25
"2022-10-06",19.5
"2022-10-07",20.75
"2022-10-08",13.95
"2022-10-09",15.1
"2022-10-10",15.75
"2022-10-11",17.05
"2022-10-12",19.5
"2022-10-13",18.35
"2022-10-14",15.5
"2022-10-15",18.5
"2022-10-16",21
"2022-10-17",17.2
"2022-10-18",7.1
"2022-10-19",7.75
"2022-10-20",10.4
"2022-10-21",12.15
"2022-10-22",15.35
"2022-10-23",15
"2022-10-24",15.75
"2022-10-25",16.4
"2022-10-26",16.55
"2022-10-27",14.7
"2022-10-28",14.7
"2022-10-29",13.8
"2022-10-30",15
"2022-10-31",18.95
"2022-11-01",18.7
"2022-11-02",17.25
"2022-11-03",16.95
"2022-11-04",19.1
"2022-11-05",22.2
"2022-11-06",21.95
"2022-11-07",21.5
"2022-11-08",14.45
"2022-11-09",14.4
"2022-11-10",17.55
"2022-11-11",22.35
"2022-11-12",16.8
"2022-11-13",6.8
"2022-11-14",6.35
"2022-11-15",8.65
"2022-11-16",7.3
"2022-11-17",3.6
"2022-11-18",4.7
"2022-11-19",7.35
"2022-11-20",2.5
"2022-11-21",5.6
"2022-11-22",8.7
"2022-11-23",11.65
"2022-11-24",11.3
"2022-11-25",11.4
"2022-11-26",11.1
"2022-11-27",16.7
"2022-11-28",11.65
"2022-11-29",11.6
"2022-11-30",10.1
"2022-12-01",5.25
"2022-12-02",6.65
"2022-12-03",12.9
"2022-12-04",5.85
"2022-12-05",6.2
"2022-12-06",13.25
"2022-12-07",17.2
"2022-12-08",14.3
"2022-12-09",10
"2022-12-10",9.15
"2022-12-11",9.2
"2022-12-12",5.9
"2022-12-13",4.1
"2022-12-14",3.95
"2022-12-15",9.25
"2022-12-16",6.55
"2022-12-17",5.05
"2022-12-18",3.8
"2022-12-19",3.2
"2022-12-20",2.25
"2022-12-21",4.15
"2022-12-22",8.6
"2022-12-23",-0.55
"2022-12-24",-6.6
"2022-12-25",-2.05
"2022-12-26",-0.75
"2022-12-27",2.9
"2022-12-28",5.35
"2022-12-29",8.1
"2022-12-30",12.95
"2022-12-31",15.3
"2023-01-01",12.7
"2023-01-02",13.45
"2023-01-03",16.3
"2023-01-04",16.8
"2023-01-05",11.5
"2023-01-06",7.9
"2023-01-07",6.9
"2023-01-08",5.65
"2023-01-09",5.9
"2023-01-10",6.8
"2023-01-11",8.1
"2023-01-12",15.75
"2023-01-13",7.8
"2023-01-14",1.75
"2023-01-15",3.1
"2023-01-16",5.65
"2023-01-17",10.25
"2023-01-18",14.45
"2023-01-19",15.65
"2023-01-20",8.65
"2023-01-21",4.8
"2023-01-22",6.2
"2023-01-23",4.7
"2023-01-24",5.5
"2023-01-25",11.7
"2023-01-26",5.45
"2023-01-27",4.5
"2023-01-28",7.35
"2023-01-29",8.4
"2023-01-30",12.25
"2023-01-31",13
"2023-02-01",7.25
"2023-02-02",5.35
"2023-02-03",3.8
"2023-02-04",1.75
"2023-02-05",4.95
"2023-02-06",9.25
"2023-02-07",10.6
"2023-02-08",15.3
"2023-02-09",17.25
"2023-02-10",16.95
"2023-02-11",8.7
"2023-02-12",6.35
"2023-02-13",10.4
"2023-02-14",12.25
"2023-02-15",16.1
"2023-02-16",19.5
"2023-02-17",9.85
"2023-02-18",5.35
"2023-02-19",8.9
"2023-02-20",14.5
"2023-02-21",17.6
"2023-02-22",19.65
"2023-02-23",23.4
"2023-02-24",7.75
"2023-02-25",6.9
"2023-02-26",14.35
"2023-02-27",14.1
"2023-02-28",13.2
"2023-03-01",7.55
"2023-03-02",17.6
"2023-03-03",20.1
"2023-03-04",13.05
"2023-03-05",12.35
"2023-03-06",15.4
"2023-03-07",15.05
"2023-03-08",9.2
"2023-03-09",10.95
"2023-03-10",9.45
"2023-03-11",8.9
"2023-03-12",4.9
"2023-03-13",7.2
"2023-03-14",5.4
"2023-03-15",6.1
"2023-03-16",11.45
"2023-03-17",15.75
"2023-03-18",10.25
"2023-03-19",5.75
"2023-03-20",5.35
"2023-03-21",9.8
"2023-03-22",12.35
"2023-03-23",20.1
"2023-03-24",23.35
"2023-03-25",20.8
"2023-03-26",18.55
"2023-03-27",18.35
"2023-03-28",15.1
"2023-03-29",9.75
"2023-03-30",14
"2023-03-31",17.35
"2023-04-01",17.05
"2023-04-02",13.6
"2023-04-03",15.95
"2023-04-04",20.95
"2023-04-05",23.2
"2023-04-06",24.55
"2023-04-07",13.3
"2023-04-08",5.9
"2023-04-09",9.7
"2023-04-10",9.95
"2023-04-11",14.75
"2023-04-12",18.7
"2023-04-13",20.8
"2023-04-14",20.85
"2023-04-15",20.15
"2023-04-16",19.7
"2023-04-17",14.45
"2023-04-18",18.2
"2023-04-19",22
"2023-04-20",22.45
"2023-04-21",22.2
"2023-04-22",15.25
"2023-04-23",16.95
"2023-04-24",12.45
"2023-04-25",15.15
"2023-04-26",16.9
"2023-04-27",16.5
"2023-04-28",20.6
"2023-04-29",21.15
"2023-04-30",14.8
"2023-05-01",14.6
"2023-05-02",14.55
"2023-05-03",12.8
"2023-05-04",14.2
"2023-05-05",16.85
"2023-05-06",20.15
"2023-05-07",22.6
"2023-05-08",22.95
"2023-05-09",23
"2023-05-10",18.6
"2023-05-11",20.85
"2023-05-12",22.65
"2023-05-13",24.05
"2023-05-14",19.55
"2023-05-15",21.9
"2023-05-16",24.15
"2023-05-17",21.55
"2023-05-18",19.35
"2023-05-19",17.15
"2023-05-20",21.3
"2023-05-21",17.3
"2023-05-22",20.35
"2023-05-23",19.45
"2023-05-24",19.2
"2023-05-25",19.55
"2023-05-26",15.75
"2023-05-27",13.3
"2023-05-28",17.25
"2023-05-29",18.6
"2023-05-30",20.55
"2023-05-31",20.85
"2023-06-01",21.55
"2023-06-02",21.8
"2023-06-03",23.75
"2023-06-04",17.15
"2023-06-05",20.4
"2023-06-06",21.85
"2023-06-07",21.05
"2023-06-08",18.55
"2023-06-09",19.45
"2023-06-10",22.6
"2023-06-11",24.65
"2023-06-12",23.05
"2023-06-13",21.8
"2023-06-14",23.85
"2023-06-15",24.9
"2023-06-16",24.15
"2023-06-17",22.65
"2023-06-18",25.95
"2023-06-19",25.9
"2023-06-20",21.65
"2023-06-21",20.8
"2023-06-22",23.5
"2023-06-23",23.95
"2023-06-24",25
"2023-06-25",26.65
"2023-06-26",25.55
"2023-06-27",25.35
"2023-06-28",24.8
"2023-06-29",25.7
"2023-06-30",26.5
"2023-07-01",26.35
"2023-07-02",28.6
"2023-07-03",28.75
"2023-07-04",28.45
"2023-07-05",27.35
"2023-07-06",27.1
"2023-07-07",27.95
"2023-07-08",26.3
"2023-07-09",26.6
"2023-07-10",23.5
"2023-07-11",27
"2023-07-12",28.05
"2023-07-13",29.1
"2023-07-14",26.5
"2023-07-15",27.6
"2023-07-16",27.3
"2023-07-17",25.85
"2023-07-18",28.85
"2023-07-19",28.2
"2023-07-20",28.05
"2023-07-21",28.4
"2023-07-22",25.2
"2023-07-23",26.5
"2023-07-24",26.05
"2023-07-25",27.85
"2023-07-26",29.15
"2023-07-27",29.25
"2023-07-28",29.15
"2023-07-29",27.55
"2023-07-30",27.4
"2023-07-31",25.2
"2023-08-01",24.6
"2023-08-02",24.1
"2023-08-03",23.7
"2023-08-04",23.3
"2023-08-05",27.05
"2023-08-06",27.95
"2023-08-07",27.85
"2023-08-08",26.75
"2023-08-09",27.35
"2023-08-10",25.95
"2023-08-11",26.85
"2023-08-12",28.55
"2023-08-13",30.35
"2023-08-14",30
"2023-08-15",29.7
"2023-08-16",27.95
"2023-08-17",26.3
"2023-08-18",26.1
"2023-08-19",25.85
"2023-08-20",28.5
"2023-08-21",28.6
"2023-08-22",27.85
"2023-08-23",24.15
"2023-08-24",27.95
"2023-08-25",28.85
"2023-08-26",29.65
"2023-08-27",28.65
"2023-08-28",26.9
"2023-08-29",27
"2023-08-30",23.5
"2023-08-31",21.4
"2023-09-01",20.95
"2023-09-02",22.1
"2023-09-03",25.75
"2023-09-04",27.55
"2023-09-05",28.4
"2023-09-06",29.05
"2023-09-07",26.55
"2023-09-08",26.55
"2023-09-09",24.1
"2023-09-10",24.35
"2023-09-11",25.35
"2023-09-12",26.1
"2023-09-13",24.8
"2023-09-14",22.4
"2023-09-15",18.8
"2023-09-16",22
"2023-09-17",20.25
"2023-09-18",19.85
"2023-09-19",21.1
"2023-09-20",21.85
"2023-09-21",22
"2023-09-22",17.9
"2023-09-23",16.75
"2023-09-24",22.75
"2023-09-25",23.7
"2023-09-26",20.8
"2023-09-27",17.7
"2023-09-28",20.55
"2023-09-29",19.25
"2023-09-30",18.85
"2023-10-01",20.4
"2023-10-02",21.25
"2023-10-03",20.75
"2023-10-04",20.65
"2023-10-05",22.6
"2023-10-06",20.9
"2023-10-07",15.05
"2023-10-08",12.15
"2023-10-09",15.75
"2023-10-10",19.35
"2023-10-11",19.1
"2023-10-12",16.75
"2023-10-13",19.35
"2023-10-14",15.2
"2023-10-15",13.25
"2023-10-16",11.4
"2023-10-17",13.55
"2023-10-18",14.4
"2023-10-19",16.3
"2023-10-20",15.35
"2023-10-21",15
"2023-10-22",13.75
"2023-10-23",11.7
"2023-10-24",13.45
"2023-10-25",17.2
"2023-10-26",19.15
"2023-10-27",19.7
"2023-10-28",21.45
"2023-10-29",22.05
"2023-10-30",21.45
"2023-10-31",8.9
"2023-11-01",3.55
"2023-11-02",4.65
"2023-11-03",8.15
"2023-11-04",12.45
"2023-11-05",14.15
"2023-11-06",15.3
"2023-11-07",17.7
"2023-11-08",18.75
"2023-11-09",20.3
"2023-11-10",15.4
"2023-11-11",9.45
"2023-11-12",9.4
"2023-11-13",9.95
"2023-11-14",11.8
"2023-11-15",10.05
"2023-11-16",14.95
"2023-11-17",16.65
"2023-11-18",13.9
"2023-11-19",8.45
"2023-11-20",10.1
"2023-11-21",14.9
"2023-11-22",9.75
"2023-11-23",8.55
"2023-11-24",8.85
"2023-11-25",6.2
"2023-11-26",5.45
"2023-11-27",6.65
"2023-11-28",2.7
"2023-11-29",2.15
"2023-11-30",6.95
"2023-12-01",11.3
"2023-12-02",19.05
"2023-12-03",15.55
"2023-12-04",11.05
"2023-12-05",9.5
"2023-12-06",4.85
"2023-12-07",5.7
"2023-12-08",9.85
"2023-12-09",14.95
"2023-12-10",12.8
"2023-12-11",3.1
"2023-12-12",4.4
"2023-12-13",7.2
"2023-12-14",4.65
"2023-12-15",6.45
"2023-12-16",7.45
"2023-12-17",10.85
"2023-12-18",7.8
"2023-12-19",1.95
"2023-12-20",2.55
"2023-12-21",6.85
"2023-12-22",7.4
"2023-12-23",9.5
"2023-12-24",11.35
"2023-12-25",12.6
"2023-12-26",15.8
"2023-12-27",14.1
"2023-12-28",8.9
"2023-12-29",6.55
"2023-12-30",4.6
"2023-12-31",5.15
"2024-01-01",5.05
"2024-01-02",3.55
"2024-01-03",4.3
"2024-01-04",3.2
"2024-01-05",2.05
"2024-01-06",10.35
"2024-01-07",6.45
"2024-01-08",4.35
"2024-01-09",12
"2024-01-10",5.2
"2024-01-11",6.3
"2024-01-12",9.2
"2024-01-13",5.55
"2024-01-14",6.7
"2024-01-15",8.95
"2024-01-16",-0.2
"2024-01-17",-2.45
"2024-01-18",3.45
"2024-01-19",3.75
"2024-01-20",-4.25
"2024-01-21",-2.35
"2024-01-22",1.65
"2024-01-23",7.5
"2024-01-24",16
"2024-01-25",19.15
"2024-01-26",18.7
"2024-01-27",17.6
"2024-01-28",11.75
"2024-01-29",7.2
"2024-01-30",6.45
"2024-01-31",3.75
"2024-02-01",6.8
"2024-02-02",9.65
"2024-02-03",5.2
"2024-02-04",5.95
"2024-02-05",8.15
"2024-02-06",5.2
"2024-02-07",4.85
"2024-02-08",6.7
"2024-02-09",11.1
"2024-02-10",17.2
"2024-02-11",16.2
"2024-02-12",13.4
"2024-02-13",8.2
"2024-02-14",9.45
"2024-02-15",11.65
"2024-02-16",10.95
"2024-02-17",5.35
"2024-02-18",2.9
"2024-02-19",6.05
"2024-02-20",6.25
"2024-02-21",6.85
"2024-02-22",10.25
"2024-02-23",9.6
"2024-02-24",7.35
"2024-02-25",6.55
"2024-02-26",13.95
"2024-02-27",13.75
"2024-02-28",12.9
"2024-02-29",7.1
"2024-03-01",10.5
"2024-03-02",15
"2024-03-03",16
"2024-03-04",15.5
"2024-03-05",16.75
"2024-03-06",13.95
"2024-03-07",15.75
"2024-03-08",14
"2024-03-09",15.4
"2024-03-10",9.9
"2024-03-11",9.35
"2024-03-12",13.9
"2024-03-13",15.65
"2024-03-14",19.1
"2024-03-15",19.4
"2024-03-16",17.95
"2024-03-17",17.25
"2024-03-18",8.5
"2024-03-19",7.8
"2024-03-20",13.7
"2024-03-21",13.25
"2024-03-22",14
"2024-03-23",11.05
"2024-03-24",7.05
"2024-03-25",10.2
"2024-03-26",12.6
"2024-03-27",13.95
"2024-03-28",9.85
"2024-03-29",13.95
"2024-03-30",17.45
"2024-03-31",21.75
"2024-04-01",22.5
"2024-04-02",23.8
"2024-04-03",15.95
"2024-04-04",10.4
"2024-04-05",10.45
"2024-04-06",10.15
"2024-04-07",12.8
"2024-04-08",17.65
"2024-04-09",16.6
"2024-04-10",20.85
"2024-04-11",18.8
"2024-04-12",15.4
"2024-04-13",15.35
"2024-04-14",21.05
"2024-04-15",23.65
"2024-04-16",22.9
"2024-04-17",21.85
"2024-04-18",22.55
"2024-04-19",21.05
"2024-04-20",20.5
"2024-04-21",10.4
"2024-04-22",10
"2024-04-23",16.1
"2024-04-24",17.4
"2024-04-25",17.6
"2024-04-26",16.4
"2024-04-27",19.3
"2024-04-28",19.35
"2024-04-29",22.05
"2024-04-30",22.3
"2024-05-01",21.8
"2024-05-02",24.85
"2024-05-03",25.05
"2024-05-04",22.55
"2024-05-05",22.7
"2024-05-06",22.5
"2024-05-07",25.2
"2024-05-08",25.15
"2024-05-09",22.3
"2024-05-10",18.65
"2024-05-11",17.8
"2024-05-12",18.4
"2024-05-13",20.45
"2024-05-14",19.05
"2024-05-15",21.3
"2024-05-16",22.1
"2024-05-17",23.7
"2024-05-18",21.6
"2024-05-19",18.4
"2024-05-20",19.85
"2024-05-21",22.4
"2024-05-22",24.55
"2024-05-23",25.6
"2024-05-24",24.9
"2024-05-25",25.25
"2024-05-26",26.1
"2024-05-27",25.8
"2024-05-28",23.85
"2024-05-29",22.85
"2024-05-30",20.35
"2024-05-31",17.6
"2024-06-01",22.15
"2024-06-02",23.2
"2024-06-03",23.9
"2024-06-04",25.95
"2024-06-05",25.45
"2024-06-06",26.4
"2024-06-07",23.9
"2024-06-08",24.4
"2024-06-09",25.45
"2024-06-10",22.65
"2024-06-11",23.05
"2024-06-12",24.35
"2024-06-13",24.45
"2024-06-14",27.45
"2024-06-15",27.55
"2024-06-16",26.35
"2024-06-17",25.4
"2024-06-18",24.9
"2024-06-19",25.15
"2024-06-20",24.95
"2024-06-21",28.3
"2024-06-22",29.5
"2024-06-23",30.25
"2024-06-24",28.35
"2024-06-25",29.55
"2024-06-26",30.95
"2024-06-27",26.7
"2024-06-28",28.75
"2024-06-29",30.3
"2024-06-30",28.75
"2024-07-01",22.2
"2024-07-02",24.25
"2024-07-03",27.2
"2024-07-04",29.75
"2024-07-05",31.75
"2024-07-06",30.15
"2024-07-07",28.5
"2024-07-08",28.45
"2024-07-09",30.35
"2024-07-10",29.55
"2024-07-11",27.3
"2024-07-12",25.1
"2024-07-13",28.95
"2024-07-14",30.1
"2024-07-15",30.1
"2024-07-16",29.8
"2024-07-17",28.95
"2024-07-18",28.15
"2024-07-19",25.9
"2024-07-20",26.75
"2024-07-21",26.7
"2024-07-22",26.9
"2024-07-23",27.65
"2024-07-24",27.85
"2024-07-25",25.8
"2024-07-26",24.3
"2024-07-27",24.2
"2024-07-28",25.7
"2024-07-29",22.85
"2024-07-30",26.8
"2024-07-31",28.7
"2024-08-01",30.6
"2024-08-02",29.35
"2024-08-03",27.7
"2024-08-04",27.55
"2024-08-05",26.55
"2024-08-06",24.8
"2024-08-07",25.2
"2024-08-08",25.1
"2024-08-09",27.95
"2024-08-10",28.75
"2024-08-11",28.2
"2024-08-12",25.9
"2024-08-13",23.4
"2024-08-14",24.8
"2024-08-15",25.2
"2024-08-16",27.55
"2024-08-17",27.2
"2024-08-18",26.35
"2024-08-19",26.45
"2024-08-20",22.15
"2024-08-21",19.35
"2024-08-22",19.95
"2024-08-23",20.05
"2024-08-24",21.8
"2024-08-25",23.45
"2024-08-26",25.4
"2024-08-27",26.95
"2024-08-28",29
"2024-08-29",29.7
"2024-08-30",28.25
"2024-08-31",26.9
"2024-09-01",26.8
"2024-09-02",23.05
"2024-09-03",21.2
"2024-09-04",22
"2024-09-05",20.7
"2024-09-06",22.9
"2024-09-07",22.15
"2024-09-08",18.4
"2024-09-09",18.85
"2024-09-10",20.7
"2024-09-11",21.25
"2024-09-12",22.95
"2024-09-13",21.9
"2024-09-14",23.8
"2024-09-15",22.85
"2024-09-16",19.65
"2024-09-17",20.4
"2024-09-18",23.65
"2024-09-19",22.85
"2024-09-20",23
"2024-09-21",24.05
"2024-09-22",25.5
"2024-09-23",22.7
"2024-09-24",25.8
"2024-09-25",26.05
"2024-09-26",24.2
"2024-09-27",24.15
"2024-09-28",24.05
"2024-09-29",24.95
"2024-09-30",23.95
"2024-10-01",21.85
"2024-10-02",22.35
"2024-10-03",21.75
"2024-10-04",21.85
"2024-10-05",23.25
"2024-10-06",21.45
"2024-10-07",21.7
"2024-10-08",16.4
"2024-10-09",16.65
"2024-10-10",13.35
"2024-10-11",14.1
"2024-10-12",17.45
"2024-10-13",19.1
"2024-10-14",15.6
"2024-10-15",12.7
"2024-10-16",9.15
"2024-10-17",9.65
"2024-10-18",11.9
"2024-10-19",13.7
"2024-10-20",14.35
"2024-10-21",15.8
"2024-10-22",17.3
"2024-10-23",19.25
"2024-10-24",15.85
"2024-10-25",16.1
"2024-10-26",19.8
"2024-10-27",11.1
"2024-10-28",14
"2024-10-29",15.25
"2024-10-30",19.85
"2024-10-31",19.85
"2024-11-01",21.9
"2024-11-02",15.7
"2024-11-03",14.85
"2024-11-04",17.5
"2024-11-05",19.8
"2024-11-06",22
"2024-11-07",22.05
"2024-11-08",18.65
"2024-11-09",13.5
"2024-11-10",13.95
"2024-11-11",17.2
"2024-11-12",12.7
"2024-11-13",10.3
"2024-11-14",9.7
"2024-11-15",11.5
"2024-11-16",10.95
"2024-11-17",12.15
"2024-11-18",14.85
"2024-11-19",14.05
"2024-11-20",11.15
"2024-11-21",7.2
"2024-11-22",5.55
"2024-11-23",8
"2024-11-24",10.55
"2024-11-25",13.05
"2024-11-26",11.9
"2024-11-27",11.65
"2024-11-28",10.9
"2024-11-29",3.75
"2024-11-30",3.1
"2024-12-01",4.8
"2024-12-02",3
"2024-12-03",-0.25
"2024-12-04",2.15
"2024-12-05",5.8
"2024-12-06",-1.1
"2024-12-07",2.25
"2024-12-08",10.3
"2024-12-09",11.8
"2024-12-10",18.5
"2024-12-11",8.85
"2024-12-12",4.55
"2024-12-13",6.65
"2024-12-14",7.05
"2024-12-15",9.95
"2024-12-16",12.55
"2024-12-17",16.45
"2024-12-18",15.95
"2024-12-19",10.05
"2024-12-20",6.75
"2024-12-21",3.55
"2024-12-22",-0.25
"2024-12-23",0.7
"2024-12-24",6.95
"2024-12-25",5.95
"2024-12-26",5.85
"2024-12-27",6.5
"2024-12-28",14.85
"2024-12-29",15.1
"2024-12-30",11
"2024-12-31",11.8
"2025-01-01",0.8