site,ID,quad,mark,x,y,alive15,alive16,alive17,alive18
B1,1,1,gd,1,27,1,1,0,1
B1,2,1,bp,8,10,1,1,1,1
B1,3,1,bd,9,42,1,1,1,1
B1,4,1,rh,10,41,1,1,1,1
B1,5,1,rh,11,27,1,1,1,1
B1,6,1,rp,17,24,,1,0,1
B1,7,1,wd,18,41,1,1,1,1
B1,8,1,wh,19,26,1,1,1,1
B1,9,1,gp,20,38,1,1,1,1
B1,10,1,oh,21,37,1,1,1,1
B1,12,2,rh,18,47,1,1,1,1
B1,14,2,gh,34,7,1,1,1,1
B1,15,2,wc,34,22,1,1,0,1
B1,16,2,op,36,24,1,1,1,1
B1,17,2,rp,42,13,1,1,1,1
B1,18,2,bd,43,15,1,1,1,1
B1,19,2,yh,47,14,1,1,1,1
B1,20,2,oh,48,8,1,1,1,1
B1,21,2,gd,49,46,1,1,1,1
B1,22,3,bd,4,27,1,1,1,1
B1,313,3,oc,24,21,,1,1,1
B1,23,3,rh,27,26,1,1,1,1
B1,24,3,bh,28,18,1,1,1,1
B1,25,3,bd,29,30,1,1,1,1
B1,26,3,rc,30,18,1,1,0,NA
B1,27,3,wd,30,33,1,1,1,1
B1,28,3,gh,31,26,1,1,1,1
B1,29,3,od,31,28,1,1,1,1
B1,30,3,bd,32,20,1,1,1,1
B1,31,3,rp,32,21,1,1,1,1
B1,32,3,gd,32,23,1,1,1,1
B1,33,3,bp,32,27,1,1,1,1
B1,34,3,oh,32,35,1,1,NA,NA
B1,35,3,rd,32,35,1,1,1,1
B1,36,3,yh,33,22,1,1,1,1
B1,37,3,wp,33,25,1,1,1,1
B1,38,3,gp,34,35,1,1,1,1
B1,39,3,gh,36,13,1,1,1,1
B1,40,3,od,37,14,1,1,1,1
B1,314,3,yd,38,10,,,1,1
B1,41,3,wd,38,38,1,1,1,1
B1,42,3,gc,39,7,,,1,NA
B1,43,3,gh,39,42,1,1,1,1
B1,44,3,rh,40,38,1,1,1,1
B1,45,3,op,40,40,1,1,1,1
B1,315,3,gd,40,47,,,1,1
B1,46,3,bc,41,43,1,1,1,1
B1,47,3,gh,43,37,1,1,1,1
B1,48,3,rd,43,43,1,1,0,1
B1,49,3,rh,43,47,1,1,1,1
B1,50,3,oh,44,25,1,1,1,1
B1,51,3,yp,40,34,1,1,1,1
B1,52,3,bp,45,42,1,1,1,1
B1,53,3,rp,46,38,1,1,1,1
B1,54,3,gh,46,49,1,1,1,1
B1,55,3,wp,47,43,1,1,1,1
B1,316,3,gd,48,20,,,1,1
B1,56,3,bd,49,26,1,1,1,1
B1,57,3,rc,50,27,1,1,1,1
B1,317,4,rd,1,2,,1,1,1
B1,318,4,yh,1,40,,,1,1
B1,321,4,op,2,2,,1,1,1
B1,325,4,gd,3,41,,,1,1
B1,326,4,oh,4,11,,,1,1
B1,58,4,gd,5,8,1,1,1,1
B1,327,4,wh,5,10,,,1,1
B1,59,4,rd,5,30,1,1,1,1
B1,60,4,bd,6,15,1,1,1,NA
B1,328,4,oh,9,4,,1,1,1
B1,319,4,gh,10,3,,1,1,1
B1,61,4,rh,12,46,1,1,1,1
B1,320,4,gd,15,15,,,1,NA
B1,63,4,yh,16,45,1,1,1,1
B1,64,4,rh,17,1,1,1,1,1
B1,65,4,wd,18,27,1,1,1,1
B1,66,4,wh,18,45,1,1,1,1
B1,67,4,oh,19,42,1,1,1,1
B1,68,4,rd,20,10,1,1,1,1
B1,69,4,bh,21,22,1,1,1,1
B1,70,4,bd,22,12,1,1,1,1
B1,71,4,gh,22,40,1,1,1,1
B1,72,4,rh,22,42,1,1,1,1
B1,73,4,yd,24,50,1,1,1,1
B1,322,4,oh,25,3,,1,1,1
B1,74,4,bd,25,39,1,1,1,1
B1,75,4,rh,25,46,1,1,1,0
B1,323,4,ws,25,48,,,1,0
B1,324,4,od,26,38,,,1,0
B1,76,4,od,26,45,1,1,1,NA
B1,77,4,bs,39,11,1,1,1,0
B1,18.1.,4,op,46,20,,,,1
B1,78,5,rh,9,45,1,1,1,1
B1,79,5,oh,11,48,1,1,1,1
B1,80,5,gp,14,47,1,0,1,1
B1,83,5,yd,18,43,1,1,1,1
B1,84,5,bd,18,49,1,1,1,1
B1,85,5,gp,20,44,1,1,1,1
B1,86,5,od,21,25,1,1,1,1
B1,87,5,od,21,42,1,1,1,1
B1,88,5,yd,23,20,1,1,1,1
B1,89,5,bd,25,44,1,1,1,1
B1,90,5,yp,25,45,1,1,0,1
B1,91,5,rh,26,41,1,1,1,1
B1,92,5,rh,27,1,,1,1,1
B1,93,5,gh,27,10,,,1,1
B1,94,5,gh,27,26,1,1,0,1
B1,95,5,wd,27,50,1,1,1,1
B1,96,5,wh,28,25,1,1,1,1
B1,98,5,wc,30,25,1,1,1,1
B1,99,5,bh,30,28,1,NA,1,1
B1,100,5,wh,30,41,1,1,1,1
B1,101,5,oh,30,46,1,1,1,1
B1,102,5,yp,31,33,1,1,1,1
B1,103,5,gs,31,47,1,1,1,1
B1,104,5,od,32,20,1,1,0,1
B1,105,5,bd,32,42,,,1,1
B1,106,5,yh,33,41,1,1,1,1
B1,107,5,yd,33,45,1,1,1,1
B1,108,5,rd,34,45,1,1,0,1
B1,109,5,od,35,41,1,1,1,1
B1,110,5,od,32,37,1,1,1,1
B1,111,5,wh,38,12,1,1,1,1
B1,112,5,gd,38,37,,1,1,1
B1,329,5,od,40,27,,,1,1
B1,114,5,bd,41,37,1,1,1,1
B1,116,5,rh,42,20,1,1,1,1
B1,117,5,ws,45,21,1,0,1,0
B1,118,5,gs,45,28,,1,1,0
B1,119,5,wc,46,32,1,0,1,0
B1,120,5,bh,46,46,1,1,1,1
B1,121,5,rh,46,50,1,1,1,1
B1,122,5,od,49,28,1,1,1,1
B1,123,5,bs,50,25,1,1,1,0
B1,125,6,yh,2,10,1,1,1,1
B1,126,6,gh,2,40,1,1,1,1
B1,127,6,op,3,48,1,1,1,1
B1,128,6,op,4,13,1,1,1,1
B1,129,6,rh,5,49,1,1,1,1
B1,130,6,wd,6,39,1,1,1,1
B1,131,6,bh,6,43,1,1,1,1
B1,132,6,rd,7,9,1,1,1,1
B1,133,6,oh,8,32,1,1,1,1
B1,134,6,ys,8,43,1,1,1,1
B1,135,6,wp,8,44,1,1,1,1
B1,136,6,gh,9,47,1,1,1,1
B1,137,6,yd,9,49,1,1,1,1
B1,18.2.,6,bp,10,41,,,,1
B1,138,6,rc,10,42,1,1,1,1
B1,139,6,gp,11,27,1,1,1,1
B1,140,6,od,11,43,1,1,1,1
B1,141,6,bs,11,48,1,1,1,1
B1,142,6,bh,12,26,1,1,1,1
B1,143,6,gh,12,43,1,1,1,1
B1,144,6,rp,12,49,1,1,1,1
B1,145,6,od,13,19,1,1,1,1
B1,146,6,rd,15,44,1,1,1,1
B1,147,6,bh,16,43,1,1,1,1
B1,148,6,yh,16,48,1,1,1,1
B1,149,6,wp,16,49,1,1,1,1
B1,151,6,bp,19,42,1,1,1,1
B1,152,6,gd,19,43,1,1,1,1
B1,153,6,wh,19,44,1,1,1,1
B1,154,6,rp,19,50,1,1,1,1
B1,155,6,yd,20,46,1,1,1,1
B1,156,6,wp,21,26,1,1,1,1
B1,157,6,bh,21,48,1,1,1,1
B1,158,6,rh,22,43,1,1,1,1
B1,159,6,oh,22,50,1,1,1,1
B1,160,6,gp,23,47,1,1,1,1
B1,161,6,oh,24,2,1,1,1,1
B1,162,6,ws,24,49,1,1,1,1
B1,163,6,op,26,48,1,1,1,1
B1,164,6,bd,27,44,1,1,1,1
B1,165,6,oh,28,38,1,1,1,1
B1,166,6,rp,28,49,1,1,1,1
B1,167,6,yd,29,41,1,1,1,1
B1,168,6,rd,30,10,1,1,1,1
B1,169,6,bh,30,37,1,1,1,1
B1,170,6,gp,31,37,1,1,1,1
B1,171,6,wp,31,42,1,1,1,1
B1,172,6,bh,32,50,1,1,1,1
B1,173,6,gh,33,11,1,1,1,1
B1,174,6,oh,33,42,1,1,1,1
B1,175,6,yp,33,49,1,1,1,1
B1,176,6,gp,35,41,1,1,1,0
B1,177,6,rd,36,41,1,1,1,1
B1,178,6,yh,38,5,1,1,1,1
B1,179,6,bh,39,48,1,1,1,1
B1,180,6,rh,40,13,1,1,1,1
B1,181,6,wd,41,10,1,1,1,1
B1,182,6,gh,41,47,1,1,1,1
B1,183,6,bp,42,19,1,1,1,1
B1,184,6,yp,43,44,1,1,1,1
B1,185,6,wh,43,46,1,1,1,1
B1,186,6,bp,44,45,1,1,1,1
B1,187,6,rh,44,47,1,1,1,1
B1,188,6,bd,46,9,1,1,1,1
B1,189,6,yd,46,12,1,1,1,1
B1,190,6,gs,46,41,1,1,1,1
B1,191,6,rd,46,45,1,1,1,1
B1,192,6,op,46,47,1,1,1,1
B1,193,6,wh,47,5,1,1,1,1
B1,194,6,yp,47,9,1,1,1,0
B1,195,6,bp,47,13,1,1,1,1
B1,196,6,ws,47,41,1,1,1,NA
B1,197,6,op,47,45,1,1,1,1
B1,198,6,yh,47,45,1,1,1,0
B1,199,6,yd,47,50,1,1,1,1
B1,200,6,rd,48,13,1,1,1,1
B1,201,6,wp,48,41,1,1,1,1
B1,202,6,gh,48,46,1,1,1,1
B1,203,6,bp,48,47,1,1,1,1
B1,204,6,gh,49,8,1,1,1,1
B1,205,6,oh,49,12,1,1,1,1
B1,206,6,od,49,38,1,1,1,1
B1,207,6,bh,49,39,1,1,1,1
B1,208,6,gh,49,42,1,1,0,NA
B1,209,6,rp,50,6,1,1,1,1
B1,210,6,od,50,49,1,1,1,1
B1,212,7,wh,1,13,1,1,1,1
B1,213,7,gd,2,2,1,1,1,0
B1,214,7,gd,2,10,1,1,1,1
B1,331,7,bd,2,42,,,1,1
B1,215,7,rh,3,1,1,1,1,1
B1,216,7,yh,5,6,1,1,1,1
B1,217,7,rp,5,14,1,1,1,1
B1,340,7,yp,5,39,,,1,1
B1,18.3.,7,wd,6,5,,,,1
B1,218,7,bd,6,6,1,1,1,1
B1,220,7,bp,7,14,1,1,1,1
B1,221,7,op,8,2,1,1,1,1
B1,222,7,gp,9,1,1,1,1,1
B1,341,7,oh,9,42,,,1,1
B1,223,7,rh,10,3,1,1,0,1
B1,224,7,od,10,9,1,1,1,1
B1,225,7,wd,10,10,1,1,1,1
B1,226,7,gh,11,6,1,1,1,1
B1,227,7,wd,12,0,,1,1,1
B1,228,7,op,12,2,1,1,1,1
B1,229,7,bs,12,3,1,1,1,0
B1,230,7,yd,12,11,,,1,0
B1,330,7,gp,12,37,,,1,1
B1,231,7,rb,14,4,1,1,1,0
B1,232,7,bd,14,6,1,1,1,1
B1,233,7,wp,14,7,1,1,1,1
B1,234,7,yh,15,23,1,1,1,1
B1,235,7,yd,16,9,1,1,1,1
B1,236,7,rh,17,9,1,1,1,1
B1,237,7,gh,17,11,1,1,1,1
B1,18.5.,7,yh,20,40,,,,1
B1,238,7,bd,21,4,1,1,1,1
B1,332,7,od,21,40,,,1,1
B1,239,7,wh,24,40,1,1,1,NA
B1,240,7,ys,25,41,1,1,1,NA
B1,241,7,gp,26,9,1,1,1,1
B1,242,7,rh,27,24,1,1,1,1
B1,243,7,wh,27,37,1,1,1,NA
B1,244,7,bs,27,41,1,1,1,NA
B1,245,7,bh,28,21,1,1,1,1
B1,246,7,yh,28,39,1,1,1,NA
B1,247,7,rh,28,40,1,1,1,NA
B1,248,7,gh,29,39,1,1,1,NA
B1,249,7,ys,30,19,1,1,1,1
B1,250,7,oh,30,29,1,1,1,1
B1,251,7,yd,30,40,1,1,1,NA
B1,252,7,oh,31,14,1,1,1,1
B1,253,7,gs,31,17,1,1,1,0
B1,254,7,bd,31,18,1,1,1,1
B1,255,7,wd,31,20,1,1,1,1
B1,256,7,wh,31,29,1,1,1,1
B1,257,7,rh,32,28,1,1,1,1
B1,258,7,rp,33,18,,,1,1
B1,259,7,rb,33,24,1,1,1,0
B1,260,7,bd,33,26,1,1,1,1
B1,261,7,gd,33,30,1,1,1,1
B1,262,7,rp,33,33,1,1,1,1
B1,263,7,rh,34,10,1,1,1,1
B1,264,7,oh,34,24,1,1,1,1
B1,265,7,wc,34,27,1,1,1,0
B1,266,7,oh,34,34,1,1,1,1
B1,267,7,wh,34,35,1,1,0,NA
B1,268,7,wc,34,40,,1,1,NA
B1,269,7,rd,35,14,1,1,1,1
B1,270,7,bd,35,16,1,1,1,1
B1,271,7,gs,35,40,1,1,1,NA
B1,272,7,oh,36,8,1,1,1,1
B1,273,7,gs,36,25,1,1,1,0
B1,274,7,bs,36,40,1,1,1,NA
B1,275,7,rd,36,41,1,1,1,1
B1,276,7,gp,37,9,1,1,1,1
B1,277,7,rp,37,27,1,1,1,1
B1,278,7,yd,37,28,1,1,1,1
B1,279,7,os,37,37,1,NA,1,0
B1,280,7,yh,37,40,1,1,1,NA
B1,282,7,wh,38,10,1,1,1,1
B1,333,7,op,38,19,,,1,1
B1,283,7,bd,38,38,1,NA,1,0
B1,284,7,gp,39,16,1,1,1,1
B1,334,7,gh,40,10,,,1,1
B1,285,7,rp,40,13,1,1,1,1
B1,286,7,rd,40,34,1,1,0,NA
B1,287,7,gd,40,39,1,0,1,0
B1,335,7,bh,41,22,,,1,1
B1,336,7,gp,41,33,,,1,1
B1,288,7,op,41,40,1,1,1,1
B1,289,7,gh,41,43,,,1,1
B1,290,7,bh,42,6,1,1,1,1
B1,291,7,rh,42,8,1,1,1,1
B1,337,7,wh,42,11,,,1,1
B1,292,7,bd,42,41,,,1,1
B1,293,7,gp,43,12,1,1,1,1
B1,294,7,op,43,40,1,0,1,1
B1,295,7,rh,43,40,1,0,1,0
B1,296,7,yd,44,7,1,1,1,1
B1,297,7,wp,44,13,1,1,1,1
B1,298,7,wd,44,38,1,0,1,1
B1,299,7,gd,45,37,1,0,1,1
B1,300,7,oc,46,11,1,1,0,NA
B1,301,7,rh,47,9,1,1,1,1
B1,302,7,yp,47,11,1,1,1,1
B1,303,7,bh,47,13,1,1,1,1
B1,304,7,gd,48,7,1,1,1,1
B1,305,7,wp,48,12,1,1,1,1
B1,306,7,yd,48,13,1,1,1,1
B1,307,7,gh,46,14,1,1,1,1
B1,308,7,bp,46,16,1,1,1,1
B1,338,7,wh,48,35,,,1,1
B1,309,7,wh,49,6,1,1,1,1
B1,310,7,oh,49,13,1,1,1,1
B1,339,7,gp,49,36,,,1,1
B1,311,7,wh,50,10,1,1,1,1
B1,312,7,yd,50,16,1,1,1,1
B2,1,1,bd,16,17,1,1,NA,NA
B2,2,1,gd,18,15,1,1,NA,NA
B2,3,1,ys,20,16,1,1,NA,NA
B2,4,1,oh,28,34,1,1,NA,NA
B2,5,1,bs,31,12,1,1,NA,NA
B2,6,1,wc,31,13,1,1,NA,NA
B2,7,1,os,33,11,1,1,NA,NA
B2,8,1,gs,34,10,1,1,NA,NA
B2,11,1,bs,36,9,1,1,NA,NA
B2,9,1,ys,36,12,1,1,NA,NA
B2,10,1,rs,36,13,1,1,NA,NA
B2,12,1,rc,37,10,1,1,NA,NA
B2,13,1,bs,37,13,1,1,NA,NA
B2,14,1,rc,37,36,1,0,NA,NA
B2,15,1,wc,38,11,1,0,NA,NA
B2,16,1,ys,42,15,1,1,NA,NA
B2,188,2,gc,18,16,1,1,NA,NA
B2,189,2,ys,19,13,1,1,NA,NA
B2,190,2,rh,19,15,1,1,NA,NA
B2,249,3,gh,5,26,1,0,NA,1
B2,250,4,wh,11,23,1,1,NA,1
B2,251,4,oh,16,26,1,1,NA,1
B2,252,4,bd,17,25,1,1,NA,1
B2,253,4,yp,18,25,1,1,NA,1
B2,254,4,wd,39,24,1,0,NA,0
B2,255,4,rd,40,23,1,0,NA,0
B2,256,4,oh,40,25,1,1,NA,1
B2,257,4,gh,41,25,1,1,NA,1
B2,265,5,oh,2,7,,,1,1
B2,297,5,wh,4,2,1,1,1,1
B2,298,5,gp,4,4,,1,1,1
B2,318,5,bh,5,40,1,0,NA,1
B2,18.1.,5,oh,14,28,,,,1
B2,258,5,bp,14,31,,,1,1
B2,259,5,gd,16,26,1,1,1,0
B2,260,5,rh,17,26,1,1,1,0
B2,261,5,yh,18,28,1,0,1,0
B2,262,5,oh,19,27,1,1,1,1
B2,263,5,wh,19,28,1,1,1,1
B2,264,5,gh,19,30,1,0,1,1
B2,266,5,oh,20,31,1,1,1,1
B2,267,5,bh,21,23,1,1,1,1
B2,268,5,bp,21,28,1,1,1,1
B2,269,5,gh,22,23,1,1,NA,1
B2,270,5,yp,22,28,1,1,1,1
B2,271,5,rp,22,32,1,1,1,1
B2,272,5,gp,22,40,,,1,1
B2,273,5,od,25,21,1,1,1,0
B2,274,5,yd,26,21,1,1,1,0
B2,275,5,rh,26,24,1,0,1,1
B2,276,5,wh,27,20,1,1,1,1
B2,277,5,rh,27,31,1,1,1,NA
B2,278,5,gh,28,22,1,1,1,1
B2,279,5,bp,29,17,1,1,1,1
B2,280,5,wp,29,27,1,1,1,1
B2,281,5,yp,29,28,1,0,1,1
B2,282,5,oh,30,22,1,1,1,1
B2,283,5,yh,31,22,1,1,1,1
B2,284,5,bd,31,30,1,0,1,1
B2,286,5,rh,32,8,1,1,1,NA
B2,285,5,rh,32,28,1,1,1,1
B2,289,5,bs,33,9,1,1,1,NA
B2,287,5,yd,33,10,1,1,1,NA
B2,288,5,gd,33,14,1,1,0,NA
B2,291,5,od,34,9,1,1,1,NA
B2,290,5,bp,34,14,1,1,0,1
B2,292,5,wh,36,14,1,0,0,NA
B2,293,5,rh,36,16,1,1,0,NA
B2,294,5,oh,37,28,1,0,1,0
B2,295,5,gd,38,28,1,1,0,1
B2,299,5,gh,40,20,,,1,1
B2,300,5,wd,40,30,1,1,1,1
B2,301,5,bh,40,30,,,1,1
B2,302,5,yd,42,28,1,1,1,1
B2,303,5,wp,44,15,1,1,1,1
B2,304,5,yh,44,18,1,1,1,1
B2,305,5,gs,44,19,1,1,1,0
B2,306,5,wh,44,20,1,1,1,1
B2,307,5,gp,44,29,1,1,1,1
B2,308,5,od,45,19,1,1,1,1
B2,309,5,rh,45,19,1,1,1,1
B2,310,5,yh,45,23,1,1,1,1
B2,311,5,bh,46,19,1,1,1,1
B2,312,5,op,47,19,1,1,1,1
B2,313,5,bp,47,31,1,1,1,1
B2,314,5,wp,47,32,1,1,1,0
B2,315,5,rh,48,32,1,0,1,1
B2,316,5,oh,48,32,1,1,1,1
B2,317,5,yd,49,19,,,1,1
B2,319,6,wh,43,31,1,1,1,1
B2,321,6,oc,44,33,1,NA,1,0
B2,322,7,gp,16,18,1,1,1,1
B2,323,7,wp,25,25,1,1,1,1
B2,324,7,yh,25,29,1,1,1,1
B2,325,7,rh,26,25,1,1,1,1
B2,326,7,bp,26,27,1,1,1,1
B2,327,7,bp,28,6,1,1,1,1
B2,328,7,gd,35,25,1,0,0,NA
B2,329,7,rp,35,25,1,1,1,1
B2,330,8,bh,31,22,1,1,1,1
B2,331,8,wp,32,23,1,1,1,1
B2,332,9,ys,13,40,1,0,0,NA
B2,333,9,rp,14,34,1,1,1,1
B2,334,9,bh,17,38,1,NA,0,1
B2,335,9,wh,21,32,1,NA,1,1
B2,336,9,gs,24,37,1,NA,1,1
B2,337,9,ob,25,37,1,NA,0,1
B2,338,9,bs,27,35,1,1,1,1
B2,339,9,ys,28,35,1,NA,1,NA
B2,17,10,rp,13,22,1,1,1,1
B2,18,10,bp,13,23,1,1,1,1
B2,19,10,wd,14,25,1,1,1,0
B2,20,10,oh,14,26,1,NA,1,NA
B2,21,10,gd,17,24,1,1,1,0
B2,22,10,bs,32,34,1,1,1,0
B2,23,10,rc,32,35,1,NA,1,0
B2,24,10,yh,32,35,1,1,1,1
B2,25,10,rc,37,2,1,0,0,NA
B2,26,10,gh,38,1,1,1,1,1
B2,27,10,yh,38,2,1,NA,1,1
B2,28,10,wh,39,3,1,NA,1,1
B2,56,11,gc,8,21,,,1,NA
B2,57,11,bs,8,32,,,1,NA
B2,58,11,gh,9,31,1,1,1,NA
B2,29,11,bd,10,31,1,1,1,NA
B2,30,11,wh,16,28,1,1,1,NA
B2,31,11,bd,20,30,,,1,NA
B2,32,11,yd,21,18,,,1,NA
B2,33,11,gs,21,31,1,1,1,NA
B2,34,11,rc,22,33,1,1,1,NA
B2,35,11,rb,26,33,1,1,1,NA
B2,36,11,ys,27,34,1,0,0,0
B2,37,11,bs,27,34,,,1,NA
B2,38,11,os,28,31,1,0,1,NA
B2,39,11,gh,31,10,,,1,NA
B2,40,11,wh,33,37,1,NA,1,NA
B2,41,11,oh,35,28,,,1,NA
B2,42,11,oc,35,35,1,1,1,NA
B2,43,11,yd,35,36,,,1,NA
B2,44,11,rs,36,36,1,1,1,NA
B2,46,11,oh,37,30,1,1,1,NA
B2,47,11,ys,37,36,1,1,1,NA
B2,49,11,bs,38,37,1,0,0,NA
B2,50,11,rh,40,27,1,1,0,NA
B2,51,11,bs,40,28,1,1,1,NA
B2,53,11,ws,42,25,1,0,0,NA
B2,55,11,gd,43,8,,,1,NA
B2,59,12,os,12,47,1,1,1,NA
B2,60,12,gs,45,50,1,1,1,NA
B2,61,12,wh,47,18,1,1,1,NA
B2,70,13,bs,3,12,,,1,NA
B2,71,13,gd,4,19,1,1,1,NA
B2,62,13,bs,11,42,,,1,NA
B2,63,13,od,12,18,1,0,0,NA
B2,64,13,ys,13,29,1,1,1,NA
B2,65,13,gd,13,46,1,1,1,NA
B2,66,13,rh,14,28,1,1,NA,NA
B2,67,13,ys,19,46,1,1,1,NA
B2,68,13,bd,20,46,1,1,1,NA
B2,69,13,rh,24,28,,,1,NA
B2,72,13,wc,40,28,1,0,0,NA
B2,90,14,yp,7,11,1,1,1,1
B2,91,14,bd,8,10,1,1,1,0
B2,92,14,rh,8,13,1,1,1,1
B2,75,14,bp,10,10,,,1,1
B2,76,14,wp,12,14,1,1,1,1
B2,77,14,od,16,12,1,1,1,1
B2,78,14,yh,23,18,1,1,1,1
B2,80,14,wp,28,17,1,1,1,1
B2,81,14,oh,36,20,1,1,1,1
B2,82,14,rc,37,15,1,0,NA,NA
B2,83,14,gh,38,45,1,1,0,1
B2,84,14,yp,40,14,1,1,1,1
B2,85,14,rp,40,15,,,1,1
B2,86,14,od,41,45,1,1,1,1
B2,87,14,bp,44,44,1,1,0,1
B2,88,14,wd,45,43,1,1,1,1
B2,89,14,bd,46,13,1,1,1,1
B2,93,15,yp,1,32,1,1,1,1
B2,94,15,gh,2,12,1,NA,1,1
B2,95,15,od,2,15,1,NA,1,1
B2,96,15,bp,2,16,1,NA,0,1
B2,97,15,rh,5,19,1,NA,1,1
B2,98,16,gh,31,6,1,1,1,1
B2,99,16,od,33,5,1,1,0,1
B2,100,16,wp,40,40,1,1,1,1
B2,101,16,wd,42,13,,1,1,1
B2,102,16,bh,45,15,,,1,1
B2,110,17,op,3,40,1,1,1,1
B2,111,17,bp,5,43,1,1,1,1
B2,112,17,rh,5,47,1,1,1,1
B2,113,17,od,7,9,,,1,1
B2,114,17,rh,9,41,1,1,1,1
B2,103,17,gd,11,42,1,1,1,1
B2,104,17,yh,12,38,1,1,1,1
B2,105,17,rd,17,48,1,1,1,1
B2,106,17,wp,18,43,1,NA,1,1
B2,107,17,bh,19,48,1,1,1,1
B2,108,17,gp,22,27,1,1,1,1
B2,109,17,yd,22,27,1,1,1,1
B2,115,18,gh,0,4,1,1,1,1
B2,116,18,yp,0,8,1,NA,1,1
B2,160,18,bh,4,50,1,NA,1,1
B2,166,18,wd,9,5,1,1,0,1
B2,167,18,bp,9,8,1,1,1,1
B2,118,18,op,10,9,1,1,1,1
B2,117,18,od,10,49,1,1,1,1
B2,119,18,yp,11,18,1,1,1,1
B2,121,18,oh,13,6,1,1,1,1
B2,120,18,gp,13,44,1,1,1,1
B2,122,18,gh,14,12,1,1,1,1
B2,123,18,od,14,14,1,1,1,0
B2,124,18,rc,15,10,1,1,0,NA
B2,125,18,yh,15,45,,1,1,1
B2,126,18,yh,16,13,1,1,1,1
B2,127,18,wd,16,45,1,1,1,1
B2,131,18,gh,17,5,1,1,1,1
B2,128,18,wd,17,12,1,1,1,1
B2,129,18,bp,17,17,1,1,1,1
B2,130,18,rp,17,20,1,1,1,1
B2,132,18,wp,18,40,1,1,1,1
B2,133,18,rp,18,42,1,1,1,1
B2,134,18,bp,18,44,1,1,1,1
B2,135,18,wh,19,15,1,1,1,1
B2,136,18,gc,19,18,1,1,1,1
B2,137,18,yp,19,37,1,1,1,1
B2,138,18,yh,21,17,1,1,1,1
B2,139,18,rd,22,18,1,1,1,1
B2,140,18,od,22,24,1,1,0,1
B2,141,18,rd,22,37,1,1,1,1
B2,142,18,od,22,45,1,1,1,1
B2,143,18,op,24,12,1,1,1,1
B2,144,18,wp,24,20,1,1,1,1
B2,145,18,bh,24,37,1,1,1,1
B2,146,18,bp,25,20,1,1,1,1
B2,147,18,gp,25,29,1,1,1,1
B2,148,18,gd,26,19,1,1,1,1
B2,149,18,yh,27,16,1,1,1,1
B2,150,18,rp,32,25,1,1,1,1
B2,151,18,od,32,33,1,1,1,1
B2,152,18,yd,32,37,1,1,1,1
B2,153,18,rd,32,43,1,1,1,1
B2,154,18,yd,32,45,1,1,1,1
B2,155,18,op,34,46,1,1,1,1
B2,156,18,wp,35,34,1,NA,NA,1
B2,157,18,rh,36,44,1,1,1,1
B2,158,18,rp,38,49,1,1,1,1
B2,159,18,bp,38,50,1,NA,NA,1
B2,161,18,bd,41,47,1,1,1,1
B2,162,18,wp,41,50,1,1,0,1
B2,163,18,gp,42,45,1,1,1,1
B2,164,18,wc,45,41,1,1,0,NA
B2,18.13.,18,gp,48,50,,,,1
B2,165,18,gd,48,50,1,1,0,NA
B2,168,19,bd,13,21,1,1,1,1
B2,169,19,ys,13,22,1,1,0,NA
B2,170,19,gs,15,23,1,1,1,1
B2,171,19,yp,29,41,1,1,0,NA
B2,172,19,op,34,21,1,1,1,1
B2,173,19,bh,34,32,1,1,1,1
B2,174,19,wd,35,21,1,1,1,1
B2,175,19,ys,35,24,1,1,1,1
B2,176,19,rh,36,20,1,1,1,1
B2,177,19,wd,36,32,1,1,1,1
B2,178,19,yd,36,32,1,1,1,1
B2,179,19,rd,36,40,1,1,1,0
B2,180,19,oh,37,39,1,1,1,1
B2,181,19,oh,40,29,1,1,1,1
B2,182,19,bd,41,32,1,1,1,1
B2,183,19,gp,42,35,1,1,1,1
B2,184,19,rd,45,37,1,1,1,1
B2,185,19,gp,46,47,1,1,1,1
B2,186,19,wh,47,47,1,1,1,1
B2,187,19,rb,48,48,1,1,0,NA
B2,191,20,bs,1,40,1,1,1,1
B2,241,20,gp,5,13,1,1,1,1
B2,243,20,rd,7,12,1,1,1,0
B2,244,20,yd,7,45,1,1,1,1
B2,246,20,rh,8,42,1,1,1,1
B2,247,20,op,9,27,1,1,1,1
B2,248,20,gh,9,33,1,1,1,1
B2,193,20,gh,11,28,1,NA,1,1
B2,194,20,wh,11,29,1,1,1,1
B2,195,20,bp,12,21,1,1,1,1
B2,196,20,rd,12,24,1,1,1,1
B2,197,20,ys,12,26,1,0,1,0
B2,198,20,wc,12,26,1,NA,1,0
B2,199,20,ws,12,27,1,NA,0,NA
B2,200,20,gd,13,25,1,1,1,0
B2,18.2.,20,op,13,36,,,,1
B2,201,20,bh,13,39,1,1,1,1
B2,202,20,yp,13,41,1,1,1,1
B2,203,20,gp,13,45,1,1,1,1
B2,204,20,rd,14,47,1,1,1,1
B2,205,20,oh,16,28,1,NA,1,1
B2,18.3.,20,wp,16,39,,,,1
B2,206,20,wp,16,45,1,1,1,1
B2,207,20,yh,19,24,1,1,1,1
B2,208,20,yd,19,39,1,1,1,1
B2,209,20,oh,20,15,1,1,,1
B2,210,20,wc,20,24,1,1,1,0
B2,211,20,wd,21,20,1,1,0,1
B2,212,20,bd,21,50,,,1,0
B2,213,20,bd,22,18,1,1,1,1
B2,214,20,bh,22,21,1,1,1,1
B2,215,20,rp,22,23,1,1,1,1
B2,216,20,os,22,24,1,1,0,NA
B2,217,20,gp,23,19,1,1,1,1
B2,218,20,bd,24,45,1,1,1,1
B2,18.7.,20,op,26,18,,,,1
B2,219,20,yh,26,22,1,1,1,1
B2,18.8.,20,bh,27,17,,,,1
B2,220,20,wp,27,22,1,1,1,1
B2,18.12.,20,bh,27,28,,,,1
B2,18.9.,20,wd,28,16,,,,1
B2,221,20,oh,28,48,1,1,0,1
B2,18.10.,20,gh,31,16,,,,1
B2,18.11.,20,yd,32,17,,,,1
B2,18.4.,20,wd,33,20,,,,1
B2,223,20,bh,34,24,1,1,1,1
B2,224,20,rp,34,29,1,1,1,1
B2,225,20,gp,34,48,1,1,1,1
B2,18.5.,20,rh,35,22,,,,1
B2,227,20,oh,35,31,1,1,1,1
B2,228,20,rd,35,48,1,1,0,1
B2,18.6.,20,yp,37,22,,,,1
B2,229,20,od,37,26,1,1,1,1
B2,230,20,rd,37,38,1,1,1,1
B2,231,20,bd,38,38,1,1,1,1
B2,232,20,wh,38,45,1,1,1,1
B2,233,20,bp,40,47,1,1,0,1
B2,234,20,oh,42,15,1,1,0,1
B2,235,20,gh,42,46,1,1,0,1
B2,236,20,wp,43,16,1,1,1,1
B2,237,20,rd,43,50,1,1,0,NA
B2,238,20,wd,46,47,1,1,0,1
B2,239,20,yd,46,48,1,1,0,NA
B2,240,20,bp,48,47,1,1,0,1
B2,242,20,gh,50,21,1,NA,NA,1
CH,1,1,rd,12,27,1,1,1,1
CH,18.4.,1,rs,30,15,,,,1
CH,4,1,od,30,22,1,1,1,1
CH,18.6.,1,wd,36,5,,,,1
CH,18.5.,1,oh,37,5,,,,1
CH,18.3.,1,wh,37,20,,,,1
CH,3,1,gs,38,10,1,1,1,1
CH,18.1.,1,ys,40,10,,,,1
CH,18.2.,1,bs,42,8,,,,1
CH,234,1,yd,42,42,,,1,1
CH,2,1,wc,45,45,1,1,1,1
CH,12,2,wh,5,25,1,1,1,1
CH,11,2,ys,10,22,1,1,0,NA
CH,14,2,ws,12,5,1,1,1,1
CH,216,2,yd,12,6,,1,0,NA
CH,217,2,rh,13,19,,1,1,1
CH,15,2,rs,13,33,1,1,1,1
CH,10,2,gs,14,21,1,1,1,1
CH,13,2,bd,15,10,1,1,1,1
CH,16,2,oc,16,41,1,1,0,1
CH,17,2,bd,20,50,1,1,1,0
CH,9,2,os,21,19,1,NA,1,0
CH,18,2,ys,21,48,1,1,1,1
CH,8,2,gc,22,21,1,1,1,1
CH,218,2,bd,22,23,,1,1,1
CH,206,2,gs,22,45,1,0,0,NA
CH,205,2,ws,23,24,1,1,1,1
CH,220,2,gs,24,1,,1,1,1
CH,219,2,wd,25,10,,1,1,1
CH,19,2,wc,27,20,1,1,1,1
CH,20,2,os,29,45,1,1,1,1
CH,21,2,rc,30,8,1,1,1,1
CH,18.7.,2,ys,30,8,,,,1
CH,5,2,ys,36,25,1,1,0,1
CH,23,2,gs,37,22,1,1,1,NA
CH,22,2,ys,40,21,1,1,1,1
CH,6,2,bd,45,18,1,1,1,1
CH,7,2,rc,47,15,1,1,1,1
CH,32,3,od,1,26,1,1,1,1
CH,26,3,ys,12,10,1,1,1,1
CH,35,3,rh,12,35,1,1,1,1
CH,29,3,bs,24,26,1,1,1,1
CH,27,3,oh,25,18,1,1,1,1
CH,34,3,yd,25,21,1,1,1,1
CH,24,3,rs,27,1,1,1,1,1
CH,18.8.,3,bs,30,12,,,,1
CH,18.9.,3,wh,32,12,,,,1
CH,33,3,bs,36,38,,,1,0
CH,25,3,rh,39,2,1,1,1,1
CH,30,3,bd,43,23,1,1,1,1
CH,244,3,gd,45,4,,,1,1
CH,31,3,ys,49,33,1,NA,1,1
CH,54,4,rh,15,16,1,1,1,1
CH,68,4,bs,15,34,,,1,0
CH,55,4,ws,16,21,1,1,1,1
CH,53,4,yc,17,15,1,1,1,1
CH,36,4,rc,19,3,1,1,1,1
CH,67,4,wc,19,35,1,1,1,1
CH,52,4,wd,20,14,1,1,1,1
CH,51,4,yd,22,10,1,1,1,1
CH,65,4,gs,23,28,1,1,1,1
CH,37,4,os,24,1,1,1,1,1
CH,38,4,bd,25,1,1,1,1,1
CH,63,4,rh,25,28,1,1,1,1
CH,39,4,yh,26,3,1,1,1,0
CH,41,4,rh,26,7,1,1,1,1
CH,64,4,os,27,32,1,1,1,1
CH,45,4,bs,29,12,1,1,1,1
CH,69,4,ws,29,44,1,1,1,1
CH,245,4,wc,30,35,,,1,0
CH,66,4,oh,31,36,1,1,1,1
CH,50,4,ws,32,17,1,1,1,1
CH,60,4,ys,32,26,1,1,1,1
CH,40,4,oc,33,1,1,1,1,1
CH,61,4,bs,33,28,1,1,1,1
CH,62,4,wc,33,32,1,1,1,1
CH,246,4,od,33,38,,,1,1
CH,42,4,gc,37,9,1,1,1,1
CH,59,4,gs,37,25,1,1,1,1
CH,71,4,bs,37,25,1,1,1,1
CH,43,4,rh,38,9,1,1,1,1
CH,44,4,ys,40,5,1,1,1,1
CH,56,4,bs,40,38,1,1,1,1
CH,74,4,od,41,0,1,1,1,1
CH,46,4,gh,43,14,1,1,1,1
CH,70,4,ys,43,42,1,1,1,1
CH,73,4,rh,43,49,1,1,1,1
CH,58,4,gd,44,31,1,1,1,1
CH,18.10.,4,wh,45,22,,,,1
CH,57,4,ws,46,27,1,1,1,1
CH,47,4,rh,47,13,1,1,1,1
CH,48,4,oc,47,17,1,1,1,1
CH,49,4,bs,48,16,1,1,1,1
CH,72,4,gc,48,49,1,1,1,1
CH,75,5,bd,3,30,1,1,1,1
CH,79,5,rh,7,45,1,1,1,1
CH,207,5,wd,8,38,1,1,1,1
CH,78,5,yd,8,39,1,1,0,NA
CH,77,5,os,10,30,1,1,1,1
CH,85,5,rh,14,30,1,1,1,1
CH,80,5,wc,14,50,1,1,1,1
CH,76,5,gs,15,16,1,1,1,1
CH,82,5,yc,19,40,1,1,1,1
CH,83,5,od,22,40,1,1,1,1
CH,81,5,gc,22,47,1,1,1,1
CH,86,5,rd,23,37,1,1,1,1
CH,87,5,wh,25,33,1,1,1,1
CH,84,5,wc,27,38,1,1,1,1
CH,88,5,oh,29,2,1,1,1,1
CH,92,5,gd,30,17,1,1,1,1
CH,208,5,rc,30,19,1,1,1,1
CH,91,5,ys,31,22,1,1,1,1
CH,95,5,rh,39,30,1,1,1,1
CH,93,5,yd,40,29,1,1,1,0
CH,247,5,rh,40,30,,,1,1
CH,248,5,yd,41,35,,,1,1
CH,89,5,gs,43,10,1,1,1,1
CH,249,5,bs,45,33,,,1,1
CH,90,5,ws,48,18,1,1,1,1
CH,94,5,oh,49,25,1,1,1,1
CH,222,6,rd,0,25,,1,1,1
CH,250,6,wd,1,17,,,1,1
CH,98,6,bs,2,23,1,1,1,1
CH,100,6,oc,2,34,1,1,1,1
CH,105,6,yd,5,25,1,1,1,1
CH,101,6,bd,7,32,1,1,1,1
CH,103,6,yd,8,36,1,1,1,1
CH,251,6,oh,9,2,,,1,1
CH,221,6,wh,9,3,,1,1,1
CH,99,6,os,16,15,1,1,1,1
CH,96,6,oh,25,7,1,1,0,1
CH,97,6,ys,26,6,1,1,1,1
CH,104,6,ys,27,4,1,1,1,0
CH,102,6,ys,35,41,1,1,1,1
CH,18.11.,6,bd,42,22,,,,1
CH,107,7,oc,9,8,1,1,1,1
CH,224,7,yd,24,8,,1,1,1
CH,223,7,gd,25,18,,1,1,1
CH,115,7,wc,29,20,1,1,1,1
CH,106,7,rc,30,31,1,NA,1,1
CH,18.12.,7,rc,32,10,,,,1
CH,18.13.,7,bs,37,25,,,,1
CH,109,7,bd,40,16,1,1,1,1
CH,209,7,os,40,23,1,1,0,NA
CH,114,7,gs,40,36,1,1,0,NA
CH,113,7,yh,40,37,1,1,0,NA
CH,111,7,wh,41,23,1,1,0,1
CH,112,7,oh,41,38,1,1,1,1
CH,108,7,yd,42,15,1,1,1,1
CH,110,7,rh,42,16,1,1,0,NA
CH,116,7,wh,45,8,1,1,1,1
CH,118,8,yd,2,6,1,0,,NA
CH,126,8,gd,5,1,1,0,,NA
CH,127,8,yd,7,0,1,1,1,0
CH,117,8,bs,8,6,1,1,1,0
CH,225,8,wc,8,22,,1,1,0
CH,124,8,rc,9,17,1,1,1,1
CH,119,8,rd,10,8,1,1,0,NA
CH,129,8,gc,10,37,1,1,1,1
CH,120,8,rc,11,6,1,1,1,1
CH,125,8,ws,11,16,1,1,1,0
CH,121,8,bd,13,3,1,1,1,1
CH,123,8,rh,14,17,1,NA,1,1
CH,122,8,gc,15,8,1,1,0,NA
CH,128,8,rh,15,30,1,1,1,1
CH,130,8,od,20,32,1,1,1,0
CH,131,8,rc,33,0,1,1,1,1
CH,252,8,gh,38,48,,,1,1
CH,253,8,ys,40,30,,,1,1
CH,132,8,wc,47,0,1,0,,NA
CH,134,9,oh,3,20,1,1,1,1
CH,133,9,yd,3,28,1,NA,1,0
CH,254,9,wh,9,45,,,1,1
CH,138,9,oh,16,45,1,1,1,1
CH,228,9,od,18,20,,1,0,NA
CH,137,9,gs,18,38,,,1,1
CH,135,9,bs,19,2,1,1,0,NA
CH,227,9,rc,20,20,,1,0,NA
CH,136,9,rc,20,25,1,0,0,NA
CH,226,9,yd,21,20,,1,0,1
CH,149,9,oh,25,30,1,1,1,1
CH,139,9,rs,29,4,1,1,1,0
CH,141,9,wc,31,33,1,1,0,NA
CH,142,9,bs,31,42,1,1,1,0
CH,140,9,ys,31,45,1,1,0,NA
CH,147,9,os,34,15,1,1,0,1
CH,148,9,rc,35,18,1,1,1,1
CH,144,9,oc,42,31,1,1,1,0
CH,146,9,ys,43,3,1,1,0,1
CH,145,9,bs,46,11,1,1,1,1
CH,143,9,ys,47,49,1,1,1,0
CH,152,10,wc,5,14,1,1,1,0
CH,151,10,oh,5,15,1,0,0,NA
CH,229,10,bs,10,15,,1,0,NA
CH,155,10,rh,13,29,1,1,1,1
CH,150,10,bd,25,12,1,1,0,NA
CH,154,10,gh,30,39,1,1,0,NA
CH,157,10,gd,34,12,1,0,0,NA
CH,210,10,rh,34,15,1,1,0,NA
CH,156,10,bd,37,37,1,1,1,0
CH,153,10,rc,40,31,1,1,1,1
CH,158,11,rd,5,3,1,1,1,1
CH,239,11,rs,5,23,,,1,1
CH,162,11,bs,5,27,1,1,1,1
CH,163,11,ws,8,38,1,1,1,1
CH,181,11,gd,10,19,,,1,1
CH,170,11,wc,14,17,1,1,1,1
CH,179,11,oh,15,26,1,1,1,0
CH,166,11,bd,16,29,1,1,1,1
CH,171,11,oc,20,20,1,1,1,1
CH,165,11,ys,20,31,1,1,1,1
CH,164,11,gs,20,35,1,1,1,1
CH,235,11,bd,20,45,,,1,1
CH,172,11,od,21,32,1,1,0,1
CH,173,11,bd,24,49,1,1,1,1
CH,236,11,wc,26,2,,,1,1
CH,174,11,yc,27,27,1,1,1,1
CH,237,11,yd,28,5,,,1,1
CH,159,11,oh,30,7,1,1,1,1
CH,180,11,gs,30,21,1,1,1,1
CH,160,11,wc,31,10,1,1,1,1
CH,167,11,gd,31,30,1,1,0,1
CH,161,11,gh,33,8,1,1,1,0
CH,178,11,gs,34,20,1,1,1,1
CH,238,11,bs,38,7,,,1,1
CH,18.14.,11,bs,40,4,,,,1
CH,176,11,oh,40,25,1,1,1,1
CH,168,11,bd,40,30,1,1,1,1
CH,177,11,yd,41,23,1,1,1,1
CH,169,11,oh,42,18,1,1,1,1
CH,175,11,gs,45,32,1,1,1,1
CH,189,12,wh,1,15,1,1,1,1
CH,190,12,ys,2,20,1,1,1,1
CH,188,12,bs,3,7,1,1,1,NA
CH,192,12,gs,5,45,1,1,1,1
CH,211,12,bd,11,30,1,1,0,NA
CH,191,12,oh,11,32,1,1,0,NA
CH,212,12,rh,12,30,1,1,0,NA
CH,187,12,oc,13,18,1,1,1,1
CH,233,12,wd,17,13,,1,0,NA
CH,231,12,oc,18,12,,1,0,NA
CH,232,12,ys,18,14,,1,0,NA
CH,186,12,yh,19,7,1,1,1,1
CH,230,12,rh,22,20,,1,1,1
CH,185,12,rs,26,4,1,1,0,NA
CH,214,12,ws,30,30,1,1,0,1
CH,184,12,oh,31,31,1,1,1,1
CH,213,12,bc,32,44,1,1,1,1
CH,183,12,gs,32,45,1,1,1,1
CH,18.15.,12,wh,33,14,,,,1
CH,215,12,rd,37,20,1,1,1,1
CH,182,12,yd,39,10,1,1,1,1
CH,240,12,gh,40,12,,,1,1
CH,241,13,wd,18,12,,,1,1
CH,194,13,gs,19,18,1,1,0,NA
CH,242,13,oc,20,10,,,1,1
CH,243,13,ys,20,13,,,1,0
CH,199,13,yc,25,13,1,1,0,NA
CH,195,13,od,28,19,1,1,1,1
CH,196,13,rc,38,20,1,1,1,1
CH,18.18.,13,wh,43,1,,,,1
CH,18.19.,13,yh,47,15,,,,1
CH,197,13,bd,49,14,1,1,1,1
CH,198,13,wh,50,45,1,1,1,0
CH,200,14,bd,1,15,1,1,0,NA
CH,204,14,wh,3,32,1,0,1,1
CH,203,14,gs,17,4,1,1,0,NA
CH,18.16.,14,rc,25,5,,,,1
CH,202,14,yd,25,50,1,1,0,NA
CH,18.17.,14,oc,27,2,,,,1
CH,201,14,wc,30,30,1,1,0,NA
CM,37,1,wp,0,10,1,0,,1
CM,319,1,ys,1,9,,1,1,0
CM,18.1.,1,rh,1,12,,,,1
CM,13,1,yp,3,26,1,1,1,1
CM,34,1,gs,5,8,1,1,0,1
CM,338,1,wh,5,11,,,1,0
CM,28,1,bh,5,12,1,1,1,1
CM,39,1,od,5,13,1,1,1,1
CM,32,1,bh,8,1,1,1,1,1
CM,27,1,bp,8,12,,,,1
CM,38,1,bh,8,13,1,0,,1
CM,339,1,gd,9,23,,,1,0
CM,320,1,yp,12,16,,1,1,1
CM,321,1,bp,12,44,,1,1,1
CM,3,1,wh,13,15,1,1,1,1
CM,5,1,gh,13,22,1,1,1,1
CM,33,1,oh,14,3,1,1,1,1
CM,4,1,rh,14,15,1,1,1,1
CM,25,1,oh,14,50,1,0,,1
CM,322,1,bd,15,7,,1,1,1
CM,40,1,rh,15,10,1,1,1,1
CM,29,1,yh,15,20,1,0,,NA
CM,12,1,wh,15,43,1,1,1,1
CM,35,1,oh,16,6,1,1,1,1
CM,36,1,yp,16,7,1,1,1,1
CM,2,1,yh,16,26,1,1,1,1
CM,23,1,bp,18,16,1,1,1,1
CM,20,1,yh,19,43,1,1,0,1
CM,22,1,bd,20,22,1,1,1,1
CM,323,1,op,21,18,,,1,1
CM,26,1,rh,21,21,1,1,1,1
CM,9,1,gd,23,19,1,1,1,1
CM,11,1,yh,23,40,1,1,1,1
CM,42,1,gd,24,7,1,0,,NA
CM,46,1,gp,24,10,1,1,1,1
CM,10,1,gh,24,39,1,1,1,1
CM,41,1,od,25,10,1,0,1,1
CM,324,1,rh,25,15,,1,1,1
CM,14,1,oh,27,25,1,1,1,1
CM,19,1,gp,27,47,1,1,1,1
CM,43,1,wc,28,9,1,0,,NA
CM,31,1,os,29,1,1,0,,NA
CM,326,1,wp,29,13,,1,1,1
CM,21,1,op,30,30,1,1,1,1
CM,24,1,wh,32,24,1,1,1,1
CM,329,1,rc,33,5,1,0,,NA
CM,45,1,oh,33,7,1,1,1,1
CM,44,1,yp,33,8,1,1,1,1
CM,328,1,od,33,10,,1,1,1
CM,30,1,rs,34,35,1,0,0,NA
CM,17,1,gd,35,31,1,1,1,1
CM,7,1,oh,36,43,1,1,1,1
CM,330,1,gp,37,17,,,1,1
CM,18,1,bp,40,50,1,1,1,1
CM,331,1,oh,41,32,,,1,1
CM,332,1,rh,41,45,,1,1,1
CM,47,1,bp,42,2,1,1,1,1
CM,48,1,yd,42,2,1,1,1,1
CM,50,1,wp,43,3,1,1,1,1
CM,1,1,rp,43,14,1,1,1,1
CM,6,1,gd,43,34,1,1,1,1
CM,333,1,bh,43,41,,,1,1
CM,49,1,rh,44,2,1,0,1,0
CM,18.31.,1,wd,44,44,,,,1
CM,8,1,wh,44,44,1,0,1,NA
CM,334,1,gh,46,5,,,1,1
CM,335,1,bd,47,44,,,1,1
CM,336,1,gp,48,42,,,1,1
CM,337,1,yh,48,43,,,1,1
CM,15,1,wd,48,45,1,0,,1
CM,16,1,rs,48,46,1,0,,NA
CM,18.2.,1,h,NA,NA,,,,1
CM,54,2,gc,2,17,1,1,1,NA
CM,350,2,yp,2,21,,1,1,1
CM,351,2,gc,2,22,,1,NA,NA
CM,55,2,rh,2,25,1,1,1,1
CM,357,2,ys,3,36,,1,0,1
CM,57,2,wp,3,39,1,1,1,1
CM,358,2,bp,3,42,,,1,1
CM,58,2,gd,3,42,1,1,1,0
CM,52,2,wd,4,10,1,0,,NA
CM,53,2,oh,5,12,1,1,1,1
CM,56,2,bp,5,29,1,1,1,1
CM,62,2,yh,6,25,1,1,1,1
CM,371,2,bh,8,11,,1,1,1
CM,64,2,rh,8,12,1,1,1,1
CM,61,2,wp,8,29,1,0,NA,1
CM,372,2,rd,8,44,,,1,1
CM,373,2,gp,9,13,,,1,1
CM,374,2,gh,9,24,,,1,1
CM,375,2,yd,9,26,,,1,1
CM,51,2,yp,10,1,1,1,1,1
CM,341,2,bp,10,2,,,1,1
CM,340,2,yh,10,18,,1,1,1
CM,342,2,oh,10,24,,1,1,1
CM,63,2,rd,11,15,1,1,1,1
CM,60,2,gh,11,43,1,0,NA,1
CM,343,2,wp,14,9,,1,1,1
CM,344,2,gc,15,11,,,1,1
CM,72,2,wh,16,21,1,1,1,1
CM,59,2,oh,16,47,1,1,1,1
CM,68,2,bp,17,20,1,1,1,1
CM,69,2,wd,18,7,1,1,1,1
CM,67,2,ys,18,28,1,0,NA,NA
CM,345,2,yd,18,42,,,1,1
CM,70,2,yp,19,2,1,1,1,1
CM,349,2,oh,19,9,,1,1,1
CM,346,2,wd,19,20,,,1,1
CM,76,2,yd,19,21,1,0,NA,NA
CM,77,2,bd,19,38,1,0,NA,NA
CM,66,2,rd,19,40,1,1,1,1
CM,347,2,wh,19,42,,,1,1
CM,348,2,gp,19,45,,,1,1
CM,71,2,oh,20,10,1,1,1,NA
CM,352,2,rp,20,20,,1,1,1
CM,79,2,yd,20,25,1,1,1,1
CM,353,2,bp,20,37,,1,1,NA
CM,65,2,wp,22,49,1,1,1,1
CM,74,2,yh,24,2,1,1,1,1
CM,18.4.,2,bp,25,11,,,,1
CM,354,2,bp,25,25,,,1,1
CM,78,2,wh,25,30,1,1,1,1
CM,73,2,rp,26,10,1,1,1,1
CM,18.3.,2,wh,27,10,,,,1
CM,75,2,gh,28,15,1,1,1,1
CM,18.41.,2,yd,28,30,,,,1
CM,356,2,wd,29,30,,,1,1
CM,81,2,gp,30,5,1,1,1,1
CM,18.9.,2,rd,30,20,,,,1
CM,80,2,wd,31,3,1,1,1,1
CM,359,2,oh,31,27,,,1,1
CM,18.10.,2,dh,32,18,,,,1
CM,360,2,yh,32,25,,,1,1
CM,361,2,gp,32,32,,,1,1
CM,18.11.,2,wp,33,21,,,,1
CM,362,2,rd,33,26,,,1,1
CM,83,2,oh,35,4,1,1,1,1
CM,82,2,gh,35,10,1,1,1,1
CM,84,2,gd,35,16,1,1,1,1
CM,85,2,rp,35,42,1,1,1,1
CM,18.7.,2,bh,36,13,,,,1
CM,18.8.,2,rp,36,14,,,,1
CM,87,2,rs,36,26,1,0,,NA
CM,364,2,bp,36,29,,,1,1
CM,365,2,gp,37,29,,,1,1
CM,86,2,gh,37,35,1,1,1,1
CM,366,2,oh,39,13,,,1,1
CM,367,2,yh,39,24,,,1,1
CM,88,2,wp,40,13,1,1,1,1
CM,18.33.,2,bh,40,15,,,,1
CM,89,2,bs,40,15,1,0,,NA
CM,368,2,bh,40,24,,,1,1
CM,369,2,bs,40,34,,1,NA,NA
CM,18.5.,2,yp,41,9,,,,1
CM,18.34.,2,rh,48,36,,,,1
CM,95,2,wd,43,0,1,0,,NA
CM,94,2,rp,43,1,1,1,1,1
CM,92,2,yp,43,17,1,1,1,1
CM,370,2,wh,44,17,,,1,1
CM,18.6.,2,bp,46,7,,,,1
CM,91,2,yd,47,30,1,0,,NA
CM,90,2,wc,48,36,1,0,,NA
CM,93,2,oc,50,9,1,0,,NA
CM,376,3,od,1,8,,1,1,NA
CM,122,3,rh,2,23,1,1,1,NA
CM,123,3,ws,3,16,1,0,,NA
CM,403,3,rc,5,4,,,1,NA
CM,124,3,gh,5,10,1,1,1,NA
CM,401,3,rc,5,34,,1,NA,NA
CM,402,3,bs,5,39,,1,1,NA
CM,405,3,gs,6,30,,1,1,NA
CM,406,3,oh,9,50,,1,1,NA
CM,377,3,bd,12,10,,1,1,NA
CM,378,3,yd,12,12,,1,1,NA
CM,379,3,oh,12,32,,1,1,NA
CM,380,3,ws,14,15,,1,1,NA
CM,381,3,wc,14,28,,1,1,NA
CM,18.44.,3,yd,14,28,,1,1,NA
CM,382,3,wc,14,28,,,1,NA
CM,18.45.,3,yd,14,28,,,1,NA
CM,383,3,yc,14,50,,1,1,NA
CM,384,3,yd,15,28,,1,NA,NA
CM,108,3,rh,17,3,1,0,,NA
CM,135,3,rd,17,11,1,1,1,NA
CM,119,3,gs,17,40,1,1,1,NA
CM,109,3,gc,18,3,1,1,1,NA
CM,118,3,rd,19,35,1,0,,NA
CM,121,3,rh,20,30,1,1,1,NA
CM,103,3,rc,22,8,1,1,1,NA
CM,385,3,wh,22,50,,1,1,NA
CM,386,3,os,23,20,,1,1,NA
CM,127,3,oh,24,4,1,1,1,NA
CM,125,3,bd,25,2,1,1,1,NA
CM,102,3,ys,25,13,1,1,1,NA
CM,387,3,bd,25,14,,,1,NA
CM,120,3,bs,26,45,1,1,1,NA
CM,126,3,bd,29,7,1,0,,NA
CM,388,3,gh,30,31,,1,1,NA
CM,139,3,rc,30,32,1,1,1,NA
CM,115,3,wc,31,25,1,1,1,NA
CM,389,3,wh,31,39,,1,1,NA
CM,390,3,wd,31,47,,1,1,NA
CM,101,3,gh,32,20,1,1,1,NA
CM,391,3,rd,32,21,,1,1,NA
CM,138,3,yd,32,31,1,1,1,NA
CM,137,3,oc,32,33,NA,0,,NA
CM,392,3,bs,32,35,,1,1,NA
CM,393,3,bd,33,21,,1,0,NA
CM,99,3,oh,35,15,1,1,1,NA
CM,394,3,rh,35,16,,1,1,NA
CM,130,3,oh,35,35,1,1,1,NA
CM,395,3,oc,35,40,,1,1,NA
CM,117,3,os,36,40,1,1,1,NA
CM,396,3,rs,36,45,,1,1,NA
CM,98,3,rc,37,13,1,0,,NA
CM,100,3,ws,37,20,1,0,,NA
CM,136,3,bh,38,31,1,1,1,NA
CM,114,3,ws,38,38,1,1,1,NA
CM,397,3,ys,39,0,,1,1,NA
CM,97,3,ws,40,12,1,1,1,NA
CM,113,3,gh,40,30,1,1,1,NA
CM,112,3,bs,40,30,1,0,,NA
CM,128,3,gs,41,40,1,1,1,NA
CM,129,3,gd,41,41,1,0,,NA
CM,398,3,gc,41,49,,1,1,NA
CM,111,3,gh,42,28,1,0,,NA
CM,132,3,bs,42,30,1,1,1,NA
CM,110,3,os,44,27,1,0,,NA
CM,104,3,wh,45,6,1,1,1,NA
CM,133,3,ys,45,49,1,1,1,NA
CM,96,3,gd,46,11,1,1,1,NA
CM,106,3,oh,46,16,1,1,1,NA
CM,399,3,rc,46,48,,1,1,NA
CM,116,3,rc,47,32,1,1,1,NA
CM,400,3,rh,48,15,,1,0,NA
CM,105,3,gs,48,17,1,1,1,NA
CM,131,3,oh,48,36,1,1,1,NA
CM,107,3,ws,50,20,1,1,1,NA
CM,404,3,gc,50,45,,1,1,NA
CM,143,4,bd,0,19,1,1,1,NA
CM,150,4,wd,0,48,1,1,1,NA
CM,144,4,gd,1,28,1,1,1,NA
CM,145,4,gs,1,31,1,0,,NA
CM,148,4,bh,1,39,1,1,1,NA
CM,140,4,os,2,7,1,0,,NA
CM,414,4,rs,2,23,,1,1,NA
CM,149,4,od,2,41,1,0,,NA
CM,421,4,wh,3,25,,1,1,NA
CM,152,4,rh,3,48,1,0,,NA
CM,146,4,os,4,31,1,1,1,NA
CM,154,4,bs,4,49,1,1,1,NA
CM,426,4,gc,5,29,,,1,NA
CM,153,4,oc,5,47,1,1,1,NA
CM,142,4,rc,6,17,1,1,1,NA
CM,147,4,rs,6,31,1,1,1,NA
CM,151,4,rd,6,47,1,1,1,NA
CM,141,4,wd,8,20,1,0,,NA
CM,155,4,yc,8,45,1,1,0,NA
CM,427,4,yc,9,4,,1,1,NA
CM,407,4,wc,10,16,,1,1,NA
CM,408,4,ys,10,50,,,1,NA
CM,156,4,wd,11,41,1,0,,NA
CM,409,4,wc,11,47,,,1,NA
CM,157,4,yd,13,25,1,1,1,NA
CM,158,4,gc,13,28,1,1,1,NA
CM,410,4,rd,16,14,,1,1,NA
CM,411,4,wc,16,40,,1,1,NA
CM,159,4,wc,18,1,1,1,1,NA
CM,412,4,gs,18,17,,1,1,NA
CM,160,4,oc,18,48,1,1,1,NA
CM,413,4,od,19,29,,,1,NA
CM,415,4,ob,20,21,,1,0,NA
CM,416,4,oh,20,22,,1,1,NA
CM,162,4,rh,20,35,1,0,,NA
CM,417,4,oc,20,49,,1,0,NA
CM,161,4,wd,21,48,1,1,1,NA
CM,175,4,rc,23,40,1,1,1,NA
CM,176,4,os,24,47,1,1,1,NA
CM,418,4,ws,25,26,,,1,NA
CM,419,4,gd,25,40,,,1,NA
CM,163,4,oc,27,1,1,1,1,NA
CM,420,4,oc,27,3,,,1,NA
CM,174,4,bs,28,39,1,0,,NA
CM,166,4,ys,30,15,1,1,1,NA
CM,165,4,wb,31,35,1,1,1,NA
CM,422,4,rb,31,45,,0,1,NA
CM,423,4,bc,33,44,,1,1,NA
CM,167,4,gs,34,11,1,1,1,NA
CM,164,4,gd,36,34,1,1,1,NA
CM,169,4,bd,39,50,1,1,1,NA
CM,424,4,oc,40,40,,,1,NA
CM,170,4,ys,44,42,1,1,1,NA
CM,168,4,wh,47,2,1,1,1,NA
CM,173,4,rh,48,20,1,1,1,NA
CM,425,4,gs,48,44,,,1,NA
CM,171,4,ws,50,26,1,NA,1,NA
CM,172,4,ws,50,26,1,1,1,NA
CM,428,5,yh,0,19,,1,1,NA
CM,221,5,gd,0,38,1,0,,NA
CM,429,5,oc,1,19,,1,1,NA
CM,202,5,wh,1,20,1,1,1,NA
CM,203,5,wc,2,27,1,1,1,NA
CM,204,5,oh,2,29,1,1,1,NA
CM,220,5,bs,2,41,1,0,,NA
CM,448,5,bd,3,22,,1,1,NA
CM,214,5,gc,3,32,1,1,1,NA
CM,205,5,ys,3,35,1,1,1,NA
CM,455,5,rh,4,18,,1,1,NA
CM,212,5,wh,4,29,1,1,1,NA
CM,201,5,oc,5,17,1,1,1,NA
CM,213,5,yh,5,30,1,1,1,NA
CM,206,5,gc,5,31,1,1,1,NA
CM,217,5,bd,5,49,1,1,1,NA
CM,461,5,bs,6,35,,1,1,NA
CM,218,5,yd,7,47,1,0,,NA
CM,219,5,gs,8,50,1,1,1,NA
CM,200,5,wh,10,18,1,1,1,NA
CM,210,5,bd,10,21,NA,0,,NA
CM,207,5,wh,10,32,1,1,1,NA
CM,430,5,wh,10,42,,,1,NA
CM,208,5,gc,11,32,1,1,1,NA
CM,216,5,gs,13,42,1,1,1,NA
CM,223,5,bd,14,17,1,1,1,NA
CM,431,5,rc,14,25,,1,1,NA
CM,432,5,bs,15,2,,1,1,NA
CM,198,5,rh,15,14,1,1,1,NA
CM,433,5,od,15,21,,1,1,NA
CM,211,5,wh,16,22,1,1,1,NA
CM,209,5,oh,16,25,1,0,,NA
CM,199,5,yd,17,21,1,1,1,NA
CM,434,5,od,17,30,,1,1,NA
CM,435,5,os,18,10,,1,1,NA
CM,436,5,gs,18,18,,1,1,NA
CM,215,5,yd,19,40,1,1,1,NA
CM,437,5,wc,20,37,,,1,NA
CM,438,5,rd,21,39,,,1,NA
CM,439,5,bs,21,40,,1,1,NA
CM,440,5,gd,23,12,,1,1,NA
CM,441,5,os,23,28,,1,1,NA
CM,442,5,rd,23,30,,1,1,NA
CM,443,5,rc,24,39,,1,1,NA
CM,184,5,bs,25,1,1,1,1,NA
CM,180,5,rd,25,12,1,1,1,NA
CM,444,5,wb,25,13,,1,1,NA
CM,445,5,gc,25,19,,1,1,NA
CM,197,5,wc,25,27,1,1,1,NA
CM,183,5,ys,26,3,1,1,1,NA
CM,446,5,od,27,4,,1,1,NA
CM,447,5,wd,28,5,,1,1,NA
CM,182,5,wh,28,7,NA,0,,NA
CM,181,5,bh,28,8,1,1,1,NA
CM,449,5,wh,30,0,,1,1,NA
CM,222,5,yd,30,30,1,1,1,NA
CM,450,5,gd,30,33,,1,1,NA
CM,194,5,wh,32,42,1,1,1,NA
CM,451,5,gd,34,43,,,1,NA
CM,452,5,gd,35,2,,1,1,NA
CM,224,5,gc,35,20,1,0,,NA
CM,454,5,bs,36,6,,1,1,NA
CM,453,5,os,36,19,,,1,NA
CM,190,5,bd,36,38,1,1,1,NA
CM,192,5,bs,37,31,1,1,1,NA
CM,179,5,rh,38,14,1,1,1,NA
CM,196,5,wc,38,18,1,1,1,NA
CM,195,5,wd,38,31,1,1,1,NA
CM,193,5,wc,39,30,1,1,1,NA
CM,191,5,oh,39,32,1,1,1,NA
CM,177,5,bd,40,22,1,1,1,NA
CM,456,5,rc,40,32,,1,1,NA
CM,457,5,ys,40,33,,,1,NA
CM,189,5,oh,41,41,1,1,1,NA
CM,188,5,gd,42,40,1,1,1,NA
CM,458,5,oh,43,23,,,1,NA
CM,459,5,yd,43,25,,,1,NA
CM,178,5,rd,45,13,1,1,1,NA
CM,460,5,gs,46,27,,1,1,NA
CM,225,5,rc,46,44,1,1,1,NA
CM,226,5,rh,47,28,NA,0,,NA
CM,185,5,oc,49,42,1,0,,NA
CM,187,5,os,49,43,1,1,1,NA
CM,186,5,gs,50,46,1,1,1,NA
CM,462,6,rh,0,0,,1,NA,NA
CM,463,6,bd,0,11,,1,1,1
CM,238,6,bs,1,4,1,0,,NA
CM,277,6,yh,1,49,1,1,1,1
CM,274,6,bh,2,38,1,1,1,1
CM,242,6,rp,3,15,1,1,1,1
CM,497,6,yp,4,27,,1,1,1
CM,498,6,rh,4,30,,1,1,1
CM,263,6,rh,5,12,1,1,1,1
CM,503,6,gd,5,22,,1,1,1
CM,504,6,wd,5,28,,1,1,1
CM,505,6,bd,5,42,,1,1,1
CM,506,6,rd,6,10,,1,1,0
CM,264,6,od,6,15,,,,1
CM,237,6,wd,7,6,1,1,1,1
CM,507,6,od,7,10,,1,1,0
CM,508,6,yd,7,36,,1,1,1
CM,509,6,wd,7,48,,,1,1
CM,510,6,bp,8,0,,1,1,1
CM,512,6,yp,8,5,,1,1,1
CM,511,6,yp,8,10,,1,1,1
CM,239,6,gp,9,8,1,1,1,1
CM,243,6,yd,9,9,1,1,1,1
CM,464,6,bp,10,18,,1,1,1
CM,465,6,op,10,42,,1,1,1
CM,273,6,od,11,25,,1,1,1
CM,246,6,gd,12,15,1,1,1,1
CM,466,6,bh,12,28,,,1,1
CM,236,6,wp,13,4,1,1,1,1
CM,467,6,od,13,12,,1,1,1
CM,272,6,op,13,22,,1,1,1
CM,468,6,rh,13,28,,1,1,1
CM,469,6,yh,14,23,,1,1,1
CM,470,6,yd,15,32,,1,1,1
CM,471,6,bp,16,14,,1,1,1
CM,472,6,od,16,37,,1,1,1
CM,245,6,bd,17,8,1,1,1,1
CM,473,6,wd,17,20,,1,1,1
CM,235,6,bd,18,1,1,0,,NA
CM,476,6,rh,18,9,,1,1,0
CM,474,6,rp,18,20,,1,1,1
CM,475,6,wd,18,46,,1,1,1
CM,262,6,rd,19,15,1,1,1,1
CM,477,6,rh,19,20,,1,1,1
CM,478,6,gd,22,12,,,1,1
CM,265,6,rd,22,24,1,1,1,1
CM,479,6,yp,23,23,,1,1,1
CM,480,6,yd,23,40,,1,1,1
CM,481,6,bh,24,40,,1,1,1
CM,482,6,bh,25,10,,1,1,1
CM,271,6,bp,25,27,1,1,1,1
CM,483,6,yh,26,11,,1,1,1
CM,18.12.,6,wd,26,10,,,,1
CM,484,6,gc,26,25,,1,1,0
CM,485,6,bd,26,47,,,1,1
CM,486,6,op,27,0,,,1,1
CM,257,6,gp,28,10,1,1,1,1
CM,487,6,od,29,0,,1,NA,NA
CM,234,6,gh,29,6,1,0,,NA
CM,261,6,bh,29,20,1,1,1,1
CM,488,6,yd,29,29,,,1,0
CM,270,6,yp,29,35,1,1,1,1
CM,489,6,oh,30,19,,1,1,1
CM,18.13.,6,bd,30,33,,,,1
CM,232,6,op,32,8,1,1,1,1
CM,490,6,wp,33,16,,1,1,1
CM,18.15.,6,wp,33,25,,,,1
CM,491,6,op,33,37,,1,1,1
CM,492,6,rp,33,38,,1,1,1
CM,493,6,bh,33,38,,1,1,1
CM,233,6,rh,34,8,1,1,1,1
CM,231,6,rh,35,5,1,0,,NA
CM,494,6,gh,35,21,,1,1,1
CM,278,6,gd,35,40,1,1,1,1
CM,276,6,op,35,45,,,,1
CM,258,6,rh,36,16,1,1,1,1
CM,268,6,wd,36,30,1,0,,NA
CM,495,6,wd,37,22,,1,1,1
CM,254,6,oc,38,13,1,1,1,0
CM,269,6,rc,38,31,1,0,,NA
CM,253,6,bp,39,5,1,1,1,1
CM,255,6,oc,39,10,1,0,,NA
CM,496,6,oh,39,48,,1,1,1
CM,259,6,wd,40,17,1,1,1,1
CM,260,6,rd,40,23,1,1,1,1
CM,18.14.,6,oh,41,2,,,,1
CM,248,6,yd,41,15,1,1,1,1
CM,499,6,bp,41,23,,1,1,1
CM,228,6,yd,42,5,1,1,0,NA
CM,500,6,oh,42,16,,1,1,1
CM,227,6,wd,43,6,1,1,1,1
CM,501,6,bd,43,12,,1,0,0
CM,250,6,gp,44,10,1,1,1,1
CM,249,6,yp,45,7,1,1,1,1
CM,230,6,rp,46,6,1,1,1,1
CM,18.16.,6,gd,46,15,,,,1
CM,251,6,wd,47,16,1,1,1,1
CM,266,6,oh,48,32,1,1,1,1
CM,502,6,bd,48,34,,,1,1
CM,275,6,wp,48,38,1,1,1,1
CM,229,6,yd,49,5,1,1,1,1
CM,252,6,ys,50,2,1,0,,NA
CM,513,7,yd,1,25,,1,1,1
CM,514,7,wp,1,35,,1,1,1
CM,312,7,wh,2,15,1,1,1,1
CM,289,7,rh,2,33,1,1,1,1
CM,523,7,bp,3,5,,1,1,1
CM,281,7,wp,3,9,1,1,1,1
CM,18.35.,7,wp,4,44,,,,1
CM,290,7,wc,4,44,1,0,,NA
CM,18.17.,7,oh,5,22,,,,1
CM,18.18.,7,oh,5,33,,,,1
CM,313,7,gd,6,12,1,0,,1
CM,285,7,bp,6,27,1,1,1,1
CM,299,7,wp,7,29,1,1,1,1
CM,532,7,yh,7,48,,1,1,1
CM,18.36.,7,yd,8,8,,,,1
CM,280,7,wc,8,8,1,0,,NA
CM,18.37.,7,wp,8,38,,,,1
CM,288,7,wd,8,38,1,0,,NA
CM,308,7,bd,10,19,,,,1
CM,310,7,gh,10,22,1,1,1,1
CM,18.38.,7,yd,10,36,,,,1
CM,287,7,yd,10,36,1,0,,NA
CM,302,7,bh,10,47,1,0,,1
CM,279,7,gh,12,2,1,1,1,1
CM,298,7,op,12,10,1,1,1,1
CM,311,7,yd,12,16,1,1,1,1
CM,309,7,rp,12,20,1,1,1,1
CM,291,7,wp,12,44,1,1,1,1
CM,18.39.,7,bd,14,22,,,,1
CM,515,7,bd,14,22,,1,1,NA
CM,292,7,op,15,43,1,1,1,1
CM,18.40.,7,gs,20,31,,,,1
CM,516,7,gs,20,31,,,1,NA
CM,517,7,oh,22,30,,,1,0
CM,518,7,rp,23,11,,1,1,1
CM,519,7,yh,24,16,,1,1,1
CM,520,7,gp,24,28,,1,1,1
CM,315,7,rh,24,49,1,1,1,1
CM,521,7,op,25,15,,1,1,1
CM,316,7,op,25,31,,,,1
CM,18.19.,7,rh,29,11,,,,1
CM,522,7,oh,29,50,,1,0,1
CM,524,7,bp,30,42,,1,1,1
CM,282,7,gh,31,0,1,0,,NA
CM,303,7,rh,32,20,1,0,,1
CM,297,7,bp,35,16,1,1,1,1
CM,525,7,bd,35,25,,1,1,0
CM,283,7,wp,36,4,1,1,0,1
CM,284,7,gd,37,5,1,1,1,1
CM,301,7,wd,37,40,1,0,,1
CM,293,7,rp,38,43,1,1,1,1
CM,318,7,op,39,36,1,1,1,1
CM,18.20.,7,yh,40,15,,,,1
CM,307,7,rh,41,11,1,0,,NA
CM,300,7,wh,41,36,1,1,1,1
CM,18.21.,7,bh,42,25,,,,1
CM,295,7,os,42,29,1,0,,NA
CM,526,7,yp,42,43,,1,1,1
CM,527,7,yd,43,3,,,1,1
CM,304,7,ys,43,33,1,0,,NA
CM,305,7,bd,43,36,1,1,1,1
CM,286,7,op,44,7,1,1,1,1
CM,18.24.,7,wd,44,24,,,,1
CM,528,7,op,44,43,,1,1,1
CM,529,7,wh,45,1,,1,1,1
CM,18.23.,7,op,45,25,,,,1
CM,296,7,yd,46,13,1,0,,NA
CM,18.25.,7,gh,46,21,,,,1
CM,18.22.,7,yd,47,24,,,,1
CM,530,7,gd,47,47,,1,1,1
CM,18.26.,7,rh,48,5,,,,1
CM,531,7,gh,48,15,,1,1,1
CM,18.28.,7,gp,48,22,,,,1
CM,294,7,yh,48,28,1,1,1,1
CM,18.27.,7,wp,49,12,,,,1
CM,317,7,bp,50,8,1,1,1,1
GSP-B,1,east,gh,0,6,,,,1
GSP-B,2,east,wp,4,20,,,,0
GSP-B,3,east,bp,5,11,,,,1
GSP-B,4,east,wp,5,23,,,,1
GSP-B,5,east,yp,5,25,,,,1
GSP-B,6,east,wp,6,11,,,,1
GSP-B,7,east,op,7,10,,,,1
GSP-B,8,east,rp,8,8,,,,1
GSP-B,9,east,bp,8,30,,,,1
GSP-B,10,east,yh,10,12,,,,1
GSP-B,11,east,yh,14,28,,,,1
GSP-B,12,east,gh,16,29,,,,1
GSP-B,13,east,oh,17,27,,,,1
GSP-B,14,east,yp,19,28,,,,1
GSP-B,15,east,wp,20,26,,,,1
GSP-B,16,east,rh,20,38,,,,1
GSP-B,17,east,rp,23,12,,,,1
GSP-B,18,east,op,25,7,,,,1
GSP-B,19,east,yp,25,13,,,,1
GSP-B,20,east,bp,25,15,,,,1
GSP-B,21,east,oh,26,40,,,,1
GSP-B,22,east,wp,27,5,,,,1
GSP-B,23,east,yp,27,41,,,,1
GSP-B,24,east,rp,29,20,,,,1
GSP-B,25,east,wp,29,42,,,,1
GSP-B,26,east,bp,29,44,,,,1
GSP-B,27,east,gh,31,11,,,,1
GSP-B,28,east,gh,32,45,,,,1
GSP-B,29,east,oh,37,33,,,,1
GSP-B,30,east,rh,45,37,,,,1
GSP-B,31,east,gp,46,27,,,,1
GSP-B,32,east,wp,46,29,,,,1
GSP-B,33,east,op,49,31,,,,1
GSP-B,34,east,gh,50,11,,,,1
GSP-B,35,east,rh,50,50,,,,1
GSP-B,36,east,wp,52,11,,,,1
GSP-B,37,east,op,54,22,,,,1
GSP-B,38,east,bp,55,33,,,,1
GSP-B,39,east,bh,59,8,,,,1
GSP-B,40,east,yp,65,9,,,,1
GSP-B,41,east,yh,70,17,,,,1
GSP-B,42,east,gh,70,50,,,,1
GSP-B,18.40.,east,wh,75,10,,,,1
GSP-B,43,east,wp,75,38,,,,1
GSP-B,44,east,rh,76,37,,,,1
GSP-B,45,east,bh,77,8,,,,1
GSP-B,46,east,rh,81,11,,,,1
GSP-B,47,east,rp,81,27,,,,1
GSP-B,48,east,wp,82,30,,,,1
GSP-B,18.41.,east,rh,82,35,,,,1
GSP-B,49,east,bp,84,20,,,,1
GSP-B,50,east,gp,85,31,,,,1
GSP-B,51,east,gp,86,21,,,,1
GSP-B,52,east,bh,86,33,,,,1
GSP-B,53,east,yh,87,30,,,,1
GSP-B,54,east,rp,88,11,,,,1
GSP-B,55,east,wp,88,22,,,,1
GSP-B,56,east,oh,88,28,,,,1
GSP-B,57,east,bh,100,5,,,,1
GSP-B,58,east,oh,101,1,,,,1
GSP-B,59,east,yp,108,10,,,,1
GSP-B,60,east,wp,108,12,,,,1
GSP-B,61,east,gh,108,15,,,,1
GSP-B,62,east,bh,109,47,,,,1
GSP-B,63,east,op,110,16,,,,1
GSP-B,64,east,rh,111,48,,,,1
GSP-B,65,east,wh,112,50,,,,1
GSP-B,66,east,yp,114,35,,,,1
GSP-B,67,east,rp,124,40,,,,1
GSP-B,68,east,gp,127,48,,,,1
GSP-B,69,east,rp,130,47,,,,1
GSP-B,70,east,wp,131,37,,,,1
GSP-B,71,east,yp,132,9,,,,1
GSP-B,72,east,bh,142,22,,,,1
GSP-B,73,east,op,143,5,,,,1
GSP-B,74,east,bh,145,0,,,,1
GSP-B,75,east,yh,145,3,,,,1
GSP-B,76,east,bp,145,42,,,,1
GSP-B,77,east,op,151,33,,,,1
GSP-B,78,east,rp,154,32,,,,1
GSP-B,79,east,oh,155,13,,,,1
GSP-B,80,east,gh,156,14,,,,1
GSP-B,81,east,yp,156,32,,,,1
GSP-B,82,east,wp,158,27,,,,1
GSP-B,83,east,wp,158,34,,,,1
GSP-B,84,east,yp,159,11,,,,1
GSP-B,85,east,gh,159,26,,,,1
GSP-B,86,east,bh,159,29,,,,1
GSP-B,87,east,rp,160,4,,,,1
GSP-B,88,east,wh,161,13,,,,1
GSP-B,90,east,gh,165,15,,,,1
GSP-B,18.42.,east,op,166,16,,,,1
GSP-B,91,east,bp,166,20,,,,1
GSP-B,92,east,rp,168,13,,,,1
GSP-B,93,east,yp,168,18,,,,1
GSP-B,94,east,wh,170,10,,,,1
GSP-B,95,east,yp,170,38,,,,1
GSP-B,96,east,bh,170,40,,,,1
GSP-B,97,east,oh,171,1,,,,1
GSP-B,98,east,rp,173,41,,,,1
GSP-B,18.43.,east,gp,176,45,,,,1
GSP-B,18.44.,east,yh,180,45,,,,1
GSP-B,99,east,wp,181,16,,,,1
GSP-B,18.45.,east,bh,182,38,,,,1
GSP-B,100,east,bp,183,18,,,,1
GSP-B,18.46.,east,wh,183,36,,,,1
GSP-B,101,east,yp,185,14,,,,1
GSP-B,102,east,bh,185,25,,,,NA
GSP-B,103,east,bp,186,33,,,,1
GSP-B,104,east,wp,187,34,,,,1
GSP-B,105,east,oh,189,17,,,,1
GSP-B,106,east,gp,189,26,,,,1
GSP-B,107,east,oh,190,24,,,,1
GSP-B,108,east,gh,190,34,,,,1
GSP-B,18.47.,east,rp,190,38,,,,1
GSP-B,109,east,yh,192,30,,,,1
GSP-B,110,east,rh,197,22,,,,1
GSP-B,111,east,gh,198,10,,,,1
GSP-B,112,east,gh,198,24,,,,1
GSP-B,113,east,rh,199,28,,,,1
GSP-B,114,east,bh,200,26,,,,1
GSP-B,115,east,bh,200,38,,,,1
GSP-B,116,east,gh,200,44,,,,1
GSP-B,117,east,wp,201,23,,,,1
GSP-B,118,east,wp,201,39,,,,1
GSP-B,119,east,yp,201,45,,,,1
GSP-B,120,east,oh,202,48,,,,1
GSP-B,121,east,yp,203,21,,,,1
GSP-B,122,east,wp,204,14,,,,1
GSP-B,123,east,oh,204,22,,,,1
GSP-B,125,east,rh,205,47,,,,1
GSP-B,126,east,yp,206,14,,,,1
GSP-B,127,east,gp,206,23,,,,1
GSP-B,128,east,yp,206,42,,,,1
GSP-B,18.48.,east,rd,207,14,,,,1
GSP-B,124,east,wh,207,45,,,,1
GSP-B,130,east,rp,208,13,,,,1
GSP-B,129,east,oh,210,47,,,,1
GSP-B,131,east,bp,211,25,,,,NA
GSP-B,132,east,op,213,17,,,,1
GSP-B,133,east,rh,213,35,,,,1
GSP-B,134,east,wp,215,14,,,,1
GSP-B,135,east,rh,216,45,,,,1
GSP-B,136,east,gh,217,33,,,,1
GSP-B,137,east,yp,218,42,,,,1
GSP-B,138,east,bp,220,8,,,,1
GSP-B,139,east,gp,221,40,,,,1
GSP-B,140,east,yp,222,7,,,,1
GSP-B,141,east,bp,222,39,,,,1
GSP-B,142,east,rh,223,7,,,,1
GSP-B,143,east,wp,232,44,,,,1
GSP-B,144,east,rh,236,38,,,,1
GSP-B,145,east,bh,255,40,,,,1
GSP-B,146,east,oh,256,33,,,,1
GSP-B,147,east,gp,259,33,,,,1
GSP-B,148,east,yp,265,35,,,,1
GSP-B,18.49.,east,bh,273,9,,,,1
GSP-B,152,east,wh,274,10,,,,1
GSP-B,153,east,op,275,38,,,,1
GSP-B,154,east,rp,278,20,,,,1
GSP-B,149,east,wh,281,28,,,,1
GSP-B,155,east,gh,283,23,,,,1
GSP-B,156,east,wh,288,17,,,,1
GSP-B,157,east,rh,289,39,,,,1
GSP-B,158,east,bh,290,19,,,,1
GSP-B,159,east,gp,292,13,,,,1
GSP-B,160,east,rp,292,17,,,,1
GSP-B,161,east,op,295,20,,,,1
GSP-B,18.50.,east,gp,295,35,,,,1
GSP-B,18.51.,east,wp,296,35,,,,1
GSP-B,162,east,bh,310,28,,,,1
GSP-B,163,east,bp,317,8,,,,1
GSP-B,164,east,op,318,12,,,,1
GSP-B,165,east,yp,320,16,,,,1
GSP-B,166,east,yh,370,45,,,,1
GSP-B,167,east,rp,395,45,,,,1
GSP-B,168,east,gh,397,12,,,,1
GSP-B,169,east,op,425,36,,,,1
GSP-B,170,west,oh,3,18,,,,1
GSP-B,18.1.,west,rh,3,45,,,,1
GSP-B,171,west,yp,4,13,,,,1
GSP-B,172,west,rp,5,7,,,,1
GSP-B,18.2.,west,bp,5,30,,,,1
GSP-B,173,west,gp,6,0,,,,1
GSP-B,174,west,bp,7,0,,,,1
GSP-B,18.3.,west,yh,10,31,,,,1
GSP-B,175,west,rh,11,19,,,,1
GSP-B,176,west,yh,13,8,,,,1
GSP-B,177,west,op,13,11,,,,1
GSP-B,178,west,wh,13,43,,,,1
GSP-B,179,west,bp,14,3,,,,1
GSP-B,180,west,gh,16,27,,,,1
GSP-B,181,west,gp,17,7,,,,1
GSP-B,182,west,oh,17,25,,,,1
GSP-B,183,west,yh,18,21,,,,1
GSP-B,184,west,wh,20,22,,,,1
GSP-B,18.4.,west,bh,23,13,,,,1
GSP-B,185,west,rh,24,12,,,,1
GSP-B,186,west,wh,27,0,,,,1
GSP-B,187,west,gh,28,4,,,,1
GSP-B,188,west,oh,28,14,,,,1
GSP-B,189,west,wp,28,23,,,,1
GSP-B,190,west,yp,28,27,,,,1
GSP-B,191,west,bh,28,29,,,,1
GSP-B,192,west,gh,29,24,,,,1
GSP-B,193,west,rh,29,25,,,,1
GSP-B,194,west,op,29,28,,,,1
GSP-B,195,west,op,32,28,,,,1
GSP-B,196,west,oh,32,38,,,,1
GSP-B,197,west,yh,41,17,,,,1
GSP-B,198,west,rh,41,44,,,,1
GSP-B,199,west,yp,42,38,,,,NA
GSP-B,200,west,bp,43,38,,,,1
GSP-B,201,west,gp,45,24,,,,1
GSP-B,202,west,bp,46,10,,,,1
GSP-B,18.5.,west,oh,47,10,,,,1
GSP-B,203,west,wp,47,24,,,,1
GSP-B,204,west,rp,48,23,,,,NA
GSP-B,18.6.,west,wh,52,46,,,,1
GSP-B,18.7.,west,bp,54,25,,,,1
GSP-B,18.10.,west,yd,54,47,,,,1
GSP-B,205,west,yh,56,4,,,,1
GSP-B,206,west,gh,57,42,,,,1
GSP-B,18.11.,west,gd,57,45,,,,1
GSP-B,207,west,rh,60,39,,,,1
GSP-B,18.8.,west,rp,60,42,,,,1
GSP-B,208,west,yh,61,33,,,,1
GSP-B,209,west,bh,61,41,,,,1
GSP-B,18.9.,west,oh,61,45,,,,1
GSP-B,213,west,gp,63,26,,,,1
GSP-B,214,west,oh,65,23,,,,1
GSP-B,211,west,bp,65,31,,,,1
GSP-B,18.12.,west,bp,65,40,,,,1
GSP-B,215,west,gh,65,49,,,,1
GSP-B,216,west,yp,66,38,,,,1
GSP-B,217,west,rh,67,16,,,,1
GSP-B,218,west,bh,68,18,,,,1
GSP-B,219,west,op,68,36,,,,1
GSP-B,220,west,wp,69,21,,,,1
GSP-B,221,west,wh,70,39,,,,1
GSP-B,222,west,rp,71,36,,,,1
GSP-B,223,west,gp,72,24,,,,1
GSP-B,224,west,op,72,28,,,,1
GSP-B,18.13.,west,yp,72,32,,,,1
GSP-B,225,west,rh,74,18,,,,1
GSP-B,226,west,gp,74,29,,,,1
GSP-B,18.15.,west,oh,75,35,,,,1
GSP-B,227,west,bh,75,47,,,,1
GSP-B,18.16.,west,yd,75,48,,,,1
GSP-B,228,west,oh,76,16,,,,1
GSP-B,229,west,wp,76,22,,,,1
GSP-B,18.14.,west,bd,76,28,,,,1
GSP-B,230,west,yh,77,38,,,,1
GSP-B,231,west,rh,77,45,,,,1
GSP-B,232,west,oh,79,45,,,,1
GSP-B,233,west,op,81,16,,,,1
GSP-B,234,west,wp,81,35,,,,1
GSP-B,235,west,bh,81,36,,,,1
GSP-B,236,west,yh,81,47,,,,1
GSP-B,237,west,yp,82,19,,,,1
GSP-B,238,west,rh,82,25,,,,1
GSP-B,239,west,bh,83,34,,,,1
GSP-B,240,west,gh,84,21,,,,1
GSP-B,241,west,rh,85,50,,,,1
GSP-B,242,west,bh,87,44,,,,1
GSP-B,243,west,gh,90,39,,,,1
GSP-B,244,west,wh,90,45,,,,1
GSP-B,245,west,yp,92,35,,,,1
GSP-B,246,west,wd,94,30,,,,1
GSP-B,247,west,bh,96,20,,,,1
GSP-B,248,west,op,96,37,,,,1
GSP-B,249,west,yh,100,11,,,,1
GSP-B,250,west,rh,100,31,,,,1
GSP-B,251,west,gh,101,20,,,,1
GSP-B,252,west,op,103,35,,,,1
GSP-B,253,west,bp,104,33,,,,1
GSP-B,254,west,rp,105,22,,,,1
GSP-B,18.17.,west,gh,105,39,,,,1
GSP-B,18.18.,west,yp,109,24,,,,1
GSP-B,255,west,wp,110,2,,,,1
GSP-B,256,west,gp,110,7,,,,1
GSP-B,18.22.,west,bp,112,44,,,,1
GSP-B,257,west,yp,114,7,,,,1
GSP-B,18.23.,west,yp,115,44,,,,1
GSP-B,258,west,rp,117,19,,,,1
GSP-B,259,west,gp,121,18,,,,1
GSP-B,260,west,op,122,6,,,,1
GSP-B,18.19.,west,rp,122,28,,,,1
GSP-B,261,west,yp,122,35,,,,1
GSP-B,18.21.,west,od,122,49,,,,1
GSP-B,262,west,bp,123,30,,,,1
GSP-B,263,west,yp,124,4,,,,1
GSP-B,264,west,gp,124,34,,,,1
GSP-B,275,west,op,124,37,,,,1
GSP-B,265,west,wp,125,11,,,,1
GSP-B,18.20.,west,yh,125,35,,,,1
GSP-B,266,west,op,126,3,,,,1
GSP-B,267,west,gh,126,5,,,,1
GSP-B,268,west,bp,127,3,,,,1
GSP-B,269,west,rp,127,5,,,,1
GSP-B,270,west,oh,130,3,,,,1
GSP-B,272,west,gp,130,35,,,,1
GSP-B,274,west,bh,132,15,,,,1
GSP-B,276,west,yp,134,1,,,,1
GSP-B,18.24.,west,yp,135,25,,,,1
GSP-B,277,west,rp,137,4,,,,1
GSP-B,278,west,op,138,37,,,,1
GSP-B,279,west,wh,138,42,,,,1
GSP-B,280,west,yp,140,36,,,,1
GSP-B,281,west,bp,141,36,,,,1
GSP-B,18.25.,west,gd,142,37,,,,1
GSP-B,282,west,rh,144,28,,,,1
GSP-B,18.27.,west,wp,152,25,,,,1
GSP-B,18.26.,west,rp,161,45,,,,1
GSP-B,284,west,rp,164,18,,,,1
GSP-B,18.31.,west,gd,167,43,,,,1
GSP-B,18.30.,west,bd,168,43,,,,1
GSP-B,18.29.,west,rp,172,44,,,,1
GSP-B,18.28.,west,yp,175,47,,,,1
GSP-B,18.32.,west,oh,177,30,,,,1
GSP-B,285,west,bh,182,5,,,,1
GSP-B,286,west,oh,185,12,,,,1
GSP-B,287,west,yp,187,9,,,,1
GSP-B,288,west,wp,190,14,,,,1
GSP-B,289,west,rp,195,9,,,,1
GSP-B,290,west,gh,196,5,,,,1
GSP-B,291,west,op,198,3,,,,1
GSP-B,292,west,bh,199,25,,,,1
GSP-B,18.38.,west,gp,201,49,,,,1
GSP-B,18.37.,west,oh,202,39,,,,1
GSP-B,18.39.,west,rp,204,47,,,,1
GSP-B,18.36.,west,gh,207,29,,,,1
GSP-B,293,west,yp,209,45,,,,1
GSP-B,294,west,bh,216,20,,,,1
GSP-B,295,west,yp,217,21,,,,1
GSP-B,296,west,op,220,21,,,,1
GSP-B,18.33.,west,yd,222,35,,,,1
GSP-B,18.35.,west,bd,224,32,,,,1
GSP-B,297,west,wh,225,17,,,,1
GSP-B,18.34.,west,oh,225,33,,,,1
GSP-B,298,west,gh,230,5,,,,1
GSP-B,299,west,wh,233,47,,,,1
GSP-B,300,west,rh,238,33,,,,1
GSP-L,209,north,wp,302,25,,,,1
GSP-L,210,north,bp,303,36,,,,1
GSP-L,18.22.,north,bh,305,10,,,,1
GSP-L,211,north,od,305,28,,,,1
GSP-L,212,north,rh,305,29,,,,1
GSP-L,213,north,yh,307,23,,,,1
GSP-L,214,north,gp,310,30,,,,1
GSP-L,215,north,rh,316,36,,,,1
GSP-L,18.23.,north,yp,316,47,,,,1
GSP-L,216,north,bp,317,4,,,,1
GSP-L,217,north,op,318,48,,,,1
GSP-L,218,north,rh,320,4,,,,1
GSP-L,219,north,wp,325,1,,,,1
GSP-L,18.24.,north,rp,325,45,,,,1
GSP-L,220,north,bp,326,43,,,,1
GSP-L,221,north,gh,327,14,,,,1
GSP-L,222,north,rh,327,16,,,,1
GSP-L,223,north,yh,328,6,,,,1
GSP-L,224,north,oh,331,15,,,,1
GSP-L,225,north,wh,332,15,,,,1
GSP-L,18.25.,north,bd,333,18,,,,1
GSP-L,18.26.,north,rd,335,15,,,,1
GSP-L,226,north,gp,337,39,,,,1
GSP-L,227,north,yp,338,35,,,,1
GSP-L,18.27.,north,rp,339,35,,,,1
GSP-L,228,north,bh,340,35,,,,1
GSP-L,229,north,gh,341,49,,,,1
GSP-L,230,north,oh,342,46,,,,1
GSP-L,231,north,rh,344,40,,,,1
GSP-L,232,north,bh,345,43,,,,1
GSP-L,18.28.,north,wp,350,43,,,,1
GSP-L,233,north,yh,354,10,,,,1
GSP-L,234,north,wh,356,26,,,,1
GSP-L,235,north,bp,442,33,,,,1
GSP-L,236,north,gh,452,30,,,,1
GSP-L,237,north,oh,453,31,,,,1
GSP-L,238,north,rh,454,30,,,,1
GSP-L,239,north,yp,455,31,,,,1
GSP-L,18.29.,north,op,466,50,,,,1
GSP-L,240,north,gp,487,27,,,,1
GSP-L,241,north,oh,490,22,,,,1
GSP-L,242,north,wh,494,43,,,,1
GSP-L,243,north,yp,496,23,,,,1
GSP-L,18.30.,north,rp,500,22,,,,1
GSP-L,244,north,rp,501,48,,,,1
GSP-L,245,north,rp,502,20,,,,1
GSP-L,18.31.,north,gp,502,29,,,,1
GSP-L,246,north,bp,503,30,,,,1
GSP-L,247,north,oh,506,43,,,,1
GSP-L,248,north,wh,509,21,,,,1
GSP-L,18.32.,north,bh,511,41,,,,1
GSP-L,249,north,gp,512,23,,,,1
GSP-L,250,north,wp,512,42,,,,1
GSP-L,18.33.,north,yp,515,30,,,,1
GSP-L,251,north,bh,523,12,,,,1
GSP-L,252,north,yp,527,5,,,,1
GSP-L,253,north,rh,557,37,,,,1
GSP-L,254,north,wp,598,45,,,,1
GSP-L,255,north,op,604,46,,,,1
GSP-L,256,north,yp,635,20,,,,1
GSP-L,257,north,bh,780,39,,,,1
GSP-L,258,north,gh,817,17,,,,1
GSP-L,259,north,oh,829,14,,,,1
GSP-L,260,north,yp,832,36,,,,1
GSP-L,261,north,rp,839,18,,,,1
GSP-L,262,north,wp,844,11,,,,1
GSP-L,263,north,bp,846,28,,,,1
GSP-L,264,north,oh,868,24,,,,1
GSP-L,18.34.,north,oh,869,35,,,,1
GSP-L,18.35.,north,bp,869,48,,,,1
GSP-L,265,north,gh,873,40,,,,1
GSP-L,18.36.,north,rh,875,50,,,,1
GSP-L,266,north,yp,878,11,,,,1
GSP-L,267,north,bp,878,37,,,,1
GSP-L,268,north,yp,892,28,,,,1
GSP-L,269,north,wh,892,33,,,,1
GSP-L,270,north,rh,895,10,,,,1
GSP-L,271,north,op,897,21,,,,1
GSP-L,272,north,gp,899,43,,,,1
GSP-L,18.37.,north,wh,900,15,,,,1
GSP-L,273,north,bh,900,17,,,,1
GSP-L,274,north,rp,901,48,,,,1
GSP-L,18.38.,north,yp,905,45,,,,1
GSP-L,275,north,wp,907,46,,,,1
GSP-L,276,north,gh,914,15,,,,1
GSP-L,18.39.,north,od,920,5,,,,1
GSP-L,277,north,gp,921,2,,,,1
GSP-L,278,north,yh,921,5,,,,1
GSP-L,279,north,yp,923,4,,,,1
GSP-L,280,north,wh,923,5,,,,1
GSP-L,281,north,bh,924,3,,,,1
GSP-L,282,north,rp,925,4,,,,1
GSP-L,283,north,oh,926,46,,,,1
GSP-L,284,north,yp,931,10,,,,1
GSP-L,285,north,oh,933,8,,,,1
GSP-L,18.40.,north,bd,935,42,,,,1
GSP-L,286,north,rh,937,8,,,,1
GSP-L,287,north,bh,944,14,,,,1
GSP-L,288,north,gh,945,49,,,,1
GSP-L,289,north,rh,946,24,,,,1
GSP-L,290,north,op,949,10,,,,1
GSP-L,291,north,wh,949,44,,,,1
GSP-L,292,north,yp,950,17,,,,1
GSP-L,18.41.,north,yh,962,45,,,,1
GSP-L,293,north,rh,966,7,,,,1
GSP-L,294,north,wh,968,12,,,,1
GSP-L,295,north,gh,975,45,,,,1
GSP-L,18.42.,north,rd,975,50,,,,1
GSP-L,296,north,bp,978,1,,,,1
GSP-L,297,north,bh,984,10,,,,1
GSP-L,298,north,yp,987,4,,,,1
GSP-L,299,north,wp,992,48,,,,1
GSP-L,300,north,gp,993,49,,,,1
GSP-L,1,south,gh,0,3,,,,1
GSP-L,2,south,wp,2,9,,,,1
GSP-L,3,south,rh,4,10,,,,1
GSP-L,4,south,bh,8,7,,,,1
GSP-L,5,south,oh,13,9,,,,1
GSP-L,6,south,gp,16,10,,,,1
GSP-L,7,south,yh,17,41,,,,1
GSP-L,8,south,wh,20,47,,,,1
GSP-L,9,south,yp,29,0,,,,1
GSP-L,10,south,rh,32,50,,,,1
GSP-L,11,south,bh,33,16,,,,1
GSP-L,12,south,op,34,8,,,,1
GSP-L,13,south,gh,34,8,,,,1
GSP-L,14,south,wp,35,6,,,,1
GSP-L,15,south,rh,38,0,,,,1
GSP-L,16,south,bp,39,30,,,,1
GSP-L,17,south,bh,40,4,,,,1
GSP-L,18,south,op,41,5,,,,1
GSP-L,19,south,yp,42,35,,,,1
GSP-L,20,south,gh,44,17,,,,1
GSP-L,21,south,oh,44,19,,,,1
GSP-L,22,south,wp,45,2,,,,1
GSP-L,23,south,wp,53,23,,,,1
GSP-L,24,south,gh,55,23,,,,1
GSP-L,25,south,rh,57,15,,,,1
GSP-L,26,south,bp,58,10,,,,1
GSP-L,27,south,wp,58,34,,,,1
GSP-L,28,south,op,60,11,,,,1
GSP-L,29,south,rh,60,31,,,,1
GSP-L,30,south,yp,61,11,,,,1
GSP-L,31,south,gp,61,32,,,,1
GSP-L,32,south,wp,62,10,,,,1
GSP-L,33,south,rp,62,16,,,,1
GSP-L,34,south,bh,63,26,,,,1
GSP-L,35,south,op,63,34,,,,1
GSP-L,40,south,rp,64,22,,,,1
GSP-L,36,south,op,65,23,,,,1
GSP-L,37,south,op,66,6,,,,1
GSP-L,38,south,gh,66,11,,,,1
GSP-L,39,south,wp,66,17,,,,1
GSP-L,41,south,yp,66,26,,,,1
GSP-L,42,south,yh,67,20,,,,1
GSP-L,43,south,yh,68,31,,,,1
GSP-L,18.1.,south,bh,69,32,,,,1
GSP-L,45,south,gh,70,20,,,,1
GSP-L,46,south,gh,70,33,,,,1
GSP-L,47,south,bp,71,6,,,,1
GSP-L,48,south,gh,75,2,,,,1
GSP-L,49,south,rh,80,46,,,,1
GSP-L,50,south,bh,100,47,,,,1
GSP-L,57,south,wh,105,15,,,,1
GSP-L,65,south,gh,108,22,,,,1
GSP-L,51,south,wp,110,0,,,,1
GSP-L,52,south,oh,110,41,,,,1
GSP-L,53,south,oh,114,23,,,,1
GSP-L,54,south,bp,114,29,,,,1
GSP-L,55,south,bh,114,37,,,,1
GSP-L,56,south,gp,115,10,,,,1
GSP-L,58,south,yp,115,19,,,,1
GSP-L,59,south,rp,116,14,,,,1
GSP-L,60,south,rh,116,25,,,,1
GSP-L,61,south,yp,116,40,,,,1
GSP-L,62,south,gh,117,2,,,,1
GSP-L,63,south,wp,117,12,,,,1
GSP-L,64,south,op,117,42,,,,1
GSP-L,66,south,bh,118,28,,,,1
GSP-L,67,south,rh,118,37,,,,1
GSP-L,68,south,bh,118,41,,,,1
GSP-L,69,south,wp,119,31,,,,1
GSP-L,70,south,yh,122,26,,,,1
GSP-L,71,south,gh,122,34,,,,1
GSP-L,72,south,gh,124,9,,,,1
GSP-L,73,south,wp,125,4,,,,1
GSP-L,74,south,wp,126,18,,,,1
GSP-L,75,south,bp,128,26,,,,1
GSP-L,76,south,op,128,47,,,,1
GSP-L,77,south,oh,129,22,,,,1
GSP-L,78,south,wp,129,28,,,,1
GSP-L,79,south,bh,130,6,,,,1
GSP-L,18.8.,south,rh,130,14,,,,1
GSP-L,80,south,gh,131,0,,,,1
GSP-L,81,south,gh,131,23,,,,1
GSP-L,18.3.,south,gh,131,28,,,,1
GSP-L,82,south,rh,132,4,,,,1
GSP-L,18.4.,south,wh,132,32,,,,1
GSP-L,83,south,rh,133,11,,,,1
GSP-L,84,south,gp,133,31,,,,1
GSP-L,85,south,rh,134,25,,,,1
GSP-L,86,south,yh,134,28,,,,1
GSP-L,87,south,yp,134,40,,,,1
GSP-L,88,south,op,136,25,,,,1
GSP-L,89,south,bp,137,25,,,,1
GSP-L,90,south,yp,139,11,,,,1
GSP-L,18.2.,south,wd,144,27,,,,1
GSP-L,91,south,gh,162,46,,,,1
GSP-L,18.5.,south,wp,164,47,,,,1
GSP-L,92,south,bh,172,42,,,,1
GSP-L,93,south,rh,178,26,,,,1
GSP-L,94,south,op,185,30,,,,1
GSP-L,95,south,bp,185,49,,,,1
GSP-L,96,south,rh,190,20,,,,1
GSP-L,97,south,wp,190,24,,,,1
GSP-L,98,south,bh,192,29,,,,1
GSP-L,99,south,wp,194,39,,,,1
GSP-L,100,south,yp,194,43,,,,1
GSP-L,101,south,wh,195,19,,,,1
GSP-L,102,south,gp,195,36,,,,1
GSP-L,103,south,yh,197,13,,,,1
GSP-L,104,south,rh,198,45,,,,1
GSP-L,105,south,oh,202,46,,,,1
GSP-L,106,south,gh,207,21,,,,1
GSP-L,107,south,yp,215,4,,,,1
GSP-L,108,south,bh,215,6,,,,1
GSP-L,109,south,oh,217,5,,,,1
GSP-L,110,south,rp,217,9,,,,1
GSP-L,111,south,rp,217,24,,,,1
GSP-L,112,south,wh,222,10,,,,1
GSP-L,113,south,gh,224,38,,,,1
GSP-L,114,south,op,226,33,,,,1
GSP-L,115,south,bh,235,37,,,,1
GSP-L,116,south,op,237,30,,,,1
GSP-L,117,south,rh,240,32,,,,1
GSP-L,118,south,yh,254,27,,,,1
GSP-L,119,south,wp,258,31,,,,1
GSP-L,120,south,gh,262,49,,,,1
GSP-L,121,south,yh,275,49,,,,1
GSP-L,122,south,rp,279,1,,,,1
GSP-L,123,south,bh,287,18,,,,1
GSP-L,18.6.,south,op,296,46,,,,1
GSP-L,124,south,op,312,40,,,,1
GSP-L,125,south,bp,315,29,,,,1
GSP-L,126,south,rh,315,44,,,,1
GSP-L,127,south,oh,316,19,,,,1
GSP-L,128,south,gp,318,43,,,,1
GSP-L,129,south,yp,320,22,,,,1
GSP-L,130,south,gh,325,10,,,,1
GSP-L,18.7.,south,bh,325,15,,,,1
GSP-L,131,south,yp,327,13,,,,1
GSP-L,133,south,bh,331,6,,,,1
GSP-L,134,south,oh,331,13,,,,1
GSP-L,132,south,gh,333,6,,,,1
GSP-L,135,south,wp,333,14,,,,1
GSP-L,136,south,rh,334,9,,,,1
GSP-L,137,south,yp,335,3,,,,1
GSP-L,138,south,wp,340,0,,,,1
GSP-L,139,south,bp,342,10,,,,1
GSP-L,140,south,wp,342,27,,,,1
GSP-L,141,south,oh,344,0,,,,1
GSP-L,142,south,rp,345,16,,,,1
GSP-L,143,south,op,349,11,,,,1
GSP-L,144,south,gp,350,0,,,,1
GSP-L,145,south,bh,350,7,,,,1
GSP-L,146,south,rh,353,2,,,,1
GSP-L,147,south,wh,355,3,,,,1
GSP-L,148,south,yp,355,10,,,,1
GSP-L,149,south,bh,361,4,,,,1
GSP-L,150,south,gh,364,8,,,,1
GSP-L,151,south,bp,372,40,,,,1
GSP-L,152,south,wp,373,7,,,,1
GSP-L,153,south,oh,378,7,,,,1
GSP-L,154,south,rp,383,26,,,,1
GSP-L,155,south,wp,386,14,,,,1
GSP-L,156,south,rh,387,18,,,,1
GSP-L,157,south,oh,425,14,,,,1
GSP-L,158,south,yp,437,32,,,,1
GSP-L,159,south,gh,440,17,,,,1
GSP-L,160,south,bp,449,27,,,,1
GSP-L,161,south,yp,480,46,,,,1
GSP-L,162,south,yp,524,10,,,,1
GSP-L,163,south,bp,529,3,,,,1
GSP-L,164,south,oh,529,8,,,,1
GSP-L,165,south,wp,535,2,,,,1
GSP-L,166,south,gp,540,12,,,,1
GSP-L,167,south,yp,561,33,,,,1
GSP-L,168,south,rp,562,30,,,,1
GSP-L,169,south,gh,650,5,,,,1
GSP-L,170,south,rh,650,38,,,,1
GSP-L,18.9.,south,yh,774,25,,,,1
GSP-L,171,south,rh,787,4,,,,1
GSP-L,172,south,wp,787,47,,,,1
GSP-L,173,south,bp,790,29,,,,1
GSP-L,174,south,wh,791,4,,,,1
GSP-L,175,south,oh,795,42,,,,1
GSP-L,176,south,yh,800,4,,,,1
GSP-L,18.10.,south,bp,803,13,,,,1
GSP-L,177,south,gp,805,15,,,,1
GSP-L,178,south,op,807,6,,,,1
GSP-L,18.11.,south,bd,807,17,,,,1
GSP-L,179,south,wp,808,2,,,,1
GSP-L,180,south,rh,810,10,,,,1
GSP-L,181,south,yh,812,4,,,,1
GSP-L,182,south,bh,815,17,,,,1
GSP-L,183,south,gh,819,6,,,,1
GSP-L,184,south,oh,819,14,,,,1
GSP-L,18.12.,south,yp,819,18,,,,1
GSP-L,185,south,bh,820,23,,,,1
GSP-L,186,south,rh,821,13,,,,1
GSP-L,187,south,wh,822,11,,,,1
GSP-L,188,south,gh,825,3,,,,1
GSP-L,189,south,gp,825,11,,,,1
GSP-L,190,south,rh,828,4,,,,1
GSP-L,191,south,bh,830,8,,,,1
GSP-L,192,south,wh,833,8,,,,1
GSP-L,193,south,oh,834,10,,,,1
GSP-L,194,south,yp,837,2,,,,1
GSP-L,195,south,wp,840,5,,,,1
GSP-L,196,south,oh,855,0,,,,1
GSP-L,197,south,rh,863,17,,,,1
GSP-L,198,south,op,871,21,,,,1
GSP-L,199,south,yp,872,2,,,,1
GSP-L,200,south,bp,872,19,,,,1
GSP-L,18.13.,south,yh,885,50,,,,1
GSP-L,201,south,gh,889,21,,,,1
GSP-L,202,south,rh,890,33,,,,1
GSP-L,203,south,wh,898,28,,,,1
GSP-L,204,south,yh,915,3,,,,1
GSP-L,18.14.,south,od,920,3,,,,1
GSP-L,205,south,bp,922,7,,,,1
GSP-L,206,south,wh,926,6,,,,1
GSP-L,207,south,yh,940,8,,,,1
GSP-L,208,south,op,977,5,,,,1
IA,297,1,rp,7,15,,1,1,1
IA,3,1,yd,7,50,1,1,1,1
IA,1,1,gp,10,22,1,1,1,1
IA,2,1,bh,14,26,1,1,1,1
IA,296,1,gp,17,10,,1,1,1
IA,18.21.,1,wh,30,45,,,,1
IA,5,1,wd,35,10,1,1,1,1
IA,18.22.,1,op,36,36,,,,1
IA,18.23.,1,yp,41,42,,,,1
IA,335,1,op,42,43,,,1,0
IA,4,1,rh,43,33,1,1,1,1
IA,336,1,bd,44,34,,,1,1
IA,6,1,bd,50,2,1,1,1,1
IA,7,2,gs,4,48,1,1,1,NA
IA,357,2,bs,12,40,,,1,0
IA,8,2,rh,27,15,1,1,1,1
IA,18.1.,2,yh,33,35,,,,1
IA,9,2,wh,37,20,1,1,1,1
IA,14,2,yh,37,45,1,1,1,1
IA,16,2,oh,37,47,1,1,1,1
IA,12,2,yh,40,43,1,1,1,1
IA,358,2,wh,41,48,,,1,1
IA,359,2,gp,41,49,,,1,1
IA,10,2,bh,43,39,1,1,1,1
IA,19,2,bp,43,49,1,1,1,1
IA,11,2,oh,45,38,1,1,1,1
IA,20,2,gp,46,45,1,1,1,1
IA,18,2,wh,47,48,1,0,0,NA
IA,17,2,rh,47,49,1,0,0,NA
IA,15,2,wh,48,38,1,1,1,1
IA,29,3,wh,1,49,1,1,1,1
IA,18.2.,3,wh,3,14,,,,1
IA,298,3,gh,4,12,,1,1,1
IA,373,3,yh,6,18,,,1,1
IA,374,3,op,8,2,,,1,1
IA,24,3,yh,8,29,1,1,1,1
IA,18.3.,3,bp,10,15,,,,1
IA,299,3,bh,10,20,,1,1,1
IA,26,3,bp,10,38,1,1,1,1
IA,28,3,yd,10,48,1,1,1,1
IA,372,3,bp,11,3,,,1,1
IA,30,3,wp,15,49,1,1,1,1
IA,27,3,wh,20,47,1,1,1,1
IA,22,3,rp,24,5,1,1,1,1
IA,21,3,oh,25,1,1,1,1,1
IA,25,3,gh,35,21,1,1,1,1
IA,23,3,bd,40,12,1,1,1,NA
IA,300,4,bd,4,15,,1,1,NA
IA,34,4,oc,6,31,1,1,0,NA
IA,35,4,bs,10,31,1,1,1,NA
IA,36,4,gb,11,30,1,1,1,NA
IA,31,4,wd,14,20,1,1,1,NA
IA,37,4,yd,15,30,1,1,1,NA
IA,32,4,yh,16,20,1,1,1,NA
IA,38,4,os,20,31,1,1,1,NA
IA,375,4,wh,20,40,,,1,NA
IA,40,4,yc,21,37,1,1,1,NA
IA,41,4,rs,24,44,1,1,1,NA
IA,376,4,bd,29,24,,,1,NA
IA,39,4,rh,30,25,1,1,1,NA
IA,377,4,bs,39,48,,,1,NA
IA,33,4,oh,47,21,1,1,1,NA
IA,301,5,yh,0,3,,1,1,NA
IA,52,5,os,8,25,1,1,1,NA
IA,49,5,oh,9,15,1,1,1,NA
IA,304,5,yd,10,20,,1,1,NA
IA,378,5,oh,13,5,,,1,NA
IA,51,5,gd,14,15,1,1,1,NA
IA,50,5,wh,18,18,1,1,1,NA
IA,303,5,rc,19,9,,1,1,NA
IA,302,5,bc,20,10,,1,0,NA
IA,48,5,bd,21,15,1,1,1,NA
IA,47,5,ws,22,23,1,1,1,NA
IA,379,5,wh,31,6,,,1,NA
IA,380,5,gc,34,17,,,1,NA
IA,42,5,rs,39,37,1,1,1,NA
IA,46,5,gs,43,12,1,1,1,NA
IA,43,5,ys,48,27,1,1,1,NA
IA,45,5,wc,49,11,1,1,1,NA
IA,44,5,rc,50,12,1,1,1,NA
IA,308,6,bd,2,2,,1,1,NA
IA,310,6,op,2,5,,1,1,1
IA,306,6,wh,4,3,,1,1,1
IA,307,6,ys,5,4,,1,0,NA
IA,53,6,op,6,19,1,1,1,1
IA,305,6,gh,18,3,,1,1,1
IA,309,6,rh,20,12,,1,1,1
IA,63,6,rp,24,21,1,1,1,1
IA,64,6,bh,25,30,1,1,1,1
IA,381,6,wh,28,11,,,1,1
IA,61,6,rh,31,13,1,1,1,1
IA,62,6,bs,31,14,1,1,1,0
IA,60,6,yp,35,15,1,1,1,1
IA,56,6,wp,37,47,1,1,1,1
IA,18.4.,6,bh,39,39,,,,1
IA,55,6,yh,41,42,1,1,1,1
IA,58,6,oh,44,9,1,1,1,1
IA,57,6,wh,47,18,1,1,1,1
IA,54,6,gh,47,41,1,1,1,1
IA,59,6,yh,50,2,1,1,1,1
IA,313,7,yp,0,12,,1,1,1
IA,314,7,gc,0,15,,1,1,NA
IA,312,7,bd,1,3,,1,1,NA
IA,384,7,gh,5,30,,,1,1
IA,315,7,wh,6,20,,1,1,NA
IA,65,7,gh,6,44,1,1,1,1
IA,311,7,rh,8,3,,1,NA,0
IA,316,7,os,10,24,,1,1,NA
IA,79,7,bp,10,40,1,1,1,1
IA,68,7,od,13,0,1,1,1,0
IA,66,7,bd,15,27,1,1,1,0
IA,67,7,yh,17,13,1,1,1,0
IA,78,7,rh,17,42,1,1,1,0
IA,382,7,rh,18,3,,,1,0
IA,383,7,bd,19,39,,,1,0
IA,317,7,gs,20,8,,1,1,0
IA,70,7,yd,25,9,1,1,1,0
IA,69,7,gh,26,17,1,1,1,0
IA,71,7,oc,29,31,1,1,1,0
IA,77,7,gd,35,6,1,1,1,0
IA,76,7,bh,37,11,1,1,1,0
IA,72,7,os,37,42,1,1,1,0
IA,74,7,wd,39,22,1,1,1,0
IA,73,7,ys,39,29,1,1,1,0
IA,75,7,gc,47,18,1,1,1,0
IA,87,8,bs,3,36,1,1,1,NA
IA,86,8,ys,6,46,1,1,1,NA
IA,88,8,gh,10,20,1,1,1,NA
IA,82,8,rc,21,20,1,1,1,NA
IA,385,8,oc,21,28,,,1,NA
IA,89,8,os,24,38,1,1,1,NA
IA,83,8,gd,25,21,1,1,1,NA
IA,80,8,rh,27,5,1,1,1,NA
IA,85,8,rd,32,39,1,1,1,NA
IA,81,8,wh,35,23,1,1,1,NA
IA,84,8,gc,45,45,1,1,1,NA
IA,90,9,rh,0,2,1,1,1,1
IA,91,9,bp,4,33,1,1,1,1
IA,96,9,rc,20,15,1,1,0,0
IA,97,9,gh,22,10,1,1,1,1
IA,18.6.,9,wp,28,38,,,,1
IA,94,9,wp,29,18,1,1,1,1
IA,95,9,oh,32,10,1,1,1,1
IA,93,9,yh,33,23,1,1,1,1
IA,98,9,wh,38,7,1,1,1,1
IA,18.7.,9,oh,39,40,,,,1
IA,92,9,oc,40,30,1,1,0,0
IA,100,9,yd,43,9,1,1,1,0
IA,99,9,rh,45,5,1,1,1,0
IA,386,9,bp,45,30,,,1,1
IA,18.5.,9,gp,46,30,,,,1
IA,319,10,gp,2,10,,1,1,1
IA,103,10,bh,5,5,1,1,1,1
IA,318,10,wp,5,10,,1,1,1
IA,101,10,oh,15,43,1,1,1,1
IA,104,10,rp,21,7,1,1,1,1
IA,18.8.,10,yh,25,40,,,,1
IA,18.9.,10,bh,27,25,,,,1
IA,105,10,bp,34,4,1,1,1,1
IA,18.10.,10,bp,42,34,,,,1
IA,102,10,gh,43,42,1,1,1,1
IA,18.24.,10,wh,44,10,,,,1
IA,106,10,wc,44,10,1,1,0,NA
IA,110,11,gh,6,12,1,1,1,1
IA,107,11,wp,8,42,1,1,1,1
IA,108,11,oh,26,49,1,1,1,1
IA,111,11,bp,40,0,1,1,1,1
IA,109,11,yp,48,31,1,1,1,1
IA,116,12,yh,9,23,1,1,1,1
IA,117,12,gp,25,3,1,1,1,1
IA,320,12,gh,25,25,,1,0,0
IA,115,12,bh,28,34,1,1,1,1
IA,337,12,oh,34,32,,,1,1
IA,338,12,gp,39,32,,,1,1
IA,113,12,yc,41,33,1,1,1,0
IA,114,12,gc,42,42,1,1,1,0
IA,112,12,os,46,39,1,1,1,0
IA,321,13,od,7,22,,1,1,NA
IA,339,13,gs,10,29,,,1,NA
IA,118,13,os,13,25,1,1,1,NA
IA,122,13,rh,15,19,1,1,1,NA
IA,119,13,bd,17,44,1,1,1,NA
IA,121,13,os,40,5,1,1,1,NA
IA,120,13,wc,48,33,1,1,1,NA
IA,124,14,wc,0,40,1,1,1,NA
IA,130,14,wc,8,10,1,1,1,NA
IA,132,14,oh,18,6,1,1,1,NA
IA,131,14,yd,18,13,1,1,1,NA
IA,123,14,wh,18,50,1,1,1,NA
IA,133,14,yd,28,23,1,1,1,NA
IA,125,14,bd,28,35,1,1,1,NA
IA,127,14,gs,35,27,1,1,1,NA
IA,129,14,bd,35,42,1,1,1,NA
IA,128,14,ws,38,48,1,1,1,NA
IA,135,14,od,40,29,1,1,0,NA
IA,126,14,wh,41,24,1,1,1,NA
IA,134,14,gh,45,38,1,1,1,NA
IA,136,15,yp,3,3,1,1,1,1
IA,144,15,od,8,2,1,1,1,1
IA,141,15,rd,10,9,1,1,1,1
IA,340,15,yd,11,2,,,1,1
IA,142,15,bp,33,17,1,1,1,1
IA,143,15,gs,35,21,1,1,1,0
IA,18.12.,15,gp,35,42,,,,1
IA,341,15,bh,40,5,,,1,1
IA,139,15,rp,40,44,1,1,1,1
IA,342,15,bd,41,2,,,1,1
IA,137,15,oh,41,17,1,1,1,1
IA,138,15,rp,41,22,1,1,1,1
IA,140,15,yd,42,8,1,1,1,1
IA,18.11.,15,wp,42,40,,,,1
IA,343,16,wp,2,41,,,1,1
IA,151,16,yp,4,27,1,1,1,1
IA,148,16,wd,6,10,1,1,1,1
IA,153,16,wd,14,21,1,1,1,1
IA,149,16,wh,20,12,1,1,1,1
IA,344,16,bh,20,35,,,1,1
IA,145,16,gh,21,49,1,1,1,1
IA,150,16,rd,28,8,1,1,1,1
IA,146,16,yp,31,32,1,1,1,1
IA,152,16,bh,33,16,1,1,1,1
IA,147,16,oh,49,29,1,1,1,1
IA,156,17,rh,2,17,1,1,1,1
IA,324,17,wc,4,5,,1,1,0
IA,325,17,yd,4,8,,1,1,0
IA,323,17,oh,10,12,,1,0,NA
IA,154,17,gp,12,30,1,1,1,1
IA,326,17,gd,16,0,,1,1,1
IA,163,17,yh,18,2,1,1,1,1
IA,155,17,yh,19,31,1,1,1,1
IA,322,17,bc,20,23,,1,0,NA
IA,345,17,yd,35,5,,,1,0
IA,159,17,gp,36,40,1,1,1,1
IA,162,17,rd,36,45,1,1,0,NA
IA,160,17,wh,37,44,1,1,,1
IA,161,17,bp,37,46,1,1,1,1
IA,346,17,op,42,5,,,1,1
IA,158,17,oc,44,48,1,1,1,0
IA,157,17,gs,45,34,1,1,1,0
IA,168,18,rd,0,13,1,1,0,NA
IA,169,18,wp,1,24,1,1,1,1
IA,167,18,oh,3,26,1,1,1,1
IA,165,18,op,10,16,1,1,1,1
IA,164,18,bh,12,36,1,1,1,1
IA,347,18,ys,25,18,,,1,0
IA,18.13.,18,wd,25,30,,,,1
IA,170,18,bp,31,2,1,1,1,1
IA,166,18,wh,45,2,1,1,1,0
IA,350,19,bp,2,17,,,1,1
IA,353,19,wp,5,20,,,1,1
IA,354,19,yh,5,23,,,1,1
IA,355,19,gd,5,25,,,1,1
IA,356,19,rp,9,18,,,1,1
IA,327,19,wd,10,13,,1,1,1
IA,348,19,wp,10,30,,,1,1
IA,171,19,bp,12,35,1,1,1,1
IA,349,19,oh,15,25,,,1,1
IA,175,19,gh,25,15,1,1,1,1
IA,18.14.,19,wd,25,45,,,,1
IA,174,19,op,27,20,1,1,1,1
IA,173,19,od,29,21,1,1,1,1
IA,177,19,bd,31,0,1,1,1,1
IA,351,19,wh,32,5,,,1,1
IA,172,19,rp,32,50,1,1,1,1
IA,176,19,yp,43,16,1,1,1,1
IA,352,19,oh,43,20,,,1,1
IA,193,20,gh,0,25,1,1,1,1
IA,192,20,ob,4,11,1,0,0,NA
IA,179,20,wd,8,19,1,1,1,1
IA,178,20,gs,8,47,1,1,1,0
IA,190,20,ys,9,1,1,1,0,NA
IA,191,20,wc,9,10,1,1,0,NA
IA,185,20,gp,13,4,1,1,1,1
IA,195,20,wd,14,2,1,1,0,NA
IA,196,20,op,14,3,1,1,1,1
IA,186,20,bh,14,5,1,1,1,1
IA,187,20,rc,15,3,1,1,0,NA
IA,188,20,yd,17,5,1,1,0,NA
IA,180,20,ys,21,15,1,1,1,0
IA,181,20,rp,26,20,1,1,1,1
IA,360,20,wc,27,27,,,1,0
IA,182,20,wp,29,25,1,1,1,1
IA,194,20,wd,33,30,1,1,1,1
IA,189,20,rp,45,20,1,1,1,1
IA,183,20,oc,45,27,1,1,1,0
IA,361,20,yp,47,18,,,1,1
IA,184,20,gp,48,14,1,1,1,1
IA,197,21,bp,0,3,1,1,1,1
IA,364,21,od,2,2,,,1,1
IA,202,21,rd,4,19,1,1,0,1
IA,214,21,rh,8,10,1,1,1,1
IA,362,21,yh,12,1,,,1,1
IA,213,21,od,12,9,1,1,0,NA
IA,201,21,yd,14,28,1,1,1,1
IA,363,21,yp,19,12,,,1,1
IA,216,21,gs,20,0,1,1,0,NA
IA,328,21,wd,20,3,,1,1,1
IA,365,21,bp,20,10,,,1,1
IA,212,21,yd,21,10,1,1,1,1
IA,198,21,os,21,36,1,1,0,NA
IA,199,21,ys,23,40,1,1,NA,NA
IA,200,21,bh,26,33,1,1,0,1
IA,211,21,ws,29,1,1,1,1,1
IA,366,21,bd,31,26,,,1,1
IA,207,21,yp,36,20,1,1,NA,1
IA,205,21,rc,37,27,1,1,0,NA
IA,203,21,gd,40,43,1,1,1,1
IA,215,21,bh,42,1,1,1,1,1
IA,210,21,bp,42,7,1,1,1,1
IA,206,21,wd,45,26,1,1,1,1
IA,204,21,bp,47,36,1,1,1,1
IA,209,21,gp,48,17,1,1,1,1
IA,208,21,rc,50,28,1,1,1,0
IA,225,22,bh,3,2,1,1,1,1
IA,220,22,rp,5,25,1,1,1,1
IA,217,22,gd,5,42,1,1,1,1
IA,221,22,wd,8,18,1,1,1,1
IA,218,22,ys,10,42,1,1,1,0
IA,224,22,rp,12,19,1,1,1,1
IA,222,22,gh,14,3,1,1,1,1
IA,226,22,op,32,11,1,1,1,1
IA,219,22,wd,32,32,1,1,1,1
IA,18.15.,22,bh,33,37,,,,1
IA,223,22,yp,50,12,1,1,1,1
IA,232,23,gc,10,25,1,1,1,1
IA,230,23,bd,11,15,1,1,1,1
IA,231,23,rp,12,13,1,1,1,1
IA,229,23,rh,29,22,1,1,1,0
IA,228,23,bh,30,22,1,1,1,1
IA,227,23,gp,45,40,1,1,1,1
IA,237,24,yd,2,11,1,1,1,0
IA,234,24,wp,2,27,1,1,1,1
IA,18.16.,24,gp,25,25,,,,1
IA,235,24,rp,29,10,1,1,1,1
IA,236,24,wd,36,2,1,1,1,0
IA,233,24,yp,40,13,1,1,1,1
IA,18.17.,24,yd,40,27,,,,1
IA,238,24,op,49,1,1,1,1,1
IA,257,25,bd,2,13,1,1,1,1
IA,239,25,bd,2,42,1,1,1,1
IA,256,25,rc,8,11,1,1,0,NA
IA,329,25,ys,10,12,,1,1,0
IA,240,25,gp,10,43,1,1,1,1
IA,241,25,op,13,40,1,1,1,1
IA,242,25,bp,14,36,1,1,1,1
IA,255,25,bd,20,3,1,1,1,0
IA,252,25,gs,20,47,1,1,1,0
IA,248,25,gd,25,10,1,1,1,1
IA,253,25,wd,26,33,1,1,1,1
IA,249,25,rd,27,5,1,1,1,0
IA,243,25,wc,27,41,1,1,1,0
IA,247,25,oh,29,26,1,1,1,1
IA,251,25,wd,31,45,1,1,1,0
IA,244,25,yd,37,32,1,1,1,1
IA,246,25,yp,37,46,1,1,1,1
IA,254,25,oc,44,9,1,1,,1
IA,245,25,rp,46,45,1,1,1,1
IA,250,25,wh,50,16,1,1,1,0
IA,258,26,rp,0,8,1,1,1,1
IA,276,26,ws,2,38,1,0,,NA
IA,270,26,os,5,5,1,1,0,NA
IA,269,26,rh,5,19,1,1,1,1
IA,268,26,yc,6,27,1,1,1,0
IA,18.18.,26,rh,10,49,,,,1
IA,259,26,gd,15,2,1,1,0,1
IA,275,26,ys,20,4,1,1,0,NA
IA,267,26,gd,21,41,1,1,1,0
IA,260,26,wp,23,2,1,1,1,1
IA,277,26,wd,24,14,1,1,1,1
IA,274,26,ys,25,16,1,0,,NA
IA,265,26,wd,27,12,1,1,1,0
IA,273,26,bd,27,16,1,1,1,0
IA,272,26,gs,28,8,1,0,,NA
IA,261,26,gp,30,2,1,1,1,1
IA,271,26,rs,30,21,1,1,0,NA
IA,262,26,op,33,1,1,1,1,0
IA,367,26,gd,35,5,,,1,0
IA,266,26,yc,45,30,1,1,0,NA
IA,264,26,od,46,2,1,1,1,0
IA,263,26,wh,48,10,1,1,0,NA
IA,289,27,rd,4,3,1,1,1,1
IA,369,27,yh,5,17,,,1,1
IA,370,27,oh,9,48,,,1,1
IA,279,27,bp,10,24,1,1,1,1
IA,284,27,bs,17,22,1,1,0,NA
IA,368,27,gp,19,48,,,1,1
IA,288,27,oh,20,21,1,1,1,1
IA,285,27,wd,22,25,1,1,1,0
IA,286,27,gc,23,7,1,1,0,NA
IA,283,27,rb,25,34,1,1,0,1
IA,280,27,gd,30,19,1,1,0,1
IA,282,27,bd,35,22,1,1,1,1
IA,278,27,op,43,40,1,1,1,1
IA,281,27,yd,45,8,1,1,1,1
IA,287,27,bd,50,50,1,1,1,0
IA,291,28,bd,0,31,1,1,1,0
IA,292,28,yh,1,48,1,0,0,NA
IA,293,28,gd,3,47,1,1,1,0
IA,294,28,yp,9,49,1,1,1,0
IA,290,28,gp,12,28,1,1,1,1
IA,18.19.,28,bd,15,47,,,,1
IA,330,28,op,20,22,,1,1,1
IA,18.20.,28,yp,25,12,,,,1
IA,295,28,wh,26,48,1,0,,NA
IA,371,28,os,30,42,,,1,0
ME,324,1,ys,2,31,,,1,1
ME,9,1,bh,3,15,1,1,1,1
ME,331,1,oc,7,7,,1,0,NA
ME,330,1,bd,7,20,,1,0,NA
ME,8,1,yd,8,12,1,1,1,1
ME,332,1,gs,8,24,,1,1,1
ME,333,1,rb,9,18,,1,0,NA
ME,334,1,bd,9,48,,,1,1
ME,17,1,rh,10,9,1,1,1,1
ME,322,1,wh,11,19,1,1,1,1
ME,323,1,yd,19,20,1,1,1,1
ME,7,1,rh,20,45,1,1,1,0
ME,325,1,bd,21,20,1,1,1,1
ME,326,1,bs,22,20,,,1,1
ME,6,1,wd,22,48,1,1,1,1
ME,11,1,gd,24,16,1,1,1,1
ME,5,1,gh,24,47,1,1,1,1
ME,4,1,wc,24,50,1,1,1,1
ME,10,1,rc,25,12,1,1,0,NA
ME,3,1,gc,25,48,1,1,1,1
ME,12,1,yd,26,18,1,1,1,1
ME,1,1,os,26,26,1,1,1,1
ME,327,1,rh,30,23,,,1,1
ME,328,1,os,30,32,,,1,1
ME,2,1,ws,31,28,1,1,1,1
ME,13,1,bs,31,30,1,1,1,1
ME,14,1,yd,41,18,1,1,1,1
ME,15,1,os,42,35,1,1,1,1
ME,16,1,bd,42,37,1,1,1,1
ME,329,1,bs,49,32,,,1,1
ME,340,2,bh,10,10,,1,0,NA
ME,38,2,wc,10,12,1,1,0,NA
ME,341,2,od,13,10,,1,1,0
ME,40,2,rb,13,11,1,1,0,NA
ME,39,2,gd,13,13,1,1,1,1
ME,342,2,gc,15,10,,1,0,NA
ME,24,2,wh,17,40,1,1,1,1
ME,45,2,bs,20,26,1,1,1,1
ME,36,2,yh,21,2,1,1,1,1
ME,41,2,ws,21,18,1,1,1,1
ME,44,2,oh,21,20,1,1,1,1
ME,46,2,yd,21,32,1,1,0,NA
ME,25,2,rh,22,35,1,1,1,1
ME,37,2,gh,23,13,1,1,1,1
ME,26,2,yd,23,30,,1,0,NA
ME,22,2,gc,23,36,1,1,1,1
ME,343,2,rc,24,7,,1,0,1
ME,47,2,yd,24,14,1,1,1,1
ME,42,2,bs,25,18,1,1,0,NA
ME,344,2,yc,25,25,,1,0,NA
ME,345,2,yd,25,41,,,1,1
ME,48,2,rh,26,14,1,1,1,1
ME,43,2,rs,26,18,1,1,1,1
ME,346,2,wh,26,43,,,1,1
ME,23,2,oh,26,44,1,1,1,1
ME,347,2,bh,26,45,,,1,1
ME,49,2,bd,27,14,1,1,0,NA
ME,348,2,rh,27,40,,,1,1
ME,52,2,os,29,50,1,1,0,1
ME,50,2,wc,30,49,1,1,0,1
ME,30,2,bs,31,4,1,1,1,1
ME,51,2,gs,31,48,1,1,1,1
ME,20,2,bd,32,31,1,1,1,1
ME,21,2,wc,32,35,1,1,1,1
ME,349,2,gd,32,43,,,1,1
ME,32,2,yd,33,7,1,1,1,1
ME,350,2,wc,33,41,,,1,1
ME,351,2,oc,35,39,,,1,1
ME,35,2,oh,36,1,1,1,1,1
ME,31,2,gh,36,5,1,1,1,1
ME,33,2,rd,36,7,1,1,1,1
ME,53,2,rd,37,48,1,0,0,NA
ME,18,2,gh,39,23,1,1,1,1
ME,19,2,wh,39,26,1,1,1,1
ME,27,2,od,40,17,1,1,1,1
ME,34,2,bs,41,5,1,1,1,1
ME,28,2,ys,46,11,1,1,1,1
ME,29,2,bd,47,12,1,1,1,1
ME,18.1.,2,wh,49,8,,,,1
ME,88,3,rd,0,28,1,1,0,NA
ME,89,3,od,0,29,1,0,0,NA
ME,87,3,bd,1,27,1,0,0,NA
ME,90,3,bs,2,18,1,0,0,NA
ME,91,3,ys,2,19,1,0,0,NA
ME,70,3,bs,4,42,1,1,0,NA
ME,67,3,wc,5,22,1,1,0,NA
ME,86,3,yd,5,25,1,1,1,1
ME,85,3,wh,5,36,1,1,1,1
ME,68,3,rd,8,31,1,1,1,1
ME,69,3,rh,9,33,1,1,1,1
ME,353,3,rs,10,2,,,1,1
ME,354,3,oh,10,8,,1,0,NA
ME,352,3,rh,10,15,,1,1,1
ME,79,3,ws,12,4,1,1,1,1
ME,355,3,gs,12,9,,1,1,1
ME,78,3,gs,12,19,1,0,0,NA
ME,357,3,bc,13,4,,1,1,1
ME,80,3,ys,13,10,1,0,0,NA
ME,84,3,rc,13,11,1,1,1,1
ME,356,3,wc,13,12,,,1,1
ME,358,3,od,15,20,,,1,1
ME,359,3,yd,16,8,,,1,1
ME,71,3,yd,17,37,1,1,1,1
ME,360,3,bs,19,11,,1,1,1
ME,362,3,rc,20,2,,1,0,NA
ME,361,3,yh,20,11,,1,1,1
ME,66,3,oc,23,8,1,1,1,1
ME,65,3,bd,23,11,1,1,1,1
ME,363,3,wh,23,21,,1,1,1
ME,76,3,ws,23,35,1,1,1,1
ME,64,3,oc,24,10,1,1,1,1
ME,63,3,gc,25,8,1,1,1,1
ME,72,3,gh,25,22,1,1,1,1
ME,77,3,bs,26,37,1,1,0,NA
ME,62,3,ws,28,11,1,1,1,1
ME,60,3,rd,29,7,1,1,1,1
ME,61,3,wc,29,10,1,1,1,0
ME,59,3,gc,30,9,1,1,1,1
ME,58,3,gd,31,8,1,1,1,1
ME,73,3,rs,31,18,1,1,1,1
ME,82,3,ob,32,3,1,0,0,NA
ME,57,3,bs,32,4,1,1,1,1
ME,83,3,wd,33,5,1,0,0,NA
ME,81,3,gc,37,0,1,1,1,1
ME,74,3,gd,37,6,1,1,1,1
ME,55,3,rh,40,8,1,1,1,1
ME,75,3,od,42,9,1,1,1,1
ME,18.2.,3,bd,42,15,,,,1
ME,54,3,yd,46,3,1,1,1,1
ME,364,3,gc,46,19,,,1,1
ME,92,3,gd,47,19,1,1,1,1
ME,128,4,bd,1,30,1,1,1,1
ME,127,4,os,3,3,,1,1,0
ME,111,4,od,4,42,1,1,1,1
ME,110,4,bs,4,45,1,1,1,1
ME,100,4,rh,5,5,1,1,0,NA
ME,109,4,ys,6,42,1,1,1,1
ME,101,4,wd,7,9,1,1,0,1
ME,107,4,wd,10,44,1,NA,1,1
ME,126,4,wd,11,3,1,1,1,0
ME,102,4,ys,11,12,1,NA,1,1
ME,108,4,gc,11,40,1,1,1,1
ME,103,4,wc,14,25,1,1,1,1
ME,125,4,bs,15,13,1,0,0,NA
ME,124,4,gd,15,14,1,1,1,1
ME,130,4,gd,17,48,1,1,1,1
ME,105,4,gs,18,32,1,1,1,1
ME,98,4,yc,20,18,1,1,1,1
ME,104,4,rh,20,25,1,1,1,1
ME,131,4,oh,21,49,,0,1,0
ME,132,4,yc,22,48,1,0,0,NA
ME,99,4,rc,23,0,1,NA,1,1
ME,366,4,wh,23,7,,,1,1
ME,133,4,os,23,46,1,0,0,NA
ME,97,4,os,24,5,1,1,1,1
ME,96,4,ys,25,7,1,1,1,1
ME,122,4,ys,25,13,1,1,1,1
ME,123,4,od,25,17,1,1,0,1
ME,106,4,yd,26,49,,1,0,NA
ME,94,4,wc,36,22,1,1,1,1
ME,115,4,oh,38,13,1,1,1,1
ME,119,4,gh,39,3,1,1,1,1
ME,112,4,gd,39,35,1,0,0,NA
ME,367,4,gh,40,13,,,1,1
ME,116,4,bd,41,0,1,1,1,1
ME,113,4,bd,41,49,1,1,0,NA
ME,129,4,rh,41,49,1,0,0,NA
ME,120,4,yd,42,2,1,0,0,NA
ME,95,4,bd,44,27,1,1,1,1
ME,93,4,gd,46,10,1,1,1,1
ME,121,4,rh,47,2,1,0,0,NA
ME,118,4,wc,47,6,1,0,0,NA
ME,117,4,ys,49,4,1,1,0,NA
ME,114,4,oc,50,42,1,1,0,NA
ME,370,5,oh,5,37,,,1,1
ME,151,5,wd,5,50,1,1,1,1
ME,152,5,bd,6,38,1,1,1,1
ME,153,5,gh,11,40,1,1,1,1
ME,150,5,oc,17,49,1,NA,1,0
ME,141,5,oc,18,46,1,1,1,1
ME,149,5,wc,18,49,1,1,1,1
ME,162,5,ys,19,8,1,1,1,1
ME,134,5,bs,20,30,1,1,1,1
ME,159,5,gd,21,10,1,NA,1,0
ME,158,5,rc,21,14,1,1,1,1
ME,157,5,wc,22,14,1,1,1,1
ME,135,5,rh,23,27,1,1,1,1
ME,136,5,rc,25,16,1,1,1,1
ME,146,5,yd,25,46,1,0,0,NA
ME,145,5,rh,26,45,1,1,1,1
ME,160,5,bd,27,5,1,1,0,NA
ME,18.4.,5,oh,28,12,,,,1
ME,18.3.,5,wd,30,10,,,,1
ME,155,5,bs,30,30,1,1,1,1
ME,154,5,ys,30,31,1,1,1,1
ME,147,5,ys,30,42,1,1,1,1
ME,161,5,wc,31,2,1,1,0,NA
ME,156,5,gs,31,25,1,0,0,NA
ME,148,5,bs,32,41,1,1,1,1
ME,368,5,rh,34,5,,,1,1
ME,144,5,ws,34,43,1,1,1,1
ME,143,5,gs,34,47,1,1,1,1
ME,142,5,rd,36,50,1,0,0,NA
ME,137,5,gc,37,33,1,1,1,1
ME,369,5,yd,39,2,,,1,1
ME,139,5,wd,39,47,1,1,0,NA
ME,140,5,bs,42,49,1,0,0,NA
ME,138,5,yd,45,50,1,0,0,NA
ME,163,6,yd,8,25,1,1,1,1
ME,165,6,gs,22,25,1,1,1,1
ME,169,6,wd,23,32,NA,0,0,NA
ME,164,6,gd,31,35,1,1,1,1
ME,168,6,rb,39,8,1,0,0,NA
ME,167,6,bs,40,3,1,0,0,NA
ME,166,6,oc,43,42,1,1,1,1
ME,379,7,os,3,25,,,1,1
ME,383,7,bs,4,24,,,1,1
ME,184,7,yd,5,17,1,1,1,1
ME,182,7,bd,6,13,1,1,1,1
ME,388,7,ys,9,27,,,1,0
ME,186,7,ws,10,28,1,1,1,0
ME,187,7,gh,11,28,1,1,0,1
ME,175,7,bd,12,6,1,0,0,NA
ME,183,7,gs,12,9,1,1,0,NA
ME,371,7,wh,12,13,,1,1,1
ME,172,7,oc,12,43,1,1,1,1
ME,372,7,od,15,15,,1,1,0
ME,373,7,gd,15,25,,,1,1
ME,170,7,bd,15,28,1,1,1,1
ME,374,7,oh,15,30,,,1,1
ME,375,7,os,16,49,,,1,0
ME,173,7,os,18,44,1,1,1,1
ME,376,7,rs,20,25,,,1,1
ME,171,7,yc,20,34,1,1,1,1
ME,185,7,rh,25,4,1,1,1,1
ME,191,7,rc,25,10,1,1,1,1
ME,377,7,bd,25,18,,1,1,1
ME,378,7,wd,25,25,,,1,0
ME,176,7,wh,26,22,1,1,1,1
ME,380,7,gd,30,13,,,1,1
ME,189,7,rh,30,39,1,1,1,1
ME,188,7,rd,30,40,1,1,1,1
ME,381,7,gc,30,48,,,1,1
ME,18.5.,7,ys,32,10,,,,1
ME,174,7,wh,32,35,1,1,1,1
ME,177,7,rc,35,17,1,1,1,1
ME,178,7,gd,36,20,1,1,1,1
ME,181,7,ys,37,5,1,1,0,NA
ME,382,7,gd,39,9,,,1,1
ME,190,7,rd,39,18,1,1,1,1
ME,384,7,wd,40,5,,,1,1
ME,385,7,ys,41,6,,,1,1
ME,180,7,wd,45,11,1,1,0,NA
ME,192,7,gd,47,9,1,1,1,1
ME,386,7,bd,47,10,,,1,1
ME,179,7,rc,48,12,1,1,1,1
ME,387,7,bs,49,20,,,1,1
ME,404,8,rc,2,5,,1,0,NA
ME,209,8,wd,2,27,1,1,1,1
ME,224,8,wd,4,8,1,1,1,1
ME,412,8,gh,4,21,,1,1,1
ME,416,8,wc,5,20,,1,0,NA
ME,223,8,gd,6,6,1,1,1,1
ME,226,8,gc,7,10,1,1,1,NA
ME,225,8,bd,8,10,1,1,1,NA
ME,417,8,gs,8,18,,1,1,NA
ME,208,8,rh,9,27,1,1,1,1
ME,195,8,rh,10,11,1,1,1,NA
ME,219,8,bd,10,14,,,1,NA
ME,390,8,oc,11,5,,1,1,NA
ME,389,8,yd,11,11,,1,1,NA
ME,198,8,ws,11,12,1,1,1,NA
ME,199,8,yd,11,16,1,1,1,NA
ME,393,8,ws,12,2,,,1,NA
ME,394,8,yh,12,8,,1,1,NA
ME,234,8,wc,12,9,1,1,1,NA
ME,391,8,gd,12,10,,1,1,NA
ME,392,8,os,12,18,,1,1,NA
ME,217,8,yp,13,1,1,1,1,1
ME,396,8,rh,13,8,,1,1,NA
ME,395,8,os,13,10,,1,1,NA
ME,397,8,wd,14,2,,1,NA,1
ME,235,8,rp,14,4,1,1,1,1
ME,399,8,bd,14,9,,1,0,NA
ME,204,8,bs,14,18,1,1,1,NA
ME,220,8,os,14,20,,1,1,NA
ME,205,8,gd,14,21,1,1,1,NA
ME,398,8,gc,14,23,,1,0,NA
ME,201,8,oc,15,19,1,1,1,NA
ME,203,8,oh,15,19,1,1,1,NA
ME,400,8,rh,15,23,,1,1,NA
ME,215,8,rh,15,28,1,1,1,1
ME,401,8,gs,16,5,,1,1,NA
ME,200,8,rh,16,12,1,1,1,NA
ME,196,8,bs,16,14,1,1,1,NA
ME,202,8,bd,16,21,1,1,1,NA
ME,403,8,ys,17,5,,1,1,NA
ME,194,8,ys,17,11,1,1,1,NA
ME,197,8,wd,17,15,1,1,1,NA
ME,402,8,rd,17,19,,1,1,NA
ME,214,8,yp,18,39,1,1,1,1
ME,206,8,wd,19,30,1,1,1,1
ME,222,8,rp,21,8,1,1,1,1
ME,405,8,bs,21,27,,1,0,NA
ME,210,8,gd,21,38,1,1,1,1
ME,213,8,rd,21,39,1,1,1,1
ME,227,8,od,22,1,1,1,1,1
ME,406,8,bp,22,15,1,1,1,1
ME,232,8,yp,23,0,1,1,1,1
ME,216,8,wh,23,35,1,1,1,1
ME,212,8,rp,24,34,1,1,1,1
ME,407,8,gd,25,15,,1,1,1
ME,211,8,wd,25,35,1,1,1,1
ME,408,8,oh,28,32,,,1,1
ME,236,8,bd,32,28,1,1,1,1
ME,229,8,wp,32,29,1,1,1,NA
ME,233,8,bs,33,2,1,0,0,NA
ME,409,8,yp,33,13,,,1,1
ME,410,8,rp,35,15,,,1,1
ME,411,8,gp,35,22,,,1,1
ME,207,8,yp,35,25,1,1,1,1
ME,221,8,bd,37,13,1,1,1,1
ME,228,8,bd,41,26,1,1,1,1
ME,413,8,wd,43,18,,,1,1
ME,18.6.,8,bh,44,15,,,,1
ME,231,8,gh,44,16,1,1,1,1
ME,218,8,yp,45,10,1,1,1,1
ME,414,8,gp,45,12,,,1,1
ME,230,8,bd,45,15,1,1,1,1
ME,415,8,op,45,39,,,1,1
ME,18.7.,8,op,46,22,,,,1
ME,193,8,bh,49,12,1,1,1,1
ME,244,9,bs,0,23,1,1,1,1
ME,421,9,gd,2,16,,,1,1
ME,243,9,os,2,19,1,1,1,1
ME,247,9,od,4,46,1,1,1,1
ME,435,9,gd,5,18,,,1,1
ME,245,9,gc,5,21,1,1,1,1
ME,436,9,rh,5,28,,,1,0
ME,437,9,wc,6,19,,,1,1
ME,254,9,bd,8,37,1,1,1,1
ME,240,9,bh,10,8,1,1,1,1
ME,241,9,yp,10,15,1,1,1,1
ME,418,9,rp,12,11,,,1,1
ME,253,9,rc,12,24,1,1,1,0
ME,419,9,oh,15,13,,,1,1
ME,420,9,rh,15,20,,,1,1
ME,246,9,rs,16,45,1,1,1,1
ME,422,9,bs,20,23,,,1,0
ME,242,9,wh,21,20,1,1,1,1
ME,237,9,gs,21,26,1,1,1,1
ME,423,9,rc,24,27,,,1,1
ME,424,9,gd,25,17,,,1,0
ME,425,9,wc,26,2,,,1,0
ME,426,9,ys,28,15,,,1,0
ME,427,9,ys,28,30,,,1,1
ME,428,9,oh,30,14,,,1,1
ME,429,9,oc,31,37,,,1,0
ME,430,9,yd,32,23,,,1,1
ME,431,9,wd,33,13,,,1,0
ME,239,9,rc,33,30,1,1,1,1
ME,252,9,yd,34,26,1,1,0,NA
ME,250,9,os,34,28,1,0,NA,NA
ME,432,9,rb,35,21,,,1,1
ME,251,9,ws,35,28,1,1,1,0
ME,249,9,rh,37,29,1,1,1,1
ME,433,9,ys,38,11,,,1,1
ME,18.8.,9,yd,44,20,,,,1
ME,248,9,yd,44,20,1,0,0,NA
ME,434,9,oh,44,27,,,1,1
ME,238,9,wc,45,28,1,1,1,0
ME,278,10,bh,0,42,1,1,1,1
ME,271,10,wh,1,20,1,1,1,1
ME,336,10,rh,2,10,,1,0,NA
ME,317,10,op,2,28,1,1,1,1
ME,315,10,os,3,33,,0,1,1
ME,313,10,rp,3,46,1,1,1,1
ME,270,10,bs,4,22,1,1,1,0
ME,267,10,oh,5,21,1,NA,1,NA
ME,269,10,wh,5,22,,1,0,NA
ME,316,10,wh,5,33,1,1,1,1
ME,314,10,gp,5,37,1,1,1,1
ME,268,10,ys,6,21,,1,1,0
ME,274,10,bh,6,36,1,1,1,1
ME,312,10,od,6,47,1,0,0,NA
ME,339,10,wc,7,25,,1,1,1
ME,275,10,op,7,37,1,1,1,1
ME,265,10,ys,8,22,1,NA,1,1
ME,276,10,rh,8,39,1,1,1,1
ME,255,10,oc,10,3,1,1,1,0
ME,335,10,od,10,20,,1,1,1
ME,277,10,wh,10,44,1,1,1,1
ME,18.9.,10,rc,12,19,,,,1
ME,318,10,rc,12,19,1,0,0,NA
ME,290,10,gd,12,22,1,1,1,1
ME,264,10,wc,15,23,1,1,1,1
ME,319,10,ys,16,25,,0,1,1
ME,291,10,wd,16,37,1,1,1,NA
ME,279,10,oc,16,40,1,1,1,1
ME,263,10,ys,17,26,1,1,1,1
ME,280,10,rc,17,43,1,1,1,1
ME,320,10,wd,18,22,1,1,1,0
ME,262,10,gb,19,25,1,1,1,1
ME,261,10,bs,19,26,1,1,1,1
ME,281,10,gc,19,43,1,1,1,1
ME,337,10,bd,20,18,,,1,1
ME,282,10,wh,23,20,1,1,1,1
ME,299,10,yc,23,29,1,0,0,NA
ME,295,10,ws,24,26,1,NA,1,0
ME,311,10,rh,24,44,1,1,1,1
ME,283,10,oc,25,22,1,1,1,1
ME,293,10,gs,26,15,1,1,1,1
ME,258,10,gd,26,18,1,1,1,1
ME,294,10,yc,28,16,,1,1,1
ME,272,10,yd,28,38,1,1,1,1
ME,289,10,rs,29,35,1,1,0,NA
ME,296,10,oh,30,24,1,NA,1,1
ME,321,10,ws,30,25,,0,1,0
ME,297,10,bs,31,23,1,1,1,1
ME,309,10,bd,31,47,1,1,1,1
ME,298,10,gh,32,23,1,1,1,0
ME,338,10,wh,32,38,,,1,NA
ME,259,10,ys,33,28,,1,0,1
ME,288,10,rs,33,37,1,1,0,NA
ME,310,10,ys,33,50,1,1,1,1
ME,303,10,rd,34,37,1,NA,1,1
ME,306,10,ys,34,46,1,1,1,NA
ME,300,10,rs,35,23,1,1,1,1
ME,301,10,bs,35,24,,1,1,1
ME,305,10,gh,35,45,1,1,1,1
ME,308,10,os,36,46,,0,1,1
ME,260,10,gs,37,18,1,1,1,1
ME,284,10,bs,37,28,1,1,1,1
ME,285,10,oc,38,30,1,1,1,1
ME,287,10,yd,38,35,1,1,0,NA
ME,307,10,gs,38,48,1,NA,1,0
ME,256,10,bd,39,9,1,1,1,1
ME,302,10,ws,41,29,,0,1,0
ME,286,10,oh,41,32,1,1,1,0
ME,273,10,gc,44,42,1,1,1,1
ME,292,10,rh,47,14,1,1,1,1