,"(mm) Precipitation (gridMET) at -76.9743E,34.7660N, 2015-01-01 to 2025-05-01"
2015/1/1,0
2015/1/2,0
2015/1/3,9.6446
2015/1/4,6.4954
2015/1/5,0
2015/1/6,0
2015/1/7,0
2015/1/8,0
2015/1/9,0
2015/1/10,0
2015/1/11,0
2015/1/12,18.246
2015/1/13,3.789
2015/1/14,0
2015/1/15,0.6102
2015/1/16,0
2015/1/17,0
2015/1/18,15.6282
2015/1/19,0
2015/1/20,0
2015/1/21,0
2015/1/22,0
2015/1/23,52.7403
2015/1/24,9.9202
2015/1/25,0
2015/1/26,0.3641
2015/1/27,0
2015/1/28,0
2015/1/29,0
2015/1/30,0
2015/1/31,0
2015/2/1,11.0716
2015/2/2,9.2313
2015/2/3,0
2015/2/4,18.1279
2015/2/5,0
2015/2/6,0
2015/2/7,0
2015/2/8,0
2015/2/9,0
2015/2/10,5.6785
2015/2/11,0
2015/2/12,0
2015/2/13,0
2015/2/14,0
2015/2/15,0
2015/2/16,29.3669
2015/2/17,0
2015/2/18,0.6397
2015/2/19,0
2015/2/20,0
2015/2/21,6.9677
2015/2/22,12.3805
2015/2/23,4.6944
2015/2/24,13.965
2015/2/25,31.0301
2015/2/26,0
2015/2/27,0
2015/2/28,0
2015/3/1,5.9344
2015/3/2,0
2015/3/3,4.0055
2015/3/4,0
2015/3/5,6.7709
2015/3/6,0
2015/3/7,0
2015/3/8,0
2015/3/9,0
2015/3/10,0
2015/3/11,0.6987
2015/3/12,0
2015/3/13,0
2015/3/14,24.702
2015/3/15,0
2015/3/16,0
2015/3/17,0
2015/3/18,0
2015/3/19,16.9076
2015/3/20,5.9049
2015/3/21,0
2015/3/22,5.4226
2015/3/23,0.6003
2015/3/24,0
2015/3/25,0
2015/3/26,3.0902
2015/3/27,8.2176
2015/3/28,0
2015/3/29,0
2015/3/30,0.3838
2015/3/31,0
2015/4/1,0
2015/4/2,0
2015/4/3,0
2015/4/4,0.9054
2015/4/5,0
2015/4/6,0
2015/4/7,0
2015/4/8,0.5216
2015/4/9,8.8868
2015/4/10,0
2015/4/11,0.3543
2015/4/12,0
2015/4/13,0
2015/4/14,0.6003
2015/4/15,2.1159
2015/4/16,0
2015/4/17,0
2015/4/18,3.9563
2015/4/19,30.6856
2015/4/20,0
2015/4/21,0
2015/4/22,0
2015/4/23,0
2015/4/24,0
2015/4/25,1.5549
2015/4/26,0.8562
2015/4/27,0
2015/4/28,0
2015/4/29,2.9623
2015/4/30,1.0137
2015/5/1,1.7616
2015/5/2,0
2015/5/3,0
2015/5/4,0
2015/5/5,0
2015/5/6,0
2015/5/7,8.1389
2015/5/8,10.058
2015/5/9,27.2116
2015/5/10,28.0678
2015/5/11,2.6966
2015/5/12,10.6681
2015/5/13,0
2015/5/14,0
2015/5/15,0
2015/5/16,0
2015/5/17,0
2015/5/18,0
2015/5/19,6.0033
2015/5/20,0.5511
2015/5/21,3.7496
2015/5/22,0
2015/5/23,0
2015/5/24,0
2015/5/25,0
2015/5/26,0
2015/5/27,0
2015/5/28,0
2015/5/29,0
2015/5/30,0
2015/5/31,0
2015/6/1,0.2756
2015/6/2,35.0651
2015/6/3,36.6988
2015/6/4,2.9721
2015/6/5,0
2015/6/6,16.7305
2015/6/7,0
2015/6/8,0
2015/6/9,8.6309
2015/6/10,0
2015/6/11,0
2015/6/12,0
2015/6/13,0.3149
2015/6/14,1.0334
2015/6/15,0
2015/6/16,0
2015/6/17,12.6758
2015/6/18,4.4877
2015/6/19,4.4779
2015/6/20,0
2015/6/21,0
2015/6/22,0
2015/6/23,0
2015/6/24,11.3275
2015/6/25,0
2015/6/26,1.6632
2015/6/27,3.7496
2015/6/28,0
2015/6/29,0
2015/6/30,0
2015/7/1,0
2015/7/2,0
2015/7/3,1.8207
2015/7/4,0
2015/7/5,1.427
2015/7/6,0
2015/7/7,0
2015/7/8,0
2015/7/9,0
2015/7/10,0
2015/7/11,10.0973
2015/7/12,2.3324
2015/7/13,27.0837
2015/7/14,0
2015/7/15,0
2015/7/16,3.1197
2015/7/17,0
2015/7/18,0
2015/7/19,0
2015/7/20,0
2015/7/21,11.9967
2015/7/22,5.7671
2015/7/23,85.0892
2015/7/24,0
2015/7/25,0
2015/7/26,0
2015/7/27,0
2015/7/28,0
2015/7/29,0
2015/7/30,0.5019
2015/7/31,10.6288
2015/8/1,5.3045
2015/8/2,14.0536
2015/8/3,44.631
2015/8/4,3.5528
2015/8/5,0
2015/8/6,8.0208
2015/8/7,19.6435
2015/8/8,7.637
2015/8/9,0
2015/8/10,0
2015/8/11,39.976
2015/8/12,0
2015/8/13,0
2015/8/14,0
2015/8/15,0
2015/8/16,0
2015/8/17,0
2015/8/18,0
2015/8/19,6.5544
2015/8/20,0
2015/8/21,20.4997
2015/8/22,0
2015/8/23,0
2015/8/24,0
2015/8/25,5.5899
2015/8/26,11.7901
2015/8/27,6.5249
2015/8/28,0
2015/8/29,0
2015/8/30,0
2015/8/31,29.7015
2015/9/1,0
2015/9/2,3.0902
2015/9/3,0
2015/9/4,0
2015/9/5,0.2952
2015/9/6,0.4625
2015/9/7,26.316
2015/9/8,0.6791
2015/9/9,2.8147
2015/9/10,1.2007
2015/9/11,0
2015/9/12,1.9978
2015/9/13,0
2015/9/14,0
2015/9/15,0
2015/9/16,0
2015/9/17,0
2015/9/18,4.3106
2015/9/19,0
2015/9/20,0
2015/9/21,0
2015/9/22,3.3953
2015/9/23,3.4248
2015/9/24,44.7491
2015/9/25,32.0241
2015/9/26,18.8562
2015/9/27,39.8874
2015/9/28,21.1099
2015/9/29,1.24
2015/9/30,0.4035
2015/10/1,56.3423
2015/10/2,39.1001
2015/10/3,9.4675
2015/10/4,41.462
2015/10/5,26.6113
2015/10/6,0.4133
2015/10/7,0
2015/10/8,0
2015/10/9,0
2015/10/10,12.0755
2015/10/11,3.3953
2015/10/12,0
2015/10/13,0
2015/10/14,0
2015/10/15,0
2015/10/16,0
2015/10/17,0
2015/10/18,0
2015/10/19,0
2015/10/20,0
2015/10/21,0
2015/10/22,0
2015/10/23,0
2015/10/24,0
2015/10/25,0
2015/10/26,0
2015/10/27,26.3849
2015/10/28,3.4839
2015/10/29,0
2015/10/30,0
2015/10/31,0
2015/11/1,0
2015/11/2,14.3685
2015/11/3,12.784
2015/11/4,0.5019
2015/11/5,0
2015/11/6,0
2015/11/7,6.702
2015/11/8,2.7654
2015/11/9,24.8201
2015/11/10,2.7654
2015/11/11,0
2015/11/12,0
2015/11/13,0
2015/11/14,0
2015/11/15,0
2015/11/16,0
2015/11/17,0
2015/11/18,1.4565
2015/11/19,114.6332
2015/11/20,0
2015/11/21,2.3521
2015/11/22,10.2745
2015/11/23,0
2015/11/24,0
2015/11/25,0
2015/11/26,0
2015/11/27,0
2015/11/28,0
2015/11/29,0
2015/11/30,0
2015/12/1,2.175
2015/12/2,1.5943
2015/12/3,0
2015/12/4,0
2015/12/5,0
2015/12/6,0
2015/12/7,24.6528
2015/12/8,0
2015/12/9,0.5019
2015/12/10,0
2015/12/11,0
2015/12/12,0
2015/12/13,0
2015/12/14,2.9623
2015/12/15,0
2015/12/16,2.1061
2015/12/17,4.035
2015/12/18,3.5036
2015/12/19,0
2015/12/20,0
2015/12/21,0
2015/12/22,19.8305
2015/12/23,0.7184
2015/12/24,0.2952
2015/12/25,0
2015/12/26,0
2015/12/27,0
2015/12/28,6.8496
2015/12/29,0
2015/12/30,4.4582
2015/12/31,0
2016/1/1,0
2016/1/2,0
2016/1/3,0
2016/1/4,0
2016/1/5,0
2016/1/6,0
2016/1/7,0
2016/1/8,3.2
2016/1/9,5.8
2016/1/10,0
2016/1/11,0
2016/1/12,0
2016/1/13,0
2016/1/14,0
2016/1/15,35.6
2016/1/16,0
2016/1/17,10.7
2016/1/18,0
2016/1/19,0
2016/1/20,0
2016/1/21,0
2016/1/22,70.2
2016/1/23,0
2016/1/24,0
2016/1/25,0
2016/1/26,0
2016/1/27,0
2016/1/28,6.1
2016/1/29,0
2016/1/30,0
2016/1/31,0
2016/2/1,0
2016/2/2,0
2016/2/3,55.4
2016/2/4,73.2
2016/2/5,0
2016/2/6,8.5
2016/2/7,31.3
2016/2/8,0
2016/2/9,0
2016/2/10,0
2016/2/11,0
2016/2/12,5.6
2016/2/13,0
2016/2/14,0
2016/2/15,8.2
2016/2/16,14.7
2016/2/17,0
2016/2/18,0
2016/2/19,0
2016/2/20,0
2016/2/21,0
2016/2/22,2.3
2016/2/23,3.7
2016/2/24,6.2
2016/2/25,0
2016/2/26,0
2016/2/27,0
2016/2/28,0
2016/2/29,0
2016/3/1,3.1
2016/3/2,1.4
2016/3/3,22
2016/3/4,0
2016/3/5,0
2016/3/6,0
2016/3/7,0
2016/3/8,0
2016/3/9,0
2016/3/10,0
2016/3/11,0
2016/3/12,0
2016/3/13,2.3
2016/3/14,0.7
2016/3/15,0
2016/3/16,0
2016/3/17,0
2016/3/18,0
2016/3/19,0.4
2016/3/20,6.1
2016/3/21,0
2016/3/22,0
2016/3/23,0
2016/3/24,3.1
2016/3/25,7.1
2016/3/26,0
2016/3/27,28.7
2016/3/28,0
2016/3/29,0
2016/3/30,0
2016/3/31,7.7
2016/4/1,25
2016/4/2,2.8
2016/4/3,0
2016/4/4,0
2016/4/5,0
2016/4/6,2.3
2016/4/7,11.7
2016/4/8,0
2016/4/9,0
2016/4/10,0
2016/4/11,0
2016/4/12,13.8
2016/4/13,0
2016/4/14,0
2016/4/15,0
2016/4/16,0
2016/4/17,0
2016/4/18,0
2016/4/19,0
2016/4/20,0
2016/4/21,0
2016/4/22,10.9
2016/4/23,6
2016/4/24,0
2016/4/25,0
2016/4/26,0
2016/4/27,0.8
2016/4/28,0.3
2016/4/29,0
2016/4/30,0
2016/5/1,0.3
2016/5/2,11.2
2016/5/3,39.7
2016/5/4,7.2
2016/5/5,42.1
2016/5/6,0
2016/5/7,0
2016/5/8,0
2016/5/9,0
2016/5/10,0
2016/5/11,0
2016/5/12,0
2016/5/13,4.9
2016/5/14,0
2016/5/15,0
2016/5/16,0
2016/5/17,24.8
2016/5/18,7.5
2016/5/19,0.4
2016/5/20,30.3
2016/5/21,2
2016/5/22,0
2016/5/23,0.9
2016/5/24,0
2016/5/25,0
2016/5/26,0
2016/5/27,0
2016/5/28,8.3
2016/5/29,14.2
2016/5/30,0.9
2016/5/31,17.9
2016/6/1,10.1
2016/6/2,0
2016/6/3,0
2016/6/4,0
2016/6/5,0
2016/6/6,90.5
2016/6/7,24.8
2016/6/8,0
2016/6/9,0
2016/6/10,0
2016/6/11,0
2016/6/12,0
2016/6/13,0
2016/6/14,9.7
2016/6/15,27.7
2016/6/16,0.3
2016/6/17,2.4
2016/6/18,0
2016/6/19,0
2016/6/20,0
2016/6/21,0
2016/6/22,0
2016/6/23,0
2016/6/24,6.5
2016/6/25,0
2016/6/26,0
2016/6/27,0
2016/6/28,3.2
2016/6/29,0
2016/6/30,0.8
2016/7/1,15.6
2016/7/2,0
2016/7/3,6.3
2016/7/4,0.8
2016/7/5,8
2016/7/6,0
2016/7/7,17.9
2016/7/8,26.4
2016/7/9,0
2016/7/10,0
2016/7/11,0
2016/7/12,6.5
2016/7/13,0
2016/7/14,0
2016/7/15,13
2016/7/16,10.9
2016/7/17,0
2016/7/18,0
2016/7/19,9.1
2016/7/20,6.1
2016/7/21,0
2016/7/22,0
2016/7/23,0
2016/7/24,0
2016/7/25,0
2016/7/26,0
2016/7/27,6
2016/7/28,0
2016/7/29,0
2016/7/30,2.5
2016/7/31,47.3
2016/8/1,1.8
2016/8/2,32.4
2016/8/3,7.8
2016/8/4,0
2016/8/5,28.3
2016/8/6,1.6
2016/8/7,0
2016/8/8,1.8
2016/8/9,0
2016/8/10,0.6
2016/8/11,0
2016/8/12,0
2016/8/13,0
2016/8/14,0
2016/8/15,0
2016/8/16,0
2016/8/17,0
2016/8/18,27.9
2016/8/19,39
2016/8/20,1.3
2016/8/21,0
2016/8/22,0
2016/8/23,0
2016/8/24,0
2016/8/25,0
2016/8/26,0
2016/8/27,0
2016/8/28,7.3
2016/8/29,0.3
2016/8/30,1
2016/8/31,6.4
2016/9/1,9.5
2016/9/2,147
2016/9/3,1.2
2016/9/4,0
2016/9/5,0
2016/9/6,0
2016/9/7,5.2
2016/9/8,0
2016/9/9,0
2016/9/10,0
2016/9/11,17.5
2016/9/12,45.4
2016/9/13,0
2016/9/14,0
2016/9/15,4.8
2016/9/16,0
2016/9/17,7
2016/9/18,2.3
2016/9/19,57.5
2016/9/20,0.5
2016/9/21,0.6
2016/9/22,42.4
2016/9/23,25.2
2016/9/24,0
2016/9/25,0
2016/9/26,0
2016/9/27,10
2016/9/28,0
2016/9/29,13.9
2016/9/30,43.1
2016/10/1,13.6
2016/10/2,0
2016/10/3,0
2016/10/4,0
2016/10/5,0
2016/10/6,11.9
2016/10/7,7.6
2016/10/8,55.7
2016/10/9,0
2016/10/10,0
2016/10/11,0
2016/10/12,0
2016/10/13,0
2016/10/14,0
2016/10/15,0
2016/10/16,0
2016/10/17,0
2016/10/18,0
2016/10/19,0
2016/10/20,0
2016/10/21,1.6
2016/10/22,0
2016/10/23,0
2016/10/24,0
2016/10/25,0
2016/10/26,0
2016/10/27,0
2016/10/28,0
2016/10/29,0
2016/10/30,0
2016/10/31,0
2016/11/1,0
2016/11/2,0
2016/11/3,0
2016/11/4,6.5
2016/11/5,0
2016/11/6,0
2016/11/7,0
2016/11/8,0
2016/11/9,0
2016/11/10,0
2016/11/11,0
2016/11/12,0
2016/11/13,17
2016/11/14,0.4
2016/11/15,0
2016/11/16,0
2016/11/17,0
2016/11/18,0
2016/11/19,0
2016/11/20,0
2016/11/21,0
2016/11/22,0
2016/11/23,0
2016/11/24,0
2016/11/25,5.4
2016/11/26,0
2016/11/27,0
2016/11/28,0
2016/11/29,3
2016/11/30,8.3
2016/12/1,0
2016/12/2,0
2016/12/3,0
2016/12/4,41.7
2016/12/5,12.1
2016/12/6,8.9
2016/12/7,0
2016/12/8,0
2016/12/9,0
2016/12/10,0
2016/12/11,2.9
2016/12/12,20
2016/12/13,9
2016/12/14,1.1
2016/12/15,0
2016/12/16,11.3
2016/12/17,1.4
2016/12/18,0
2016/12/19,5.2
2016/12/20,0.6
2016/12/21,0
2016/12/22,0
2016/12/23,0
2016/12/24,0
2016/12/25,0
2016/12/26,0
2016/12/27,0
2016/12/28,0
2016/12/29,14.4
2016/12/30,0
2016/12/31,0
2017/1/1,4.2
2017/1/2,27.4
2017/1/3,4.7
2017/1/4,0
2017/1/5,0.7
2017/1/6,20.5
2017/1/7,2.4
2017/1/8,0
2017/1/9,0
2017/1/10,2.1
2017/1/11,0.5
2017/1/12,0
2017/1/13,0
2017/1/14,0
2017/1/15,0
2017/1/16,0
2017/1/17,0
2017/1/18,1.4
2017/1/19,0
2017/1/20,0
2017/1/21,1.7
2017/1/22,23.5
2017/1/23,10.4
2017/1/24,0
2017/1/25,0
2017/1/26,0.7
2017/1/27,0
2017/1/28,0
2017/1/29,0
2017/1/30,0
2017/1/31,0
2017/2/1,0
2017/2/2,0.4
2017/2/3,1.8
2017/2/4,0
2017/2/5,0
2017/2/6,0
2017/2/7,24.8
2017/2/8,5.6
2017/2/9,0.3
2017/2/10,0
2017/2/11,0
2017/2/12,0
2017/2/13,0
2017/2/14,0
2017/2/15,17.7
2017/2/16,0
2017/2/17,0
2017/2/18,0
2017/2/19,0
2017/2/20,0
2017/2/21,0
2017/2/22,0
2017/2/23,0
2017/2/24,0.4
2017/2/25,0
2017/2/26,0
2017/2/27,1.6
2017/2/28,0
2017/3/1,3.6
2017/3/2,0
2017/3/3,0
2017/3/4,0
2017/3/5,0
2017/3/6,0
2017/3/7,0
2017/3/8,0
2017/3/9,0
2017/3/10,0.9
2017/3/11,0.4
2017/3/12,6.7
2017/3/13,49.2
2017/3/14,0.8
2017/3/15,0
2017/3/16,0
2017/3/17,0.9
2017/3/18,14.8
2017/3/19,0
2017/3/20,0
2017/3/21,5.1
2017/3/22,0
2017/3/23,0
2017/3/24,0
2017/3/25,0
2017/3/26,0
2017/3/27,0
2017/3/28,5.4
2017/3/29,0
2017/3/30,0
2017/3/31,18.6
2017/4/1,0
2017/4/2,0
2017/4/3,14.6
2017/4/4,0
2017/4/5,50.2
2017/4/6,3.9
2017/4/7,0
2017/4/8,0
2017/4/9,0
2017/4/10,0
2017/4/11,0
2017/4/12,0
2017/4/13,0
2017/4/14,2.5
2017/4/15,2.1
2017/4/16,0
2017/4/17,2.5
2017/4/18,0
2017/4/19,0
2017/4/20,4.6
2017/4/21,0
2017/4/22,0
2017/4/23,3.6
2017/4/24,46.3
2017/4/25,3.3
2017/4/26,0
2017/4/27,0
2017/4/28,0
2017/4/29,0
2017/4/30,0
2017/5/1,2.6
2017/5/2,0
2017/5/3,0
2017/5/4,9.6
2017/5/5,34.1
2017/5/6,4.6
2017/5/7,0
2017/5/8,0
2017/5/9,5.2
2017/5/10,0
2017/5/11,0
2017/5/12,0.9
2017/5/13,0
2017/5/14,0
2017/5/15,0
2017/5/16,0
2017/5/17,0
2017/5/18,0
2017/5/19,0
2017/5/20,0
2017/5/21,0
2017/5/22,4.8
2017/5/23,16.6
2017/5/24,1.6
2017/5/25,0.6
2017/5/26,0
2017/5/27,0
2017/5/28,0
2017/5/29,14.1
2017/5/30,16.3
2017/5/31,3.9
2017/6/1,0
2017/6/2,0
2017/6/3,0
2017/6/4,0
2017/6/5,2.6
2017/6/6,2.8
2017/6/7,19.2
2017/6/8,4.1
2017/6/9,0
2017/6/10,0
2017/6/11,0
2017/6/12,0
2017/6/13,0
2017/6/14,0.9
2017/6/15,18.5
2017/6/16,1.4
2017/6/17,1
2017/6/18,1.2
2017/6/19,1.2
2017/6/20,27.9
2017/6/21,1
2017/6/22,1
2017/6/23,0
2017/6/24,29
2017/6/25,5.5
2017/6/26,0
2017/6/27,0
2017/6/28,0
2017/6/29,0
2017/6/30,8.9
2017/7/1,4.6
2017/7/2,2.4
2017/7/3,5.9
2017/7/4,7.1
2017/7/5,30.8
2017/7/6,0
2017/7/7,2.1
2017/7/8,8.5
2017/7/9,1.2
2017/7/10,13.3
2017/7/11,0
2017/7/12,0
2017/7/13,0
2017/7/14,0
2017/7/15,8.8
2017/7/16,12.3
2017/7/17,3.5
2017/7/18,7
2017/7/19,4.7
2017/7/20,0
2017/7/21,0
2017/7/22,0
2017/7/23,0
2017/7/24,0
2017/7/25,6.8
2017/7/26,0
2017/7/27,0
2017/7/28,0.7
2017/7/29,6.8
2017/7/30,0
2017/7/31,0
2017/8/1,0
2017/8/2,0
2017/8/3,6.1
2017/8/4,3.3
2017/8/5,13.8
2017/8/6,1.9
2017/8/7,15
2017/8/8,45.1
2017/8/9,3.8
2017/8/10,7.3
2017/8/11,16.8
2017/8/12,6.7
2017/8/13,27.5
2017/8/14,0.5
2017/8/15,0.6
2017/8/16,0
2017/8/17,0
2017/8/18,3.3
2017/8/19,21.4
2017/8/20,0
2017/8/21,1.2
2017/8/22,2.9
2017/8/23,22.5
2017/8/24,1.4
2017/8/25,0.5
2017/8/26,0
2017/8/27,0
2017/8/28,47.6
2017/8/29,11.9
2017/8/30,0
2017/8/31,2.5
2017/9/1,37.4
2017/9/2,8.9
2017/9/3,0
2017/9/4,0
2017/9/5,16.7
2017/9/6,6.2
2017/9/7,0
2017/9/8,0
2017/9/9,0
2017/9/10,0
2017/9/11,0.5
2017/9/12,10.4
2017/9/13,0
2017/9/14,26.5
2017/9/15,0
2017/9/16,0.7
2017/9/17,15.8
2017/9/18,0
2017/9/19,0
2017/9/20,0
2017/9/21,22.3
2017/9/22,0
2017/9/23,0
2017/9/24,0
2017/9/25,0
2017/9/26,0.9
2017/9/27,0
2017/9/28,0
2017/9/29,1.3
2017/9/30,0
2017/10/1,0
2017/10/2,0
2017/10/3,0
2017/10/4,0
2017/10/5,0
2017/10/6,0
2017/10/7,0.3
2017/10/8,0
2017/10/9,0.5
2017/10/10,6.9
2017/10/11,0
2017/10/12,2.1
2017/10/13,0.3
2017/10/14,0
2017/10/15,0
2017/10/16,6.1
2017/10/17,0
2017/10/18,0
2017/10/19,0
2017/10/20,0
2017/10/21,0
2017/10/22,0
2017/10/23,54.8
2017/10/24,3.9
2017/10/25,0
2017/10/26,0
2017/10/27,0
2017/10/28,20.7
2017/10/29,22.3
2017/10/30,0
2017/10/31,0
2017/11/1,0
2017/11/2,0
2017/11/3,0
2017/11/4,0
2017/11/5,0
2017/11/6,0
2017/11/7,0
2017/11/8,0.9
2017/11/9,10.1
2017/11/10,0
2017/11/11,0
2017/11/12,0
2017/11/13,1.6
2017/11/14,0
2017/11/15,0
2017/11/16,0
2017/11/17,0
2017/11/18,1.8
2017/11/19,0.6
2017/11/20,0
2017/11/21,11.8
2017/11/22,0
2017/11/23,0
2017/11/24,0
2017/11/25,0
2017/11/26,0
2017/11/27,0
2017/11/28,0
2017/11/29,0
2017/11/30,0
2017/12/1,0
2017/12/2,0
2017/12/3,0
2017/12/4,2
2017/12/5,7.4
2017/12/6,7.9
2017/12/7,14.7
2017/12/8,37.7
2017/12/9,2.1
2017/12/10,0
2017/12/11,0
2017/12/12,0
2017/12/13,0
2017/12/14,0
2017/12/15,0
2017/12/16,0
2017/12/17,0
2017/12/18,0
2017/12/19,0.6
2017/12/20,8.5
2017/12/21,0
2017/12/22,0
2017/12/23,6.3
2017/12/24,7.1
2017/12/25,0
2017/12/26,2
2017/12/27,6.6
2017/12/28,0
2017/12/29,0
2017/12/30,0
2017/12/31,0
2018/1/1,0
2018/1/2,0
2018/1/3,33.1
2018/1/4,0
2018/1/5,0
2018/1/6,0
2018/1/7,0
2018/1/8,0
2018/1/9,0
2018/1/10,0
2018/1/11,1
2018/1/12,39
2018/1/13,0
2018/1/14,0
2018/1/15,0
2018/1/16,0
2018/1/17,4.5
2018/1/18,0
2018/1/19,0
2018/1/20,0
2018/1/21,0
2018/1/22,1.7
2018/1/23,4.8
2018/1/24,0
2018/1/25,0
2018/1/26,0
2018/1/27,5.5
2018/1/28,67.9
2018/1/29,10.9
2018/1/30,1.4
2018/1/31,0
2018/2/1,1.8
2018/2/2,0
2018/2/3,0
2018/2/4,13.3
2018/2/5,0
2018/2/6,0
2018/2/7,0.5
2018/2/8,0
2018/2/9,5
2018/2/10,1.3
2018/2/11,22.4
2018/2/12,1.3
2018/2/13,0.8
2018/2/14,0
2018/2/15,0
2018/2/16,0
2018/2/17,0
2018/2/18,0
2018/2/19,1.4
2018/2/20,0
2018/2/21,0
2018/2/22,0
2018/2/23,0.8
2018/2/24,1.1
2018/2/25,2.2
2018/2/26,2.9
2018/2/27,0
2018/2/28,6.3
2018/3/1,4.8
2018/3/2,0
2018/3/3,0
2018/3/4,0
2018/3/5,0
2018/3/6,7.5
2018/3/7,0
2018/3/8,0
2018/3/9,0
2018/3/10,0
2018/3/11,4
2018/3/12,11.3
2018/3/13,0
2018/3/14,0
2018/3/15,0
2018/3/16,0
2018/3/17,1.3
2018/3/18,0
2018/3/19,11.6
2018/3/20,15.7
2018/3/21,0
2018/3/22,0
2018/3/23,0
2018/3/24,28.4
2018/3/25,1
2018/3/26,0
2018/3/27,0
2018/3/28,0
2018/3/29,0
2018/3/30,0
2018/3/31,0
2018/4/1,0
2018/4/2,0
2018/4/3,0.8
2018/4/4,2.2
2018/4/5,0
2018/4/6,0
2018/4/7,33
2018/4/8,0
2018/4/9,7.4
2018/4/10,0
2018/4/11,0
2018/4/12,0
2018/4/13,0
2018/4/14,2.7
2018/4/15,45.1
2018/4/16,0
2018/4/17,0
2018/4/18,0
2018/4/19,0
2018/4/20,0
2018/4/21,0
2018/4/22,0
2018/4/23,11.9
2018/4/24,28.7
2018/4/25,0
2018/4/26,0
2018/4/27,0.5
2018/4/28,0
2018/4/29,0
2018/4/30,0
2018/5/1,0
2018/5/2,0
2018/5/3,0
2018/5/4,0
2018/5/5,29.1
2018/5/6,19.4
2018/5/7,0
2018/5/8,0
2018/5/9,0
2018/5/10,0
2018/5/11,0
2018/5/12,0
2018/5/13,0
2018/5/14,0
2018/5/15,0.8
2018/5/16,4.4
2018/5/17,3.1
2018/5/18,23.2
2018/5/19,0
2018/5/20,0
2018/5/21,0
2018/5/22,0
2018/5/23,15.9
2018/5/24,0
2018/5/25,0
2018/5/26,0
2018/5/27,1
2018/5/28,51.9
2018/5/29,9.2
2018/5/30,1.1
2018/5/31,0.6
2018/6/1,0
2018/6/2,5.6
2018/6/3,10.5
2018/6/4,0
2018/6/5,0
2018/6/6,1.4
2018/6/7,7.5
2018/6/8,24.5
2018/6/9,1.5
2018/6/10,6.1
2018/6/11,55.2
2018/6/12,50.4
2018/6/13,0
2018/6/14,23.6
2018/6/15,0.7
2018/6/16,0
2018/6/17,11.4
2018/6/18,0.9
2018/6/19,0
2018/6/20,12.6
2018/6/21,2.8
2018/6/22,0
2018/6/23,0
2018/6/24,24.2
2018/6/25,2.8
2018/6/26,42.8
2018/6/27,1.3
2018/6/28,14.7
2018/6/29,0
2018/6/30,0
2018/7/1,0
2018/7/2,0
2018/7/3,0
2018/7/4,0.5
2018/7/5,5.3
2018/7/6,0
2018/7/7,2.2
2018/7/8,0
2018/7/9,0
2018/7/10,0
2018/7/11,0
2018/7/12,48.8
2018/7/13,0
2018/7/14,0
2018/7/15,0
2018/7/16,0
2018/7/17,5.8
2018/7/18,2.3
2018/7/19,0
2018/7/20,45.5
2018/7/21,1.3
2018/7/22,1.4
2018/7/23,41.9
2018/7/24,36.9
2018/7/25,17.5
2018/7/26,4.8
2018/7/27,20.2
2018/7/28,16.3
2018/7/29,35.6
2018/7/30,5.6
2018/7/31,5
2018/8/1,0.6
2018/8/2,22.8
2018/8/3,1.8
2018/8/4,4.7
2018/8/5,19.1
2018/8/6,0
2018/8/7,5
2018/8/8,3.2
2018/8/9,0
2018/8/10,0
2018/8/11,0.9
2018/8/12,10.8
2018/8/13,0
2018/8/14,10.5
2018/8/15,0
2018/8/16,0.6
2018/8/17,0
2018/8/18,0
2018/8/19,6
2018/8/20,0.9
2018/8/21,0
2018/8/22,2.8
2018/8/23,0
2018/8/24,0
2018/8/25,0.8
2018/8/26,0
2018/8/27,0
2018/8/28,0
2018/8/29,0
2018/8/30,0
2018/8/31,0
2018/9/1,0.4
2018/9/2,0
2018/9/3,0
2018/9/4,0.4
2018/9/5,0
2018/9/6,0
2018/9/7,9.5
2018/9/8,2.5
2018/9/9,1
2018/9/10,1.1
2018/9/11,7.8
2018/9/12,3.7
2018/9/13,239.5
2018/9/14,238.6
2018/9/15,50.1
2018/9/16,0.8
2018/9/17,6.4
2018/9/18,17.6
2018/9/19,0
2018/9/20,0
2018/9/21,0
2018/9/22,0
2018/9/23,0
2018/9/24,1.6
2018/9/25,8
2018/9/26,0
2018/9/27,6.2
2018/9/28,26
2018/9/29,0
2018/9/30,0
2018/10/1,0
2018/10/2,0
2018/10/3,0
2018/10/4,0
2018/10/5,0
2018/10/6,0.3
2018/10/7,0.3
2018/10/8,0
2018/10/9,0
2018/10/10,9.4
2018/10/11,2.8
2018/10/12,0
2018/10/13,0
2018/10/14,0
2018/10/15,0
2018/10/16,1
2018/10/17,0
2018/10/18,0
2018/10/19,0
2018/10/20,1.2
2018/10/21,0
2018/10/22,0
2018/10/23,0
2018/10/24,0
2018/10/25,0
2018/10/26,42.8
2018/10/27,0
2018/10/28,0
2018/10/29,0
2018/10/30,0
2018/10/31,0
2018/11/1,10.2
2018/11/2,8.7
2018/11/3,0
2018/11/4,78.9
2018/11/5,1.6
2018/11/6,0.8
2018/11/7,39.7
2018/11/8,0.4
2018/11/9,3.7
2018/11/10,0
2018/11/11,0
2018/11/12,41.5
2018/11/13,0.3
2018/11/14,11.6
2018/11/15,25.1
2018/11/16,0
2018/11/17,0
2018/11/18,0.7
2018/11/19,4.6
2018/11/20,0
2018/11/21,0
2018/11/22,0
2018/11/23,0
2018/11/24,30
2018/11/25,0.6
2018/11/26,2.1
2018/11/27,0
2018/11/28,0
2018/11/29,0
2018/11/30,0
2018/12/1,11.6
2018/12/2,0
2018/12/3,0
2018/12/4,0
2018/12/5,0
2018/12/6,0
2018/12/7,0
2018/12/8,14.4
2018/12/9,43.2
2018/12/10,4.1
2018/12/11,0
2018/12/12,0
2018/12/13,0
2018/12/14,25.9
2018/12/15,6.1
2018/12/16,0
2018/12/17,0
2018/12/18,0
2018/12/19,5.4
2018/12/20,29.4
2018/12/21,0
2018/12/22,0
2018/12/23,0
2018/12/24,0
2018/12/25,0
2018/12/26,0
2018/12/27,2.3
2018/12/28,13.7
2018/12/29,1.3
2018/12/30,2.3
2018/12/31,1.3
2019/1/1,0
2019/1/2,0
2019/1/3,0.3
2019/1/4,8.7
2019/1/5,0
2019/1/6,0
2019/1/7,0
2019/1/8,0
2019/1/9,0
2019/1/10,0
2019/1/11,0
2019/1/12,3.7
2019/1/13,9.5
2019/1/14,0
2019/1/15,0
2019/1/16,0
2019/1/17,0.9
2019/1/18,0
2019/1/19,15.8
2019/1/20,0
2019/1/21,0
2019/1/22,0
2019/1/23,12.4
2019/1/24,31.5
2019/1/25,0
2019/1/26,0
2019/1/27,0
2019/1/28,1.3
2019/1/29,0
2019/1/30,0
2019/1/31,0
2019/2/1,0
2019/2/2,2
2019/2/3,46.5
2019/2/4,0.8
2019/2/5,0
2019/2/6,0
2019/2/7,0
2019/2/8,0
2019/2/9,0
2019/2/10,0
2019/2/11,14
2019/2/12,0.8
2019/2/13,0
2019/2/14,0
2019/2/15,1.3
2019/2/16,9.2
2019/2/17,2.2
2019/2/18,0
2019/2/19,0.9
2019/2/20,8.7
2019/2/21,0
2019/2/22,3.2
2019/2/23,0.6
2019/2/24,0
2019/2/25,0
2019/2/26,0
2019/2/27,0
2019/2/28,0
2019/3/1,19.9
2019/3/2,0
2019/3/3,20.7
2019/3/4,4.2
2019/3/5,3.8
2019/3/6,0
2019/3/7,0
2019/3/8,3.6
2019/3/9,0
2019/3/10,0
2019/3/11,0
2019/3/12,0
2019/3/13,0
2019/3/14,0
2019/3/15,0
2019/3/16,0
2019/3/17,0
2019/3/18,0
2019/3/19,0.6
2019/3/20,16.1
2019/3/21,0
2019/3/22,0
2019/3/23,0
2019/3/24,0
2019/3/25,1.1
2019/3/26,0
2019/3/27,0
2019/3/28,0
2019/3/29,0
2019/3/30,0
2019/3/31,1.1
2019/4/1,0.6
2019/4/2,26.5
2019/4/3,0
2019/4/4,0
2019/4/5,3.7
2019/4/6,0
2019/4/7,0
2019/4/8,4.3
2019/4/9,2.1
2019/4/10,0
2019/4/11,0
2019/4/12,0
2019/4/13,30
2019/4/14,5.1
2019/4/15,0
2019/4/16,0
2019/4/17,0
2019/4/18,0
2019/4/19,20.3
2019/4/20,0
2019/4/21,0
2019/4/22,0
2019/4/23,0
2019/4/24,0
2019/4/25,0
2019/4/26,5.9
2019/4/27,0
2019/4/28,0
2019/4/29,0
2019/4/30,0
2019/5/1,0
2019/5/2,0
2019/5/3,0
2019/5/4,1.3
2019/5/5,5.7
2019/5/6,0
2019/5/7,0
2019/5/8,0
2019/5/9,0
2019/5/10,0
2019/5/11,0
2019/5/12,15.4
2019/5/13,0.3
2019/5/14,0
2019/5/15,0
2019/5/16,0
2019/5/17,0
2019/5/18,0
2019/5/19,0
2019/5/20,0
2019/5/21,0
2019/5/22,0
2019/5/23,0
2019/5/24,0
2019/5/25,0
2019/5/26,0
2019/5/27,0
2019/5/28,0
2019/5/29,0
2019/5/30,0
2019/5/31,5.4
2019/6/1,23.8
2019/6/2,0
2019/6/3,0
2019/6/4,0
2019/6/5,0
2019/6/6,0
2019/6/7,37.4
2019/6/8,11.4
2019/6/9,5.5
2019/6/10,0.8
2019/6/11,0.9
2019/6/12,17.6
2019/6/13,0
2019/6/14,0
2019/6/15,0
2019/6/16,0
2019/6/17,0
2019/6/18,12.6
2019/6/19,0
2019/6/20,0
2019/6/21,0
2019/6/22,0
2019/6/23,0
2019/6/24,0
2019/6/25,0
2019/6/26,0
2019/6/27,0
2019/6/28,0
2019/6/29,0
2019/6/30,0
2019/7/1,0
2019/7/2,0
2019/7/3,50
2019/7/4,0.7
2019/7/5,0.5
2019/7/6,0.8
2019/7/7,3
2019/7/8,26.1
2019/7/9,0
2019/7/10,2.8
2019/7/11,6.9
2019/7/12,4.3
2019/7/13,0
2019/7/14,0
2019/7/15,0.3
2019/7/16,0
2019/7/17,0
2019/7/18,0
2019/7/19,0
2019/7/20,0
2019/7/21,0
2019/7/22,0
2019/7/23,1.9
2019/7/24,0
2019/7/25,0
2019/7/26,0
2019/7/27,0
2019/7/28,0
2019/7/29,0
2019/7/30,0
2019/7/31,0.3
2019/8/1,7.7
2019/8/2,16.8
2019/8/3,0.5
2019/8/4,0
2019/8/5,33.9
2019/8/6,0
2019/8/7,1.7
2019/8/8,28.7
2019/8/9,0
2019/8/10,3.9
2019/8/11,0.8
2019/8/12,0
2019/8/13,0.7
2019/8/14,1.6
2019/8/15,11.7
2019/8/16,34.4
2019/8/17,47.4
2019/8/18,2.4
2019/8/19,0
2019/8/20,0
2019/8/21,0.4
2019/8/22,0
2019/8/23,0
2019/8/24,0
2019/8/25,0
2019/8/26,0
2019/8/27,0
2019/8/28,0
2019/8/29,0
2019/8/30,0
2019/8/31,0
2019/9/1,5.4
2019/9/2,8.9
2019/9/3,0
2019/9/4,4.1
2019/9/5,105.1
2019/9/6,3.9
2019/9/7,0
2019/9/8,0
2019/9/9,18.3
2019/9/10,0
2019/9/11,0
2019/9/12,0
2019/9/13,1.4
2019/9/14,0
2019/9/15,3.7
2019/9/16,0
2019/9/17,0
2019/9/18,0
2019/9/19,0
2019/9/20,0
2019/9/21,0
2019/9/22,0
2019/9/23,0
2019/9/24,0
2019/9/25,0
2019/9/26,0
2019/9/27,0
2019/9/28,0
2019/9/29,0.7
2019/9/30,0
2019/10/1,0
2019/10/2,0
2019/10/3,0
2019/10/4,0
2019/10/5,0
2019/10/6,0.4
2019/10/7,1.1
2019/10/8,2.8
2019/10/9,0
2019/10/10,0
2019/10/11,0
2019/10/12,0
2019/10/13,24.3
2019/10/14,0
2019/10/15,5.8
2019/10/16,8.5
2019/10/17,0
2019/10/18,0
2019/10/19,30.4
2019/10/20,28.4
2019/10/21,0
2019/10/22,0.3
2019/10/23,0
2019/10/24,0
2019/10/25,0
2019/10/26,1.9
2019/10/27,4.5
2019/10/28,0
2019/10/29,2.2
2019/10/30,0
2019/10/31,7.6
2019/11/1,0
2019/11/2,0
2019/11/3,0
2019/11/4,0.6
2019/11/5,2.2
2019/11/6,0
2019/11/7,8.7
2019/11/8,0
2019/11/9,0
2019/11/10,0
2019/11/11,0
2019/11/12,15.1
2019/11/13,0
2019/11/14,7.9
2019/11/15,18
2019/11/16,12.6
2019/11/17,0
2019/11/18,0.6
2019/11/19,0
2019/11/20,0
2019/11/21,0
2019/11/22,0
2019/11/23,7.8
2019/11/24,0
2019/11/25,0
2019/11/26,0
2019/11/27,0
2019/11/28,0
2019/11/29,0
2019/11/30,6.9
2019/12/1,10.9
2019/12/2,0
2019/12/3,0
2019/12/4,0
2019/12/5,0
2019/12/6,1
2019/12/7,0
2019/12/8,24.5
2019/12/9,0
2019/12/10,0.8
2019/12/11,0.5
2019/12/12,0
2019/12/13,21.7
2019/12/14,0.5
2019/12/15,0
2019/12/16,0
2019/12/17,0.8
2019/12/18,0
2019/12/19,0
2019/12/20,0
2019/12/21,0
2019/12/22,6.7
2019/12/23,8.7
2019/12/24,0
2019/12/25,0
2019/12/26,0
2019/12/27,0
2019/12/28,0
2019/12/29,2.9
2019/12/30,12.3
2019/12/31,0
2020/1/1,0
2020/1/2,0
2020/1/3,13.9
2020/1/4,8.8
2020/1/5,0
2020/1/6,0
2020/1/7,0
2020/1/8,0
2020/1/9,0
2020/1/10,0
2020/1/11,0
2020/1/12,0.8
2020/1/13,4
2020/1/14,0
2020/1/15,0
2020/1/16,0
2020/1/17,0
2020/1/18,0.8
2020/1/19,0
2020/1/20,0
2020/1/21,0
2020/1/22,0
2020/1/23,0
2020/1/24,11.1
2020/1/25,0.7
2020/1/26,0
2020/1/27,2
2020/1/28,0
2020/1/29,0
2020/1/30,0
2020/1/31,19.7
2020/2/1,0
2020/2/2,0
2020/2/3,0
2020/2/4,0.6
2020/2/5,0
2020/2/6,91.7
2020/2/7,0
2020/2/8,0
2020/2/9,0
2020/2/10,0
2020/2/11,0.8
2020/2/12,0
2020/2/13,4.1
2020/2/14,0
2020/2/15,0
2020/2/16,11.5
2020/2/17,0
2020/2/18,5.9
2020/2/19,2.6
2020/2/20,35
2020/2/21,0
2020/2/22,0
2020/2/23,0
2020/2/24,15.3
2020/2/25,7.1
2020/2/26,1.3
2020/2/27,0
2020/2/28,0
2020/2/29,0
2020/3/1,0
2020/3/2,1.5
2020/3/3,1.5
2020/3/4,3.9
2020/3/5,37.3
2020/3/6,0
2020/3/7,0
2020/3/8,0
2020/3/9,0
2020/3/10,0
2020/3/11,0
2020/3/12,0
2020/3/13,0
2020/3/14,3.6
2020/3/15,2.4
2020/3/16,1.3
2020/3/17,5.4
2020/3/18,0
2020/3/19,0
2020/3/20,0
2020/3/21,0.4
2020/3/22,0.8
2020/3/23,1.8
2020/3/24,10.8
2020/3/25,2.2
2020/3/26,0
2020/3/27,0
2020/3/28,0
2020/3/29,0
2020/3/30,0
2020/3/31,15.6
2020/4/1,0
2020/4/2,0
2020/4/3,0
2020/4/4,0
2020/4/5,0
2020/4/6,7.7
2020/4/7,0.8
2020/4/8,5.6
2020/4/9,1.3
2020/4/10,0
2020/4/11,0
2020/4/12,0
2020/4/13,35.8
2020/4/14,0
2020/4/15,4.6
2020/4/16,0
2020/4/17,0
2020/4/18,0.4
2020/4/19,3.2
2020/4/20,8.5
2020/4/21,0
2020/4/22,0
2020/4/23,3.3
2020/4/24,0
2020/4/25,19.9
2020/4/26,0
2020/4/27,0
2020/4/28,0
2020/4/29,0
2020/4/30,22.8
2020/5/1,0
2020/5/2,0
2020/5/3,0
2020/5/4,1.6
2020/5/5,17.3
2020/5/6,2.6
2020/5/7,0
2020/5/8,0
2020/5/9,0
2020/5/10,0
2020/5/11,0
2020/5/12,0
2020/5/13,0
2020/5/14,0
2020/5/15,0
2020/5/16,0
2020/5/17,118.1
2020/5/18,11.7
2020/5/19,40.9
2020/5/20,30
2020/5/21,41.9
2020/5/22,1.2
2020/5/23,0
2020/5/24,0
2020/5/25,0
2020/5/26,1.7
2020/5/27,21.4
2020/5/28,4.1
2020/5/29,9
2020/5/30,0.9
2020/5/31,0
2020/6/1,0
2020/6/2,0
2020/6/3,0
2020/6/4,0
2020/6/5,0.7
2020/6/6,0
2020/6/7,4.8
2020/6/8,0
2020/6/9,0
2020/6/10,0
2020/6/11,4.5
2020/6/12,24.7
2020/6/13,16
2020/6/14,1.9
2020/6/15,58.6
2020/6/16,28.8
2020/6/17,0
2020/6/18,0
2020/6/19,13.2
2020/6/20,5.6
2020/6/21,0.7
2020/6/22,0
2020/6/23,0
2020/6/24,0.4
2020/6/25,3.8
2020/6/26,0
2020/6/27,0
2020/6/28,1.9
2020/6/29,0
2020/6/30,0.5
2020/7/1,7
2020/7/2,0
2020/7/3,0
2020/7/4,0
2020/7/5,21
2020/7/6,0
2020/7/7,22.2
2020/7/8,10.5
2020/7/9,2.6
2020/7/10,0
2020/7/11,0
2020/7/12,0
2020/7/13,5.5
2020/7/14,0
2020/7/15,0
2020/7/16,0.8
2020/7/17,0
2020/7/18,0
2020/7/19,0
2020/7/20,0
2020/7/21,0
2020/7/22,0
2020/7/23,0
2020/7/24,0
2020/7/25,0
2020/7/26,0
2020/7/27,0
2020/7/28,0
2020/7/29,10.7
2020/7/30,0
2020/7/31,0
2020/8/1,1.4
2020/8/2,0
2020/8/3,47.3
2020/8/4,0
2020/8/5,4.1
2020/8/6,3.2
2020/8/7,0
2020/8/8,0
2020/8/9,8.4
2020/8/10,5.1
2020/8/11,0.5
2020/8/12,1.4
2020/8/13,23.2
2020/8/14,5.6
2020/8/15,71.9
2020/8/16,29.5
2020/8/17,0
2020/8/18,0
2020/8/19,14.5
2020/8/20,4.3
2020/8/21,1.3
2020/8/22,0
2020/8/23,1.6
2020/8/24,2
2020/8/25,0
2020/8/26,0
2020/8/27,0
2020/8/28,0
2020/8/29,2.1
2020/8/30,0
2020/8/31,2.5
2020/9/1,0
2020/9/2,0
2020/9/3,0
2020/9/4,0
2020/9/5,0
2020/9/6,0
2020/9/7,0
2020/9/8,9.1
2020/9/9,5.1
2020/9/10,1
2020/9/11,7.9
2020/9/12,0
2020/9/13,11.3
2020/9/14,5.5
2020/9/15,0
2020/9/16,6.6
2020/9/17,59.2
2020/9/18,3.1
2020/9/19,0
2020/9/20,0
2020/9/21,0
2020/9/22,0
2020/9/23,0
2020/9/24,0.5
2020/9/25,30.1
2020/9/26,2.4
2020/9/27,0
2020/9/28,8.2
2020/9/29,30
2020/9/30,0
2020/10/1,0
2020/10/2,0
2020/10/3,0
2020/10/4,8
2020/10/5,0
2020/10/6,0
2020/10/7,0
2020/10/8,0
2020/10/9,0
2020/10/10,1.8
2020/10/11,10.4
2020/10/12,1.6
2020/10/13,0
2020/10/14,0
2020/10/15,0
2020/10/16,3.9
2020/10/17,0
2020/10/18,0
2020/10/19,0
2020/10/20,0
2020/10/21,0
2020/10/22,0
2020/10/23,0
2020/10/24,9.4
2020/10/25,30.4
2020/10/26,0
2020/10/27,0
2020/10/28,0
2020/10/29,6
2020/10/30,0
2020/10/31,0
2020/11/1,9.4
2020/11/2,0
2020/11/3,0
2020/11/4,0
2020/11/5,0.6
2020/11/6,0
2020/11/7,0
2020/11/8,0.6
2020/11/9,0
2020/11/10,2.1
2020/11/11,13.8
2020/11/12,65.1
2020/11/13,0
2020/11/14,0
2020/11/15,0
2020/11/16,0
2020/11/17,0
2020/11/18,0
2020/11/19,0
2020/11/20,0
2020/11/21,0
2020/11/22,5.5
2020/11/23,0
2020/11/24,0
2020/11/25,2.8
2020/11/26,2.9
2020/11/27,0.6
2020/11/28,0
2020/11/29,40
2020/11/30,6.3
2020/12/1,0
2020/12/2,0
2020/12/3,0
2020/12/4,7.5
2020/12/5,0
2020/12/6,1.5
2020/12/7,1.6
2020/12/8,0
2020/12/9,0
2020/12/10,0
2020/12/11,1.3
2020/12/12,5.5
2020/12/13,1.1
2020/12/14,1.7
2020/12/15,0.9
2020/12/16,23.8
2020/12/17,0
2020/12/18,0
2020/12/19,0
2020/12/20,24.5
2020/12/21,0
2020/12/22,0
2020/12/23,6.1
2020/12/24,30.6
2020/12/25,0
2020/12/26,0
2020/12/27,0
2020/12/28,0
2020/12/29,0
2020/12/30,0
2020/12/31,17.4
2021/1/1,4.3
2021/1/2,4
2021/1/3,0.9
2021/1/4,0
2021/1/5,1.3
2021/1/6,0
2021/1/7,3.1
2021/1/8,4.5
2021/1/9,0
2021/1/10,0
2021/1/11,7.1
2021/1/12,4.7
2021/1/13,5.2
2021/1/14,0.5
2021/1/15,8.5
2021/1/16,0
2021/1/17,0
2021/1/18,0
2021/1/19,0
2021/1/20,0
2021/1/21,0
2021/1/22,0
2021/1/23,0
2021/1/24,1.7
2021/1/25,11.4
2021/1/26,5.2
2021/1/27,10.4
2021/1/28,0
2021/1/29,0
2021/1/30,0
2021/1/31,39.9
2021/2/1,0.4
2021/2/2,0
2021/2/3,0
2021/2/4,0
2021/2/5,3.3
2021/2/6,10.3
2021/2/7,0.6
2021/2/8,0
2021/2/9,0
2021/2/10,1.8
2021/2/11,5.3
2021/2/12,1.4
2021/2/13,29.7
2021/2/14,38.9
2021/2/15,2.6
2021/2/16,0
2021/2/17,1.6
2021/2/18,24.2
2021/2/19,12.7
2021/2/20,0
2021/2/21,1.2
2021/2/22,0
2021/2/23,0
2021/2/24,0
2021/2/25,0
2021/2/26,0.3
2021/2/27,6.9
2021/2/28,0
2021/3/1,0
2021/3/2,0
2021/3/3,0
2021/3/4,0
2021/3/5,0
2021/3/6,0
2021/3/7,0
2021/3/8,0
2021/3/9,0
2021/3/10,0
2021/3/11,0
2021/3/12,0
2021/3/13,0
2021/3/14,0
2021/3/15,0.4
2021/3/16,23.4
2021/3/17,0.5
2021/3/18,0
2021/3/19,2.8
2021/3/20,0
2021/3/21,0
2021/3/22,4
2021/3/23,4.2
2021/3/24,0.5
2021/3/25,0
2021/3/26,0.5
2021/3/27,1.1
2021/3/28,2
2021/3/29,0
2021/3/30,0
2021/3/31,11.7
2021/4/1,0.3
2021/4/2,0
2021/4/3,0
2021/4/4,0
2021/4/5,0
2021/4/6,0
2021/4/7,0
2021/4/8,0
2021/4/9,1.1
2021/4/10,7
2021/4/11,0
2021/4/12,0
2021/4/13,0
2021/4/14,0
2021/4/15,0.7
2021/4/16,0
2021/4/17,0
2021/4/18,0
2021/4/19,7.1
2021/4/20,0
2021/4/21,0
2021/4/22,0
2021/4/23,0
2021/4/24,0.6
2021/4/25,0
2021/4/26,0
2021/4/27,0
2021/4/28,0
2021/4/29,0
2021/4/30,0
2021/5/1,0
2021/5/2,0
2021/5/3,0
2021/5/4,0
2021/5/5,0
2021/5/6,0
2021/5/7,4.1
2021/5/8,0
2021/5/9,0
2021/5/10,11.1
2021/5/11,0
2021/5/12,28.5
2021/5/13,0
2021/5/14,0
2021/5/15,0
2021/5/16,0
2021/5/17,0
2021/5/18,0
2021/5/19,0
2021/5/20,0
2021/5/21,0
2021/5/22,0
2021/5/23,0
2021/5/24,2.8
2021/5/25,0
2021/5/26,0
2021/5/27,5.1
2021/5/28,0
2021/5/29,18.7
2021/5/30,0.7
2021/5/31,0
2021/6/1,5.3
2021/6/2,9.8
2021/6/3,52.9
2021/6/4,24.9
2021/6/5,0
2021/6/6,0.4
2021/6/7,1.9
2021/6/8,0
2021/6/9,2.8
2021/6/10,82.4
2021/6/11,0
2021/6/12,0
2021/6/13,0
2021/6/14,0
2021/6/15,45.5
2021/6/16,0
2021/6/17,0
2021/6/18,0
2021/6/19,0.6
2021/6/20,30
2021/6/21,0
2021/6/22,29.2
2021/6/23,0
2021/6/24,0
2021/6/25,21.3
2021/6/26,0
2021/6/27,0
2021/6/28,3.5
2021/6/29,0
2021/6/30,0
2021/7/1,0.5
2021/7/2,32.8
2021/7/3,0
2021/7/4,0
2021/7/5,0
2021/7/6,0
2021/7/7,0
2021/7/8,7.3
2021/7/9,1.2
2021/7/10,0
2021/7/11,0
2021/7/12,0
2021/7/13,0
2021/7/14,0
2021/7/15,0
2021/7/16,0
2021/7/17,0
2021/7/18,9.2
2021/7/19,24.1
2021/7/20,1
2021/7/21,0
2021/7/22,3.5
2021/7/23,0
2021/7/24,0
2021/7/25,0
2021/7/26,33.6
2021/7/27,2.2
2021/7/28,23.7
2021/7/29,0
2021/7/30,0
2021/7/31,18.8
2021/8/1,55.6
2021/8/2,12.4
2021/8/3,70.4
2021/8/4,10.4
2021/8/5,2.9
2021/8/6,4.2
2021/8/7,5.5
2021/8/8,0
2021/8/9,0
2021/8/10,0
2021/8/11,0
2021/8/12,0
2021/8/13,0
2021/8/14,0
2021/8/15,1.8
2021/8/16,0.6
2021/8/17,4.9
2021/8/18,1
2021/8/19,0.7
2021/8/20,0.8
2021/8/21,4.4
2021/8/22,50.3
2021/8/23,0
2021/8/24,4.1
2021/8/25,0
2021/8/26,0
2021/8/27,0
2021/8/28,0
2021/8/29,0
2021/8/30,0
2021/8/31,0
2021/9/1,1.2
2021/9/2,3.3
2021/9/3,0
2021/9/4,0
2021/9/5,0
2021/9/6,0
2021/9/7,0
2021/9/8,10
2021/9/9,3.1
2021/9/10,0
2021/9/11,0
2021/9/12,0
2021/9/13,0
2021/9/14,0
2021/9/15,0
2021/9/16,1.9
2021/9/17,21.3
2021/9/18,0
2021/9/19,0
2021/9/20,4.6
2021/9/21,0.5
2021/9/22,18.1
2021/9/23,16.3
2021/9/24,0
2021/9/25,0
2021/9/26,0
2021/9/27,0
2021/9/28,0
2021/9/29,0
2021/9/30,0
2021/10/1,0
2021/10/2,0
2021/10/3,1.7
2021/10/4,3
2021/10/5,0
2021/10/6,0
2021/10/7,16.1
2021/10/8,8.8
2021/10/9,25.1
2021/10/10,0.7
2021/10/11,0
2021/10/12,0
2021/10/13,0
2021/10/14,0
2021/10/15,0
2021/10/16,1.4
2021/10/17,0
2021/10/18,0
2021/10/19,0
2021/10/20,0
2021/10/21,0
2021/10/22,0
2021/10/23,0
2021/10/24,2.7
2021/10/25,37.3
2021/10/26,0
2021/10/27,0
2021/10/28,18.5
2021/10/29,0.9
2021/10/30,0
2021/10/31,0
2021/11/1,0
2021/11/2,0
2021/11/3,0
2021/11/4,0
2021/11/5,0
2021/11/6,7.7
2021/11/7,0
2021/11/8,0
2021/11/9,0
2021/11/10,0
2021/11/11,11.5
2021/11/12,0
2021/11/13,0
2021/11/14,0
2021/11/15,0
2021/11/16,0
2021/11/17,0
2021/11/18,0.4
2021/11/19,0
2021/11/20,0
2021/11/21,0
2021/11/22,2.1
2021/11/23,0
2021/11/24,0
2021/11/25,1.1
2021/11/26,2.6
2021/11/27,0
2021/11/28,0
2021/11/29,0
2021/11/30,0
2021/12/1,0
2021/12/2,0
2021/12/3,0
2021/12/4,0
2021/12/5,0
2021/12/6,0
2021/12/7,0
2021/12/8,31.9
2021/12/9,0
2021/12/10,1.4
2021/12/11,3.7
2021/12/12,0
2021/12/13,0
2021/12/14,0
2021/12/15,0
2021/12/16,0
2021/12/17,0
2021/12/18,0
2021/12/19,8.8
2021/12/20,0
2021/12/21,15.7
2021/12/22,1.1
2021/12/23,0
2021/12/24,0
2021/12/25,0
2021/12/26,0
2021/12/27,0
2021/12/28,0
2021/12/29,0.6
2021/12/30,2.4
2021/12/31,0.4
2022/1/1,0
2022/1/2,12.7
2022/1/3,7.6
2022/1/4,0
2022/1/5,17.7
2022/1/6,0
2022/1/7,0
2022/1/8,0
2022/1/9,11.7
2022/1/10,0
2022/1/11,0
2022/1/12,0
2022/1/13,0
2022/1/14,0
2022/1/15,1.4
2022/1/16,54.4
2022/1/17,0
2022/1/18,0
2022/1/19,0
2022/1/20,3
2022/1/21,13.8
2022/1/22,0
2022/1/23,0
2022/1/24,0
2022/1/25,0
2022/1/26,0
2022/1/27,0
2022/1/28,6.6
2022/1/29,0.4
2022/1/30,0
2022/1/31,0
2022/2/1,0
2022/2/2,0
2022/2/3,0
2022/2/4,11.6
2022/2/5,0
2022/2/6,0
2022/2/7,7
2022/2/8,0
2022/2/9,0
2022/2/10,0
2022/2/11,0
2022/2/12,0
2022/2/13,1.7
2022/2/14,0
2022/2/15,0
2022/2/16,0
2022/2/17,4.9
2022/2/18,4.3
2022/2/19,0
2022/2/20,0
2022/2/21,1.3
2022/2/22,0
2022/2/23,0
2022/2/24,0
2022/2/25,0
2022/2/26,0
2022/2/27,6.9
2022/2/28,0
2022/3/1,0
2022/3/2,0
2022/3/3,0
2022/3/4,0
2022/3/5,0
2022/3/6,0
2022/3/7,0
2022/3/8,4.5
2022/3/9,0.6
2022/3/10,0
2022/3/11,1.6
2022/3/12,8.8
2022/3/13,0
2022/3/14,0
2022/3/15,0
2022/3/16,25.7
2022/3/17,0
2022/3/18,0
2022/3/19,0
2022/3/20,0
2022/3/21,0
2022/3/22,0
2022/3/23,4.6
2022/3/24,36.7
2022/3/25,0
2022/3/26,0
2022/3/27,0
2022/3/28,0
2022/3/29,0
2022/3/30,0
2022/3/31,7.5
2022/4/1,0
2022/4/2,0
2022/4/3,0
2022/4/4,0
2022/4/5,20.9
2022/4/6,5
2022/4/7,0
2022/4/8,0
2022/4/9,0
2022/4/10,0
2022/4/11,0
2022/4/12,0
2022/4/13,0
2022/4/14,0
2022/4/15,0
2022/4/16,0
2022/4/17,1.5
2022/4/18,49.4
2022/4/19,0
2022/4/20,0
2022/4/21,0
2022/4/22,0
2022/4/23,0
2022/4/24,0
2022/4/25,0
2022/4/26,0.7
2022/4/27,0
2022/4/28,0
2022/4/29,0
2022/4/30,0
2022/5/1,0
2022/5/2,0
2022/5/3,0
2022/5/4,0
2022/5/5,0
2022/5/6,0
2022/5/7,2.8
2022/5/8,0.5
2022/5/9,0
2022/5/10,0
2022/5/11,2.4
2022/5/12,11.1
2022/5/13,23.3
2022/5/14,0
2022/5/15,0
2022/5/16,21.5
2022/5/17,0
2022/5/18,0
2022/5/19,0.4
2022/5/20,0
2022/5/21,0
2022/5/22,0
2022/5/23,27.1
2022/5/24,8.3
2022/5/25,0
2022/5/26,0
2022/5/27,0.3
2022/5/28,0.5
2022/5/29,0.3
2022/5/30,0
2022/5/31,0
2022/6/1,0
2022/6/2,0
2022/6/3,17.5
2022/6/4,0
2022/6/5,0
2022/6/6,0
2022/6/7,0
2022/6/8,1
2022/6/9,6.1
2022/6/10,0.4
2022/6/11,0
2022/6/12,3.6
2022/6/13,0
2022/6/14,0
2022/6/15,0
2022/6/16,0
2022/6/17,3.1
2022/6/18,0
2022/6/19,0
2022/6/20,0
2022/6/21,0
2022/6/22,1.9
2022/6/23,0
2022/6/24,0
2022/6/25,0
2022/6/26,0
2022/6/27,0.4
2022/6/28,4.8
2022/6/29,6
2022/6/30,1.3
2022/7/1,15.4
2022/7/2,3.9
2022/7/3,26
2022/7/4,1.7
2022/7/5,0
2022/7/6,4.5
2022/7/7,38.6
2022/7/8,10.8
2022/7/9,37.3
2022/7/10,0.7
2022/7/11,0
2022/7/12,0
2022/7/13,16.7
2022/7/14,6.3
2022/7/15,33.1
2022/7/16,1.7
2022/7/17,0.3
2022/7/18,6.7
2022/7/19,0.7
2022/7/20,0
2022/7/21,102.6
2022/7/22,2.1
2022/7/23,0
2022/7/24,0
2022/7/25,0
2022/7/26,0
2022/7/27,0
2022/7/28,0
2022/7/29,0.5
2022/7/30,9.4
2022/7/31,19.5
2022/8/1,0.6
2022/8/2,0
2022/8/3,0
2022/8/4,0
2022/8/5,0.5
2022/8/6,4.7
2022/8/7,1.2
2022/8/8,0
2022/8/9,0
2022/8/10,0
2022/8/11,0
2022/8/12,43.3
2022/8/13,0
2022/8/14,0
2022/8/15,1.7
2022/8/16,0.6
2022/8/17,0
2022/8/18,0
2022/8/19,21.5
2022/8/20,0
2022/8/21,27.5
2022/8/22,5.1
2022/8/23,0
2022/8/24,0
2022/8/25,2.1
2022/8/26,0
2022/8/27,1
2022/8/28,1.2
2022/8/29,11.4
2022/8/30,0
2022/8/31,0
2022/9/1,0
2022/9/2,0
2022/9/3,2
2022/9/4,0.8
2022/9/5,0.8
2022/9/6,11.9
2022/9/7,18.1
2022/9/8,0
2022/9/9,3.3
2022/9/10,9.1
2022/9/11,0.9
2022/9/12,0
2022/9/13,0
2022/9/14,0
2022/9/15,0
2022/9/16,0
2022/9/17,0
2022/9/18,0
2022/9/19,0.3
2022/9/20,0
2022/9/21,0
2022/9/22,8.3
2022/9/23,0
2022/9/24,0
2022/9/25,0
2022/9/26,2
2022/9/27,0
2022/9/28,0
2022/9/29,17.7
2022/9/30,49.3
2022/10/1,0
2022/10/2,6.3
2022/10/3,0
2022/10/4,0
2022/10/5,0
2022/10/6,0
2022/10/7,0
2022/10/8,0
2022/10/9,0
2022/10/10,0
2022/10/11,0
2022/10/12,44.4
2022/10/13,13.6
2022/10/14,0
2022/10/15,0
2022/10/16,0
2022/10/17,0
2022/10/18,0
2022/10/19,0
2022/10/20,0
2022/10/21,0
2022/10/22,0
2022/10/23,0
2022/10/24,0
2022/10/25,0
2022/10/26,0
2022/10/27,0
2022/10/28,17.3
2022/10/29,0
2022/10/30,0
2022/10/31,0
2022/11/1,0.6
2022/11/2,0
2022/11/3,0
2022/11/4,3.2
2022/11/5,0
2022/11/6,0
2022/11/7,0
2022/11/8,0
2022/11/9,0
2022/11/10,6.4
2022/11/11,1.5
2022/11/12,0
2022/11/13,0
2022/11/14,0
2022/11/15,8.4
2022/11/16,0
2022/11/17,0
2022/11/18,0
2022/11/19,0
2022/11/20,0
2022/11/21,0
2022/11/22,0
2022/11/23,0
2022/11/24,2.9
2022/11/25,11.5
2022/11/26,0
2022/11/27,1.9
2022/11/28,0
2022/11/29,2
2022/11/30,10.5
2022/12/1,0
2022/12/2,0
2022/12/3,0
2022/12/4,0
2022/12/5,0
2022/12/6,0
2022/12/7,0
2022/12/8,1.2
2022/12/9,0
2022/12/10,0
2022/12/11,0
2022/12/12,0
2022/12/13,0
2022/12/14,4.6
2022/12/15,11
2022/12/16,0
2022/12/17,0
2022/12/18,0
2022/12/19,0
2022/12/20,0
2022/12/21,0.5
2022/12/22,68.5
2022/12/23,0
2022/12/24,0
2022/12/25,0
2022/12/26,0
2022/12/27,0
2022/12/28,0
2022/12/29,0
2022/12/30,19.9
2022/12/31,1.1
2023/1/1,0
2023/1/2,0
2023/1/3,0
2023/1/4,6.9
2023/1/5,0
2023/1/6,0
2023/1/7,0
2023/1/8,0.8
2023/1/9,0
2023/1/10,0
2023/1/11,0
2023/1/12,13.4
2023/1/13,0
2023/1/14,0
2023/1/15,0
2023/1/16,0
2023/1/17,0.6
2023/1/18,0
2023/1/19,0
2023/1/20,0
2023/1/21,0.5
2023/1/22,39.6
2023/1/23,0
2023/1/24,0
2023/1/25,15.5
2023/1/26,0
2023/1/27,0
2023/1/28,0
2023/1/29,19.3
2023/1/30,1.5
2023/1/31,1.2
2023/2/1,6.9
2023/2/2,11.8
2023/2/3,0
2023/2/4,0
2023/2/5,2.2
2023/2/6,0
2023/2/7,0
2023/2/8,0
2023/2/9,0
2023/2/10,5.1
2023/2/11,26.6
2023/2/12,5.6
2023/2/13,0
2023/2/14,0
2023/2/15,0
2023/2/16,1.6
2023/2/17,2.2
2023/2/18,0
2023/2/19,0
2023/2/20,0
2023/2/21,0
2023/2/22,0
2023/2/23,11.6
2023/2/24,0
2023/2/25,0
2023/2/26,0
2023/2/27,0.7
2023/2/28,2.3
2023/3/1,0
2023/3/2,3.5
2023/3/3,0
2023/3/4,0
2023/3/5,0
2023/3/6,0
2023/3/7,0
2023/3/8,0
2023/3/9,0
2023/3/10,4.1
2023/3/11,0
2023/3/12,16.2
2023/3/13,0
2023/3/14,0
2023/3/15,0
2023/3/16,0
2023/3/17,3.2
2023/3/18,0.7
2023/3/19,0
2023/3/20,0
2023/3/21,0
2023/3/22,0
2023/3/23,0
2023/3/24,0
2023/3/25,0.7
2023/3/26,22
2023/3/27,0.7
2023/3/28,4.6
2023/3/29,0
2023/3/30,0
2023/3/31,0
2023/4/1,0
2023/4/2,0
2023/4/3,1
2023/4/4,0.4
2023/4/5,0
2023/4/6,0
2023/4/7,8.2
2023/4/8,48.1
2023/4/9,2
2023/4/10,0
2023/4/11,0
2023/4/12,0
2023/4/13,0.7
2023/4/14,13.7
2023/4/15,0
2023/4/16,0
2023/4/17,0
2023/4/18,0
2023/4/19,0
2023/4/20,0
2023/4/21,0
2023/4/22,10.2
2023/4/23,0
2023/4/24,0
2023/4/25,0
2023/4/26,2
2023/4/27,14.3
2023/4/28,4.3
2023/4/29,8.5
2023/4/30,8
2023/5/1,0
2023/5/2,0
2023/5/3,0
2023/5/4,0
2023/5/5,0
2023/5/6,0
2023/5/7,0
2023/5/8,0
2023/5/9,28.3
2023/5/10,0
2023/5/11,0
2023/5/12,0
2023/5/13,0
2023/5/14,0.9
2023/5/15,0
2023/5/16,0
2023/5/17,0
2023/5/18,8.3
2023/5/19,41.7
2023/5/20,0.5
2023/5/21,0
2023/5/22,0
2023/5/23,0
2023/5/24,0
2023/5/25,0
2023/5/26,18.4
2023/5/27,38.4
2023/5/28,9.4
2023/5/29,0
2023/5/30,0
2023/5/31,0
2023/6/1,0
2023/6/2,0
2023/6/3,0
2023/6/4,0
2023/6/5,0
2023/6/6,0
2023/6/7,7.3
2023/6/8,0.5
2023/6/9,0
2023/6/10,0
2023/6/11,0
2023/6/12,0
2023/6/13,0
2023/6/14,0
2023/6/15,0
2023/6/16,0
2023/6/17,0
2023/6/18,0
2023/6/19,4.1
2023/6/20,17.6
2023/6/21,12.3
2023/6/22,5.2
2023/6/23,8.2
2023/6/24,16.3
2023/6/25,0
2023/6/26,16.3
2023/6/27,5.9
2023/6/28,0
2023/6/29,0.5
2023/6/30,0
2023/7/1,0
2023/7/2,0
2023/7/3,0
2023/7/4,4.6
2023/7/5,20.4
2023/7/6,9
2023/7/7,19.7
2023/7/8,0
2023/7/9,2.3
2023/7/10,1.6
2023/7/11,0
2023/7/12,3.8
2023/7/13,0
2023/7/14,2.3
2023/7/15,14.2
2023/7/16,0.8
2023/7/17,7.4
2023/7/18,0
2023/7/19,5.5
2023/7/20,0
2023/7/21,0
2023/7/22,1.8
2023/7/23,23.2
2023/7/24,0.8
2023/7/25,0.7
2023/7/26,0
2023/7/27,0
2023/7/28,0.6
2023/7/29,23.1
2023/7/30,13.3
2023/7/31,1.4
2023/8/1,7.8
2023/8/2,0
2023/8/3,2.2
2023/8/4,25.2
2023/8/5,0
2023/8/6,0
2023/8/7,3.5
2023/8/8,0
2023/8/9,0
2023/8/10,3.2
2023/8/11,0
2023/8/12,0
2023/8/13,4.9
2023/8/14,0.5
2023/8/15,5.1
2023/8/16,7.8
2023/8/17,0
2023/8/18,0
2023/8/19,5.3
2023/8/20,0
2023/8/21,0
2023/8/22,0
2023/8/23,0
2023/8/24,0
2023/8/25,0
2023/8/26,0
2023/8/27,61.6
2023/8/28,0
2023/8/29,0
2023/8/30,134.8
2023/8/31,7.5
2023/9/1,0
2023/9/2,0
2023/9/3,0
2023/9/4,0
2023/9/5,0
2023/9/6,0
2023/9/7,0
2023/9/8,0
2023/9/9,8.7
2023/9/10,0.9
2023/9/11,0
2023/9/12,0
2023/9/13,36.8
2023/9/14,0
2023/9/15,0
2023/9/16,0
2023/9/17,12.5
2023/9/18,0
2023/9/19,0
2023/9/20,0
2023/9/21,0
2023/9/22,116.9
2023/9/23,9.8
2023/9/24,0
2023/9/25,0
2023/9/26,0
2023/9/27,0
2023/9/28,0
2023/9/29,0
2023/9/30,0
2023/10/1,0
2023/10/2,0
2023/10/3,0
2023/10/4,0
2023/10/5,0.6
2023/10/6,0
2023/10/7,0
2023/10/8,0
2023/10/9,0
2023/10/10,0
2023/10/11,2.2
2023/10/12,11.3
2023/10/13,0
2023/10/14,6.5
2023/10/15,0
2023/10/16,0
2023/10/17,0
2023/10/18,0
2023/10/19,4.6
2023/10/20,1.9
2023/10/21,0
2023/10/22,0
2023/10/23,0
2023/10/24,0
2023/10/25,0
2023/10/26,0
2023/10/27,0
2023/10/28,0
2023/10/29,0
2023/10/30,0
2023/10/31,0
2023/11/1,0
2023/11/2,0
2023/11/3,0
2023/11/4,0
2023/11/5,0
2023/11/6,0
2023/11/7,0
2023/11/8,0
2023/11/9,0
2023/11/10,0
2023/11/11,11.3
2023/11/12,1.3
2023/11/13,0
2023/11/14,0
2023/11/15,0
2023/11/16,0
2023/11/17,0
2023/11/18,0
2023/11/19,0
2023/11/20,0
2023/11/21,4
2023/11/22,32.7
2023/11/23,0
2023/11/24,0.3
2023/11/25,2.8
2023/11/26,11.1
2023/11/27,0
2023/11/28,0
2023/11/29,0
2023/11/30,0
2023/12/1,0
2023/12/2,1.1
2023/12/3,0
2023/12/4,0
2023/12/5,0
2023/12/6,0
2023/12/7,0
2023/12/8,0
2023/12/9,5.2
2023/12/10,57.1
2023/12/11,0
2023/12/12,0
2023/12/13,0
2023/12/14,0
2023/12/15,0
2023/12/16,1.7
2023/12/17,48.3
2023/12/18,0
2023/12/19,0
2023/12/20,0
2023/12/21,0
2023/12/22,0
2023/12/23,0
2023/12/24,0
2023/12/25,0.5
2023/12/26,15.5
2023/12/27,30.4
2023/12/28,0
2023/12/29,0
2023/12/30,0
2023/12/31,0
2024/1/1,0
2024/1/2,0
2024/1/3,14.2
2024/1/4,0
2024/1/5,0
2024/1/6,2.7
2024/1/7,0
2024/1/8,0.5
2024/1/9,33.2
2024/1/10,0
2024/1/11,0
2024/1/12,1.1
2024/1/13,0
2024/1/14,0
2024/1/15,0
2024/1/16,4
2024/1/17,0
2024/1/18,0.6
2024/1/19,0
2024/1/20,0
2024/1/21,0
2024/1/22,0
2024/1/23,0
2024/1/24,0.8
2024/1/25,0
2024/1/26,1.5
2024/1/27,5.9
2024/1/28,0
2024/1/29,0
2024/1/30,0
2024/1/31,0
2024/2/1,0
2024/2/2,0
2024/2/3,0
2024/2/4,0
2024/2/5,0
2024/2/6,0
2024/2/7,0
2024/2/8,0
2024/2/9,0
2024/2/10,0
2024/2/11,7.4
2024/2/12,27.2
2024/2/13,0
2024/2/14,0
2024/2/15,0
2024/2/16,0
2024/2/17,0
2024/2/18,0
2024/2/19,0
2024/2/20,0
2024/2/21,0
2024/2/22,0
2024/2/23,14
2024/2/24,0
2024/2/25,0
2024/2/26,0
2024/2/27,0.8
2024/2/28,2.8
2024/2/29,0
2024/3/1,62.3
2024/3/2,17
2024/3/3,5.8
2024/3/4,7.1
2024/3/5,32.5
2024/3/6,18.5
2024/3/7,0
2024/3/8,0.4
2024/3/9,7
2024/3/10,0
2024/3/11,0
2024/3/12,0
2024/3/13,0
2024/3/14,0
2024/3/15,0
2024/3/16,0
2024/3/17,0
2024/3/18,0
2024/3/19,0
2024/3/20,0
2024/3/21,0
2024/3/22,41.9
2024/3/23,7.2
2024/3/24,0
2024/3/25,0
2024/3/26,0
2024/3/27,23.6
2024/3/28,27.2
2024/3/29,0
2024/3/30,0
2024/3/31,0
2024/4/1,0
2024/4/2,0
2024/4/3,10.2
2024/4/4,0
2024/4/5,0
2024/4/6,0
2024/4/7,0
2024/4/8,0
2024/4/9,0
2024/4/10,0
2024/4/11,34.7
2024/4/12,2
2024/4/13,0
2024/4/14,0
2024/4/15,0
2024/4/16,0
2024/4/17,0
2024/4/18,0
2024/4/19,2.6
2024/4/20,15.5
2024/4/21,16.6
2024/4/22,0
2024/4/23,0
2024/4/24,0
2024/4/25,0
2024/4/26,0
2024/4/27,0
2024/4/28,0
2024/4/29,0
2024/4/30,0
2024/5/1,0.5
2024/5/2,0
2024/5/3,0
2024/5/4,0
2024/5/5,0
2024/5/6,0
2024/5/7,0
2024/5/8,1.6
2024/5/9,0
2024/5/10,7
2024/5/11,0
2024/5/12,0
2024/5/13,0
2024/5/14,11.9
2024/5/15,52
2024/5/16,0
2024/5/17,3.3
2024/5/18,24.7
2024/5/19,0
2024/5/20,0
2024/5/21,0
2024/5/22,0
2024/5/23,0
2024/5/24,0.6
2024/5/25,0
2024/5/26,0
2024/5/27,0
2024/5/28,0
2024/5/29,0
2024/5/30,0
2024/5/31,0
2024/6/1,0
2024/6/2,0
2024/6/3,0
2024/6/4,0
2024/6/5,0
2024/6/6,7.5
2024/6/7,0
2024/6/8,0
2024/6/9,0.6
2024/6/10,2.2
2024/6/11,0
2024/6/12,0
2024/6/13,0
2024/6/14,0
2024/6/15,0
2024/6/16,0
2024/6/17,0
2024/6/18,0
2024/6/19,0
2024/6/20,0
2024/6/21,0
2024/6/22,0.7
2024/6/23,2.2
2024/6/24,73.1
2024/6/25,0
2024/6/26,0
2024/6/27,15.2
2024/6/28,5.3
2024/6/29,0
2024/6/30,60.7
2024/7/1,3.5
2024/7/2,0
2024/7/3,0
2024/7/4,0
2024/7/5,0
2024/7/6,0
2024/7/7,0
2024/7/8,0.7
2024/7/9,2.6
2024/7/10,2.9
2024/7/11,29.8
2024/7/12,38.2
2024/7/13,3.4
2024/7/14,3.8
2024/7/15,0
2024/7/16,0
2024/7/17,13.4
2024/7/18,15
2024/7/19,31.3
2024/7/20,1
2024/7/21,5.6
2024/7/22,5.7
2024/7/23,2.4
2024/7/24,0
2024/7/25,24.9
2024/7/26,48.9
2024/7/27,0.6
2024/7/28,0
2024/7/29,0
2024/7/30,0.7
2024/7/31,0
2024/8/1,0
2024/8/2,0.8
2024/8/3,4.1
2024/8/4,6.1
2024/8/5,2.8
2024/8/6,64.7
2024/8/7,54.5
2024/8/8,66.7
2024/8/9,40.1
2024/8/10,11.5
2024/8/11,2.9
2024/8/12,27
2024/8/13,0
2024/8/14,0
2024/8/15,0
2024/8/16,0
2024/8/17,0
2024/8/18,6.1
2024/8/19,10.1
2024/8/20,3.4
2024/8/21,0
2024/8/22,0
2024/8/23,0
2024/8/24,0
2024/8/25,0.6
2024/8/26,0
2024/8/27,0
2024/8/28,0
2024/8/29,0
2024/8/30,13.7
2024/8/31,0
2024/9/1,0
2024/9/2,5.8
2024/9/3,0
2024/9/4,0
2024/9/5,0
2024/9/6,10.6
2024/9/7,0.7
2024/9/8,0
2024/9/9,0
2024/9/10,0
2024/9/11,0
2024/9/12,36.5
2024/9/13,24.7
2024/9/14,6.5
2024/9/15,42.5
2024/9/16,121.6
2024/9/17,0
2024/9/18,5.9
2024/9/19,14.8
2024/9/20,0
2024/9/21,0
2024/9/22,0
2024/9/23,0
2024/9/24,0.5
2024/9/25,0
2024/9/26,0
2024/9/27,7.2
2024/9/28,0
2024/9/29,0
2024/9/30,0
2024/10/1,0
2024/10/2,0
2024/10/3,0
2024/10/4,0
2024/10/5,0
2024/10/6,0
2024/10/7,0
2024/10/8,0
2024/10/9,0
2024/10/10,0
2024/10/11,0
2024/10/12,0
2024/10/13,0
2024/10/14,0
2024/10/15,0
2024/10/16,0
2024/10/17,0
2024/10/18,0
2024/10/19,0
2024/10/20,0
2024/10/21,0
2024/10/22,0
2024/10/23,0
2024/10/24,0
2024/10/25,0
2024/10/26,0
2024/10/27,4.2
2024/10/28,0
2024/10/29,0
2024/10/30,0
2024/10/31,0
2024/11/1,0
2024/11/2,0
2024/11/3,0
2024/11/4,0
2024/11/5,0
2024/11/6,0
2024/11/7,0
2024/11/8,0
2024/11/9,0
2024/11/10,0
2024/11/11,1.1
2024/11/12,0
2024/11/13,0
2024/11/14,34.8
2024/11/15,0
2024/11/16,0
2024/11/17,0
2024/11/18,0
2024/11/19,0
2024/11/20,0
2024/11/21,0
2024/11/22,0
2024/11/23,0
2024/11/24,0
2024/11/25,0
2024/11/26,1
2024/11/27,0
2024/11/28,0.3
2024/11/29,0
2024/11/30,0
2024/12/1,0
2024/12/2,0
2024/12/3,0
2024/12/4,0
2024/12/5,0
2024/12/6,0
2024/12/7,0
2024/12/8,0
2024/12/9,1.6
2024/12/10,6
2024/12/11,17.4
2024/12/12,0
2024/12/13,0
2024/12/14,0
2024/12/15,0
2024/12/16,0.5
2024/12/17,0.3
2024/12/18,0.3
2024/12/19,0
2024/12/20,0
2024/12/21,0
2024/12/22,0
2024/12/23,0
2024/12/24,10.6
2024/12/25,0
2024/12/26,0
2024/12/27,0
2024/12/28,1.5
2024/12/29,6.9
2024/12/30,0
2024/12/31,0
2025/1/1,0
2025/1/2,0
2025/1/3,13.1
2025/1/4,0
2025/1/5,0
2025/1/6,2.5
2025/1/7,0
2025/1/8,0
2025/1/9,0
2025/1/10,16.8
2025/1/11,0
2025/1/12,0
2025/1/13,0
2025/1/14,0
2025/1/15,0
2025/1/16,0
2025/1/17,0
2025/1/18,11.8
2025/1/19,2
2025/1/20,0
2025/1/21,14.2
2025/1/22,0
2025/1/23,0
2025/1/24,0
2025/1/25,0
2025/1/26,1.1
2025/1/27,8.2
2025/1/28,0
2025/1/29,0
2025/1/30,0
2025/1/31,4
2025/2/1,0
2025/2/2,2.1
2025/2/3,0
2025/2/4,0
2025/2/5,0.3
2025/2/6,0.3
2025/2/7,1.5
2025/2/8,0
2025/2/9,1.5
2025/2/10,0
2025/2/11,2.6
2025/2/12,0.9
2025/2/13,6.6
2025/2/14,0
2025/2/15,2.6
2025/2/16,8
2025/2/17,0
2025/2/18,0
2025/2/19,11
2025/2/20,0
2025/2/21,0
2025/2/22,0
2025/2/23,0
2025/2/24,0
2025/2/25,0
2025/2/26,0
2025/2/27,1.3
2025/2/28,0
2025/3/1,0
2025/3/2,0
2025/3/3,0
2025/3/4,0
2025/3/5,33.9
2025/3/6,0
2025/3/7,0
2025/3/8,0
2025/3/9,0
2025/3/10,0
2025/3/11,0
2025/3/12,0
2025/3/13,0
2025/3/14,0
2025/3/15,0
2025/3/16,53.3
2025/3/17,6.5
2025/3/18,0
2025/3/19,0
2025/3/20,2
2025/3/21,0
2025/3/22,0
2025/3/23,0
2025/3/24,0
2025/3/25,0
2025/3/26,0
2025/3/27,0
2025/3/28,0
2025/3/29,0
2025/3/30,3
2025/3/31,5.4
2025/4/1,0
2025/4/2,0
2025/4/3,0
2025/4/4,0
2025/4/5,0
2025/4/6,0
2025/4/7,14
2025/4/8,0
2025/4/9,0
2025/4/10,5.9
2025/4/11,8.7
2025/4/12,0
2025/4/13,0
2025/4/14,0
2025/4/15,0
2025/4/16,0
2025/4/17,0
2025/4/18,0
2025/4/19,0
2025/4/20,0
2025/4/21,0
2025/4/22,0
2025/4/23,9.2
2025/4/24,0
2025/4/25,0
2025/4/26,0
2025/4/27,0
2025/4/28,0
2025/4/29,0
2025/4/30,0
2025/5/1,0
