,"(mm) Precipitation (gridMET) at -76.8740E,34.7672N, 2015-01-01 to 2025-05-01"
"2015-01-01",0
"2015-01-02",0
"2015-01-03",10.5992
"2015-01-04",4.3204
"2015-01-05",0
"2015-01-06",0
"2015-01-07",0
"2015-01-08",0
"2015-01-09",0
"2015-01-10",0
"2015-01-11",0
"2015-01-12",17.4587
"2015-01-13",5.3144
"2015-01-14",0
"2015-01-15",0.4527
"2015-01-16",0
"2015-01-17",0
"2015-01-18",18.0591
"2015-01-19",0
"2015-01-20",0
"2015-01-21",0
"2015-01-22",0
"2015-01-23",44.9262
"2015-01-24",9.2313
"2015-01-25",0
"2015-01-26",0.4822
"2015-01-27",0
"2015-01-28",0
"2015-01-29",0
"2015-01-30",0
"2015-01-31",0
"2015-02-01",12.8529
"2015-02-02",8.0109
"2015-02-03",0
"2015-02-04",20.7064
"2015-02-05",0
"2015-02-06",0
"2015-02-07",0
"2015-02-08",0
"2015-02-09",0.6692
"2015-02-10",4.9306
"2015-02-11",0
"2015-02-12",0
"2015-02-13",0
"2015-02-14",0
"2015-02-15",0
"2015-02-16",30.1936
"2015-02-17",0
"2015-02-18",0.4625
"2015-02-19",0
"2015-02-20",0
"2015-02-21",7.5189
"2015-02-22",14.5752
"2015-02-23",4.3598
"2015-02-24",14.8409
"2015-02-25",28.4319
"2015-02-26",0
"2015-02-27",0
"2015-02-28",0
"2015-03-01",7.1449
"2015-03-02",0
"2015-03-03",5.1668
"2015-03-04",0
"2015-03-05",7.1547
"2015-03-06",0
"2015-03-07",0
"2015-03-08",0
"2015-03-09",0
"2015-03-10",0
"2015-03-11",1.3581
"2015-03-12",0
"2015-03-13",0
"2015-03-14",26.5621
"2015-03-15",0
"2015-03-16",0
"2015-03-17",0
"2015-03-18",0
"2015-03-19",19.3384
"2015-03-20",7.5189
"2015-03-21",0
"2015-03-22",6.0623
"2015-03-23",0.6102
"2015-03-24",0
"2015-03-25",0
"2015-03-26",3.5724
"2015-03-27",8.0601
"2015-03-28",0
"2015-03-29",0
"2015-03-30",0.5019
"2015-03-31",0
"2015-04-01",0
"2015-04-02",0
"2015-04-03",0
"2015-04-04",0.3543
"2015-04-05",0
"2015-04-06",0
"2015-04-07",0
"2015-04-08",1.6632
"2015-04-09",7.7452
"2015-04-10",0
"2015-04-11",0
"2015-04-12",0
"2015-04-13",1.7616
"2015-04-14",0.4822
"2015-04-15",1.9781
"2015-04-16",0
"2015-04-17",0
"2015-04-18",3.1394
"2015-04-19",23.2849
"2015-04-20",0
"2015-04-21",0
"2015-04-22",0
"2015-04-23",0
"2015-04-24",0
"2015-04-25",1.2892
"2015-04-26",3.2477
"2015-04-27",0
"2015-04-28",0
"2015-04-29",1.8305
"2015-04-30",0.9153
"2015-05-01",0
"2015-05-02",0
"2015-05-03",0
"2015-05-04",0
"2015-05-05",0
"2015-05-06",0
"2015-05-07",8.8573
"2015-05-08",9.0443
"2015-05-09",9.6151
"2015-05-10",26.6408
"2015-05-11",1.4959
"2015-05-12",13.1383
"2015-05-13",0
"2015-05-14",0
"2015-05-15",0
"2015-05-16",0
"2015-05-17",0
"2015-05-18",0
"2015-05-19",5.216
"2015-05-20",0.5806
"2015-05-21",3.2674
"2015-05-22",0
"2015-05-23",0
"2015-05-24",0
"2015-05-25",0
"2015-05-26",0
"2015-05-27",0
"2015-05-28",0
"2015-05-29",0
"2015-05-30",0
"2015-05-31",0
"2015-06-01",0.5708
"2015-06-02",18.2657
"2015-06-03",44.4834
"2015-06-04",1.6927
"2015-06-05",0
"2015-06-06",8.0897
"2015-06-07",0
"2015-06-08",0
"2015-06-09",6.269
"2015-06-10",0
"2015-06-11",0
"2015-06-12",0
"2015-06-13",0
"2015-06-14",3.9759
"2015-06-15",0
"2015-06-16",0
"2015-06-17",10.3335
"2015-06-18",2.9918
"2015-06-19",4.6648
"2015-06-20",0
"2015-06-21",0
"2015-06-22",0
"2015-06-23",0
"2015-06-24",12.0755
"2015-06-25",0
"2015-06-26",2.7359
"2015-06-27",4.8518
"2015-06-28",0
"2015-06-29",0
"2015-06-30",0
"2015-07-01",0
"2015-07-02",0
"2015-07-03",1.801
"2015-07-04",0
"2015-07-05",0.6397
"2015-07-06",0
"2015-07-07",0
"2015-07-08",0
"2015-07-09",0
"2015-07-10",0
"2015-07-11",10.8354
"2015-07-12",0.9153
"2015-07-13",17.3111
"2015-07-14",0
"2015-07-15",0
"2015-07-16",1.5057
"2015-07-17",0
"2015-07-18",0
"2015-07-19",0
"2015-07-20",0
"2015-07-21",10.9929
"2015-07-22",0.4822
"2015-07-23",79.3319
"2015-07-24",0
"2015-07-25",0
"2015-07-26",0
"2015-07-27",0
"2015-07-28",0
"2015-07-29",0
"2015-07-30",0.4527
"2015-07-31",9.4478
"2015-08-01",7.1449
"2015-08-02",13.7879
"2015-08-03",48.6266
"2015-08-04",3.2575
"2015-08-05",0
"2015-08-06",8.5522
"2015-08-07",22.409
"2015-08-08",7.5976
"2015-08-09",0
"2015-08-10",0
"2015-08-11",46.0481
"2015-08-12",0.4035
"2015-08-13",0
"2015-08-14",0
"2015-08-15",0
"2015-08-16",0
"2015-08-17",0
"2015-08-18",0
"2015-08-19",5.5407
"2015-08-20",0.62
"2015-08-21",11.4456
"2015-08-22",0
"2015-08-23",0
"2015-08-24",0
"2015-08-25",8.7884
"2015-08-26",5.3242
"2015-08-27",5.2357
"2015-08-28",0
"2015-08-29",0
"2015-08-30",0
"2015-08-31",27.5069
"2015-09-01",0
"2015-09-02",2.6473
"2015-09-03",0
"2015-09-04",0
"2015-09-05",0.4133
"2015-09-06",0.8365
"2015-09-07",30.7939
"2015-09-08",0
"2015-09-09",4.3794
"2015-09-10",0.7283
"2015-09-11",0
"2015-09-12",2.1553
"2015-09-13",0
"2015-09-14",0
"2015-09-15",0
"2015-09-16",0
"2015-09-17",0
"2015-09-18",5.6588
"2015-09-19",0
"2015-09-20",0
"2015-09-21",0
"2015-09-22",3.041
"2015-09-23",4.1137
"2015-09-24",43.4106
"2015-09-25",32.9295
"2015-09-26",24.4166
"2015-09-27",38.2045
"2015-09-28",19.3483
"2015-09-29",0.7479
"2015-09-30",0.561
"2015-10-01",62.07
"2015-10-02",32.9787
"2015-10-03",8.5621
"2015-10-04",40.9798
"2015-10-05",26.8672
"2015-10-06",0.5905
"2015-10-07",0
"2015-10-08",0
"2015-10-09",0
"2015-10-10",12.5774
"2015-10-11",5.6785
"2015-10-12",0
"2015-10-13",0
"2015-10-14",0
"2015-10-15",0
"2015-10-16",0
"2015-10-17",0
"2015-10-18",0
"2015-10-19",0
"2015-10-20",0
"2015-10-21",0
"2015-10-22",0
"2015-10-23",0
"2015-10-24",0
"2015-10-25",0
"2015-10-26",0
"2015-10-27",22.783
"2015-10-28",4.3893
"2015-10-29",0
"2015-10-30",0
"2015-10-31",0
"2015-11-01",0
"2015-11-02",12.6561
"2015-11-03",15.2936
"2015-11-04",0.9546
"2015-11-05",0
"2015-11-06",0
"2015-11-07",7.3909
"2015-11-08",3.6413
"2015-11-09",25.0859
"2015-11-10",3.5036
"2015-11-11",0
"2015-11-12",0
"2015-11-13",0
"2015-11-14",0
"2015-11-15",0
"2015-11-16",0
"2015-11-17",0
"2015-11-18",0.5708
"2015-11-19",124.514
"2015-11-20",0
"2015-11-21",2.7064
"2015-11-22",9.7037
"2015-11-23",0
"2015-11-24",0
"2015-11-25",0
"2015-11-26",0
"2015-11-27",0
"2015-11-28",0
"2015-11-29",0
"2015-11-30",0.2952
"2015-12-01",2.8048
"2015-12-02",1.5845
"2015-12-03",0
"2015-12-04",0
"2015-12-05",0
"2015-12-06",0
"2015-12-07",30.1837
"2015-12-08",0
"2015-12-09",0.7381
"2015-12-10",0
"2015-12-11",0
"2015-12-12",0
"2015-12-13",0
"2015-12-14",1.3581
"2015-12-15",0
"2015-12-16",5.6391
"2015-12-17",3.9169
"2015-12-18",4.035
"2015-12-19",0
"2015-12-20",0
"2015-12-21",0
"2015-12-22",29.6326
"2015-12-23",0.6594
"2015-12-24",0.3937
"2015-12-25",0
"2015-12-26",0
"2015-12-27",0
"2015-12-28",7.8436
"2015-12-29",0
"2015-12-30",4.1531
"2015-12-31",0
"2016-01-01",0
"2016-01-02",0
"2016-01-03",0
"2016-01-04",0
"2016-01-05",0
"2016-01-06",0
"2016-01-07",0
"2016-01-08",4.7
"2016-01-09",7.1
"2016-01-10",0
"2016-01-11",0
"2016-01-12",0
"2016-01-13",0
"2016-01-14",0
"2016-01-15",34.3
"2016-01-16",0
"2016-01-17",11.3
"2016-01-18",0
"2016-01-19",0
"2016-01-20",0
"2016-01-21",0
"2016-01-22",68
"2016-01-23",0
"2016-01-24",0
"2016-01-25",0
"2016-01-26",0
"2016-01-27",0
"2016-01-28",6.9
"2016-01-29",0
"2016-01-30",0
"2016-01-31",0
"2016-02-01",0
"2016-02-02",0.5
"2016-02-03",55.5
"2016-02-04",77.1
"2016-02-05",0
"2016-02-06",7.9
"2016-02-07",25.1
"2016-02-08",0
"2016-02-09",0
"2016-02-10",0
"2016-02-11",0
"2016-02-12",5.7
"2016-02-13",0
"2016-02-14",0
"2016-02-15",10
"2016-02-16",16
"2016-02-17",0
"2016-02-18",0
"2016-02-19",0
"2016-02-20",0
"2016-02-21",0
"2016-02-22",2.7
"2016-02-23",5.7
"2016-02-24",3.5
"2016-02-25",0
"2016-02-26",0
"2016-02-27",0
"2016-02-28",0
"2016-02-29",0
"2016-03-01",3.1
"2016-03-02",0.9
"2016-03-03",22
"2016-03-04",0
"2016-03-05",0
"2016-03-06",0
"2016-03-07",0
"2016-03-08",0
"2016-03-09",0
"2016-03-10",0
"2016-03-11",0
"2016-03-12",0
"2016-03-13",2.7
"2016-03-14",0
"2016-03-15",0
"2016-03-16",0
"2016-03-17",0
"2016-03-18",0
"2016-03-19",0.6
"2016-03-20",6.2
"2016-03-21",0
"2016-03-22",0
"2016-03-23",0
"2016-03-24",3.1
"2016-03-25",5.7
"2016-03-26",0
"2016-03-27",29.2
"2016-03-28",0
"2016-03-29",0
"2016-03-30",0
"2016-03-31",2.8
"2016-04-01",25.5
"2016-04-02",4.1
"2016-04-03",0
"2016-04-04",0
"2016-04-05",0
"2016-04-06",4.4
"2016-04-07",11.1
"2016-04-08",0
"2016-04-09",0
"2016-04-10",0
"2016-04-11",0
"2016-04-12",14.8
"2016-04-13",0
"2016-04-14",0
"2016-04-15",0
"2016-04-16",0
"2016-04-17",0
"2016-04-18",0
"2016-04-19",0
"2016-04-20",0
"2016-04-21",0
"2016-04-22",11.4
"2016-04-23",0.9
"2016-04-24",0
"2016-04-25",0
"2016-04-26",0
"2016-04-27",0.5
"2016-04-28",0
"2016-04-29",0
"2016-04-30",0
"2016-05-01",0
"2016-05-02",9.6
"2016-05-03",43.1
"2016-05-04",2
"2016-05-05",30.4
"2016-05-06",0
"2016-05-07",0
"2016-05-08",0
"2016-05-09",0
"2016-05-10",0
"2016-05-11",0
"2016-05-12",0
"2016-05-13",4.1
"2016-05-14",0
"2016-05-15",0
"2016-05-16",0
"2016-05-17",11.3
"2016-05-18",8.5
"2016-05-19",0
"2016-05-20",32.2
"2016-05-21",1.9
"2016-05-22",0.7
"2016-05-23",0
"2016-05-24",0
"2016-05-25",0
"2016-05-26",0
"2016-05-27",0
"2016-05-28",4.9
"2016-05-29",19.5
"2016-05-30",0.5
"2016-05-31",25.2
"2016-06-01",1.9
"2016-06-02",0
"2016-06-03",0
"2016-06-04",0
"2016-06-05",0
"2016-06-06",91.4
"2016-06-07",26.5
"2016-06-08",0
"2016-06-09",0
"2016-06-10",0
"2016-06-11",0
"2016-06-12",0
"2016-06-13",0
"2016-06-14",13.8
"2016-06-15",23.9
"2016-06-16",0.6
"2016-06-17",13.1
"2016-06-18",0
"2016-06-19",0
"2016-06-20",0
"2016-06-21",0
"2016-06-22",0
"2016-06-23",0
"2016-06-24",3.2
"2016-06-25",0
"2016-06-26",0
"2016-06-27",0
"2016-06-28",3.4
"2016-06-29",0
"2016-06-30",0.7
"2016-07-01",32.1
"2016-07-02",0
"2016-07-03",5
"2016-07-04",0
"2016-07-05",6.6
"2016-07-06",0
"2016-07-07",16.8
"2016-07-08",16.9
"2016-07-09",0
"2016-07-10",0
"2016-07-11",0
"2016-07-12",2.6
"2016-07-13",0
"2016-07-14",0
"2016-07-15",6.4
"2016-07-16",9.2
"2016-07-17",0
"2016-07-18",0
"2016-07-19",9.8
"2016-07-20",16.6
"2016-07-21",0
"2016-07-22",0
"2016-07-23",0
"2016-07-24",0
"2016-07-25",0
"2016-07-26",0
"2016-07-27",11.5
"2016-07-28",0
"2016-07-29",0
"2016-07-30",4
"2016-07-31",37.6
"2016-08-01",1.4
"2016-08-02",28.8
"2016-08-03",3.5
"2016-08-04",0
"2016-08-05",4.4
"2016-08-06",0.9
"2016-08-07",0
"2016-08-08",1.6
"2016-08-09",0
"2016-08-10",0
"2016-08-11",0
"2016-08-12",0
"2016-08-13",0
"2016-08-14",0
"2016-08-15",0
"2016-08-16",0.9
"2016-08-17",0
"2016-08-18",20.6
"2016-08-19",22.9
"2016-08-20",1.1
"2016-08-21",0
"2016-08-22",0
"2016-08-23",0
"2016-08-24",0
"2016-08-25",0
"2016-08-26",0
"2016-08-27",0
"2016-08-28",7.7
"2016-08-29",0
"2016-08-30",0.5
"2016-08-31",6.2
"2016-09-01",8.7
"2016-09-02",120.3
"2016-09-03",1.6
"2016-09-04",0
"2016-09-05",0
"2016-09-06",0
"2016-09-07",7.8
"2016-09-08",0
"2016-09-09",0
"2016-09-10",0
"2016-09-11",2.8
"2016-09-12",67.8
"2016-09-13",0
"2016-09-14",0
"2016-09-15",4.5
"2016-09-16",0
"2016-09-17",1.3
"2016-09-18",1.2
"2016-09-19",29.9
"2016-09-20",0
"2016-09-21",0
"2016-09-22",38.8
"2016-09-23",60.4
"2016-09-24",0
"2016-09-25",0
"2016-09-26",0
"2016-09-27",7.6
"2016-09-28",0
"2016-09-29",12.2
"2016-09-30",34.9
"2016-10-01",11.6
"2016-10-02",0
"2016-10-03",0
"2016-10-04",0
"2016-10-05",0
"2016-10-06",13.6
"2016-10-07",11.7
"2016-10-08",50.3
"2016-10-09",0.4
"2016-10-10",0
"2016-10-11",0
"2016-10-12",0
"2016-10-13",0
"2016-10-14",0
"2016-10-15",0
"2016-10-16",0
"2016-10-17",0
"2016-10-18",0
"2016-10-19",0
"2016-10-20",0
"2016-10-21",1.5
"2016-10-22",0
"2016-10-23",0
"2016-10-24",0
"2016-10-25",0
"2016-10-26",0
"2016-10-27",0
"2016-10-28",0
"2016-10-29",0
"2016-10-30",0
"2016-10-31",0
"2016-11-01",0
"2016-11-02",0
"2016-11-03",0
"2016-11-04",6.1
"2016-11-05",0
"2016-11-06",0
"2016-11-07",0
"2016-11-08",0
"2016-11-09",0
"2016-11-10",0
"2016-11-11",0
"2016-11-12",0
"2016-11-13",17
"2016-11-14",0.3
"2016-11-15",0
"2016-11-16",0
"2016-11-17",0
"2016-11-18",0
"2016-11-19",0
"2016-11-20",0
"2016-11-21",0
"2016-11-22",0
"2016-11-23",0
"2016-11-24",0
"2016-11-25",5.1
"2016-11-26",0
"2016-11-27",0
"2016-11-28",0
"2016-11-29",1
"2016-11-30",8.6
"2016-12-01",0
"2016-12-02",0
"2016-12-03",0
"2016-12-04",41.1
"2016-12-05",11.4
"2016-12-06",9.1
"2016-12-07",0
"2016-12-08",0
"2016-12-09",0
"2016-12-10",0
"2016-12-11",0.7
"2016-12-12",20.5
"2016-12-13",9.7
"2016-12-14",1.2
"2016-12-15",0
"2016-12-16",13.7
"2016-12-17",1.3
"2016-12-18",0
"2016-12-19",4.6
"2016-12-20",0.3
"2016-12-21",0
"2016-12-22",0
"2016-12-23",0
"2016-12-24",1.2
"2016-12-25",0
"2016-12-26",0
"2016-12-27",0
"2016-12-28",0
"2016-12-29",15
"2016-12-30",0
"2016-12-31",0
"2017-01-01",2.1
"2017-01-02",26.4
"2017-01-03",2.1
"2017-01-04",0
"2017-01-05",0.8
"2017-01-06",16.9
"2017-01-07",2.4
"2017-01-08",0
"2017-01-09",0
"2017-01-10",2.2
"2017-01-11",0.6
"2017-01-12",0
"2017-01-13",0
"2017-01-14",0
"2017-01-15",0
"2017-01-16",0
"2017-01-17",0
"2017-01-18",1.4
"2017-01-19",0
"2017-01-20",0
"2017-01-21",2.4
"2017-01-22",26.5
"2017-01-23",11.3
"2017-01-24",0
"2017-01-25",0
"2017-01-26",0.6
"2017-01-27",0
"2017-01-28",0
"2017-01-29",0
"2017-01-30",0
"2017-01-31",0
"2017-02-01",0
"2017-02-02",0
"2017-02-03",2.4
"2017-02-04",0
"2017-02-05",0
"2017-02-06",0
"2017-02-07",26.6
"2017-02-08",5.5
"2017-02-09",0
"2017-02-10",0
"2017-02-11",0
"2017-02-12",0
"2017-02-13",0
"2017-02-14",0
"2017-02-15",17
"2017-02-16",0
"2017-02-17",0
"2017-02-18",0
"2017-02-19",0
"2017-02-20",0
"2017-02-21",0
"2017-02-22",0
"2017-02-23",0
"2017-02-24",0
"2017-02-25",0
"2017-02-26",0
"2017-02-27",1.3
"2017-02-28",0
"2017-03-01",3.5
"2017-03-02",0
"2017-03-03",0
"2017-03-04",0
"2017-03-05",0
"2017-03-06",0
"2017-03-07",0
"2017-03-08",0
"2017-03-09",0
"2017-03-10",0.5
"2017-03-11",0
"2017-03-12",7
"2017-03-13",50.3
"2017-03-14",0.8
"2017-03-15",0
"2017-03-16",0
"2017-03-17",1.1
"2017-03-18",13.5
"2017-03-19",0
"2017-03-20",0
"2017-03-21",5.7
"2017-03-22",0
"2017-03-23",0
"2017-03-24",0
"2017-03-25",0
"2017-03-26",0
"2017-03-27",0
"2017-03-28",4.8
"2017-03-29",0
"2017-03-30",0
"2017-03-31",18.5
"2017-04-01",0
"2017-04-02",0
"2017-04-03",11.2
"2017-04-04",0
"2017-04-05",44
"2017-04-06",4
"2017-04-07",0
"2017-04-08",0
"2017-04-09",0
"2017-04-10",0
"2017-04-11",0
"2017-04-12",0
"2017-04-13",0
"2017-04-14",4.9
"2017-04-15",0
"2017-04-16",0
"2017-04-17",2.4
"2017-04-18",0
"2017-04-19",0
"2017-04-20",3.9
"2017-04-21",0
"2017-04-22",0
"2017-04-23",3.2
"2017-04-24",42.4
"2017-04-25",1.8
"2017-04-26",0
"2017-04-27",0
"2017-04-28",0
"2017-04-29",0
"2017-04-30",0
"2017-05-01",2.6
"2017-05-02",0
"2017-05-03",0
"2017-05-04",6.7
"2017-05-05",37.7
"2017-05-06",4.5
"2017-05-07",0
"2017-05-08",0
"2017-05-09",4.9
"2017-05-10",0
"2017-05-11",0
"2017-05-12",0
"2017-05-13",0
"2017-05-14",0
"2017-05-15",0
"2017-05-16",0
"2017-05-17",0
"2017-05-18",0
"2017-05-19",0
"2017-05-20",0
"2017-05-21",0
"2017-05-22",4.8
"2017-05-23",16.6
"2017-05-24",5.4
"2017-05-25",1.3
"2017-05-26",0
"2017-05-27",0
"2017-05-28",0
"2017-05-29",12
"2017-05-30",17.3
"2017-05-31",2.9
"2017-06-01",0
"2017-06-02",0
"2017-06-03",0
"2017-06-04",0
"2017-06-05",1.4
"2017-06-06",2.1
"2017-06-07",17.4
"2017-06-08",4.7
"2017-06-09",0
"2017-06-10",0
"2017-06-11",0
"2017-06-12",0
"2017-06-13",0
"2017-06-14",0
"2017-06-15",24.1
"2017-06-16",2.7
"2017-06-17",3.3
"2017-06-18",0
"2017-06-19",3.3
"2017-06-20",18.9
"2017-06-21",1
"2017-06-22",6.3
"2017-06-23",0
"2017-06-24",33.2
"2017-06-25",5.7
"2017-06-26",0
"2017-06-27",0
"2017-06-28",0
"2017-06-29",0
"2017-06-30",10.7
"2017-07-01",5.1
"2017-07-02",0.8
"2017-07-03",5.8
"2017-07-04",6.8
"2017-07-05",27.4
"2017-07-06",0
"2017-07-07",1.1
"2017-07-08",10.1
"2017-07-09",1.5
"2017-07-10",17.5
"2017-07-11",0
"2017-07-12",0
"2017-07-13",0
"2017-07-14",0
"2017-07-15",5.6
"2017-07-16",13.6
"2017-07-17",5.6
"2017-07-18",4.4
"2017-07-19",0
"2017-07-20",0
"2017-07-21",0
"2017-07-22",0
"2017-07-23",0
"2017-07-24",0
"2017-07-25",0.8
"2017-07-26",0
"2017-07-27",0
"2017-07-28",0.7
"2017-07-29",7.8
"2017-07-30",0
"2017-07-31",0
"2017-08-01",0
"2017-08-02",0
"2017-08-03",3.5
"2017-08-04",3.3
"2017-08-05",9.7
"2017-08-06",3.6
"2017-08-07",23.9
"2017-08-08",39.7
"2017-08-09",4.4
"2017-08-10",3.5
"2017-08-11",2.9
"2017-08-12",4.7
"2017-08-13",13.3
"2017-08-14",0.9
"2017-08-15",0.7
"2017-08-16",0
"2017-08-17",0
"2017-08-18",0.4
"2017-08-19",32.4
"2017-08-20",0
"2017-08-21",0.3
"2017-08-22",2.1
"2017-08-23",30.1
"2017-08-24",0.7
"2017-08-25",0.4
"2017-08-26",0
"2017-08-27",0
"2017-08-28",56.5
"2017-08-29",15.7
"2017-08-30",0
"2017-08-31",1.9
"2017-09-01",56.9
"2017-09-02",9.4
"2017-09-03",0
"2017-09-04",0
"2017-09-05",6.5
"2017-09-06",7.5
"2017-09-07",0
"2017-09-08",0
"2017-09-09",0
"2017-09-10",0
"2017-09-11",0
"2017-09-12",8.5
"2017-09-13",0
"2017-09-14",12.2
"2017-09-15",0
"2017-09-16",0.7
"2017-09-17",17.8
"2017-09-18",0
"2017-09-19",0
"2017-09-20",0
"2017-09-21",25.1
"2017-09-22",0
"2017-09-23",0
"2017-09-24",0
"2017-09-25",0
"2017-09-26",1.2
"2017-09-27",0
"2017-09-28",0
"2017-09-29",0
"2017-09-30",0
"2017-10-01",0
"2017-10-02",0
"2017-10-03",0
"2017-10-04",0
"2017-10-05",0
"2017-10-06",0
"2017-10-07",0
"2017-10-08",0
"2017-10-09",0
"2017-10-10",2.6
"2017-10-11",0
"2017-10-12",3.3
"2017-10-13",0.3
"2017-10-14",0
"2017-10-15",0
"2017-10-16",4.8
"2017-10-17",0
"2017-10-18",0
"2017-10-19",0
"2017-10-20",0
"2017-10-21",0
"2017-10-22",0
"2017-10-23",61.5
"2017-10-24",5.9
"2017-10-25",0
"2017-10-26",0
"2017-10-27",0
"2017-10-28",18.3
"2017-10-29",15.4
"2017-10-30",0
"2017-10-31",0
"2017-11-01",0
"2017-11-02",0
"2017-11-03",0
"2017-11-04",0
"2017-11-05",0
"2017-11-06",0
"2017-11-07",0
"2017-11-08",0.7
"2017-11-09",8.5
"2017-11-10",0
"2017-11-11",0
"2017-11-12",0
"2017-11-13",1.5
"2017-11-14",0
"2017-11-15",0
"2017-11-16",0
"2017-11-17",0
"2017-11-18",1.5
"2017-11-19",1
"2017-11-20",0
"2017-11-21",11.7
"2017-11-22",0
"2017-11-23",0
"2017-11-24",0
"2017-11-25",0
"2017-11-26",0
"2017-11-27",0
"2017-11-28",0
"2017-11-29",0
"2017-11-30",0
"2017-12-01",0
"2017-12-02",0
"2017-12-03",0
"2017-12-04",0.5
"2017-12-05",8.8
"2017-12-06",7.4
"2017-12-07",16.9
"2017-12-08",35.4
"2017-12-09",1.1
"2017-12-10",0
"2017-12-11",0
"2017-12-12",0
"2017-12-13",0
"2017-12-14",0
"2017-12-15",0
"2017-12-16",0
"2017-12-17",0
"2017-12-18",0
"2017-12-19",0.8
"2017-12-20",7.6
"2017-12-21",0
"2017-12-22",0
"2017-12-23",6.9
"2017-12-24",7.5
"2017-12-25",0
"2017-12-26",1.9
"2017-12-27",5.7
"2017-12-28",0
"2017-12-29",0
"2017-12-30",0
"2017-12-31",0
"2018-01-01",0
"2018-01-02",0
"2018-01-03",29.4
"2018-01-04",0
"2018-01-05",0
"2018-01-06",0
"2018-01-07",0
"2018-01-08",0
"2018-01-09",0
"2018-01-10",0
"2018-01-11",1.2
"2018-01-12",39.3
"2018-01-13",0
"2018-01-14",0
"2018-01-15",0
"2018-01-16",0
"2018-01-17",4.1
"2018-01-18",0
"2018-01-19",0
"2018-01-20",0
"2018-01-21",0
"2018-01-22",0.5
"2018-01-23",3.4
"2018-01-24",0
"2018-01-25",0
"2018-01-26",0
"2018-01-27",5.2
"2018-01-28",67.9
"2018-01-29",6.3
"2018-01-30",0
"2018-01-31",0
"2018-02-01",1.9
"2018-02-02",0
"2018-02-03",0
"2018-02-04",14.3
"2018-02-05",0
"2018-02-06",0
"2018-02-07",0
"2018-02-08",0
"2018-02-09",3.9
"2018-02-10",1.5
"2018-02-11",12.1
"2018-02-12",1.1
"2018-02-13",0.8
"2018-02-14",0
"2018-02-15",0
"2018-02-16",0
"2018-02-17",0
"2018-02-18",0
"2018-02-19",0.8
"2018-02-20",0
"2018-02-21",0
"2018-02-22",0
"2018-02-23",1.1
"2018-02-24",1.1
"2018-02-25",1.9
"2018-02-26",2.2
"2018-02-27",0
"2018-02-28",4.9
"2018-03-01",5.7
"2018-03-02",0
"2018-03-03",0
"2018-03-04",0
"2018-03-05",0
"2018-03-06",7.6
"2018-03-07",0
"2018-03-08",0
"2018-03-09",0
"2018-03-10",0
"2018-03-11",3.9
"2018-03-12",12.5
"2018-03-13",0
"2018-03-14",0
"2018-03-15",0
"2018-03-16",0
"2018-03-17",0.9
"2018-03-18",0
"2018-03-19",12.7
"2018-03-20",14.8
"2018-03-21",0
"2018-03-22",0
"2018-03-23",0
"2018-03-24",29
"2018-03-25",1.2
"2018-03-26",0
"2018-03-27",0
"2018-03-28",0
"2018-03-29",0
"2018-03-30",0
"2018-03-31",0
"2018-04-01",0
"2018-04-02",0
"2018-04-03",0.3
"2018-04-04",3
"2018-04-05",0
"2018-04-06",0
"2018-04-07",30
"2018-04-08",0
"2018-04-09",7
"2018-04-10",0
"2018-04-11",0
"2018-04-12",0
"2018-04-13",0
"2018-04-14",2.4
"2018-04-15",55.9
"2018-04-16",0
"2018-04-17",0
"2018-04-18",0
"2018-04-19",0
"2018-04-20",0
"2018-04-21",0
"2018-04-22",0
"2018-04-23",12
"2018-04-24",32.7
"2018-04-25",0
"2018-04-26",0
"2018-04-27",0
"2018-04-28",0
"2018-04-29",0
"2018-04-30",0
"2018-05-01",0
"2018-05-02",0
"2018-05-03",0
"2018-05-04",0
"2018-05-05",29.2
"2018-05-06",18.1
"2018-05-07",0
"2018-05-08",0
"2018-05-09",0
"2018-05-10",0
"2018-05-11",0
"2018-05-12",0
"2018-05-13",0
"2018-05-14",0
"2018-05-15",2
"2018-05-16",9.2
"2018-05-17",4.6
"2018-05-18",21.1
"2018-05-19",0
"2018-05-20",0
"2018-05-21",0
"2018-05-22",0
"2018-05-23",20.8
"2018-05-24",0
"2018-05-25",0
"2018-05-26",0
"2018-05-27",0
"2018-05-28",49.3
"2018-05-29",9.7
"2018-05-30",0.7
"2018-05-31",2.6
"2018-06-01",0
"2018-06-02",3.8
"2018-06-03",34.1
"2018-06-04",0
"2018-06-05",0
"2018-06-06",0.4
"2018-06-07",11
"2018-06-08",33.9
"2018-06-09",1.5
"2018-06-10",6
"2018-06-11",54.6
"2018-06-12",8.1
"2018-06-13",0
"2018-06-14",11.2
"2018-06-15",2.4
"2018-06-16",0
"2018-06-17",6.3
"2018-06-18",3.5
"2018-06-19",0
"2018-06-20",1.6
"2018-06-21",2.5
"2018-06-22",0
"2018-06-23",0
"2018-06-24",23.5
"2018-06-25",3.8
"2018-06-26",21.5
"2018-06-27",0.5
"2018-06-28",17.9
"2018-06-29",0
"2018-06-30",0
"2018-07-01",0
"2018-07-02",0
"2018-07-03",0
"2018-07-04",0.9
"2018-07-05",3.8
"2018-07-06",0
"2018-07-07",4.5
"2018-07-08",0
"2018-07-09",0
"2018-07-10",0
"2018-07-11",0
"2018-07-12",52
"2018-07-13",0
"2018-07-14",0
"2018-07-15",0
"2018-07-16",0
"2018-07-17",0.4
"2018-07-18",2.1
"2018-07-19",0
"2018-07-20",47.6
"2018-07-21",1.1
"2018-07-22",2.8
"2018-07-23",54.6
"2018-07-24",45.3
"2018-07-25",11.5
"2018-07-26",5
"2018-07-27",7.8
"2018-07-28",11.7
"2018-07-29",45.4
"2018-07-30",8.1
"2018-07-31",7.5
"2018-08-01",0.4
"2018-08-02",16.1
"2018-08-03",2.4
"2018-08-04",16.9
"2018-08-05",13.4
"2018-08-06",0
"2018-08-07",3.7
"2018-08-08",0.8
"2018-08-09",0
"2018-08-10",0
"2018-08-11",0.5
"2018-08-12",23.5
"2018-08-13",0
"2018-08-14",4.7
"2018-08-15",0
"2018-08-16",0
"2018-08-17",4.3
"2018-08-18",0
"2018-08-19",1.4
"2018-08-20",0.6
"2018-08-21",0
"2018-08-22",2.3
"2018-08-23",0
"2018-08-24",0
"2018-08-25",0
"2018-08-26",0
"2018-08-27",0
"2018-08-28",0
"2018-08-29",0
"2018-08-30",0
"2018-08-31",0
"2018-09-01",0
"2018-09-02",0
"2018-09-03",0
"2018-09-04",0
"2018-09-05",0
"2018-09-06",0.5
"2018-09-07",16.5
"2018-09-08",2.3
"2018-09-09",9.2
"2018-09-10",1
"2018-09-11",12
"2018-09-12",1.7
"2018-09-13",223.3
"2018-09-14",205.1
"2018-09-15",31.9
"2018-09-16",0.4
"2018-09-17",2.1
"2018-09-18",21.5
"2018-09-19",0
"2018-09-20",0
"2018-09-21",0
"2018-09-22",0
"2018-09-23",0
"2018-09-24",3.4
"2018-09-25",6.2
"2018-09-26",0
"2018-09-27",2.9
"2018-09-28",24.2
"2018-09-29",0
"2018-09-30",0
"2018-10-01",0
"2018-10-02",0
"2018-10-03",0
"2018-10-04",0
"2018-10-05",0
"2018-10-06",0
"2018-10-07",0.6
"2018-10-08",0
"2018-10-09",0
"2018-10-10",12.5
"2018-10-11",2.3
"2018-10-12",0
"2018-10-13",0
"2018-10-14",0
"2018-10-15",0
"2018-10-16",0.7
"2018-10-17",0
"2018-10-18",0
"2018-10-19",0
"2018-10-20",1.2
"2018-10-21",0
"2018-10-22",0
"2018-10-23",0
"2018-10-24",0
"2018-10-25",0
"2018-10-26",47
"2018-10-27",0
"2018-10-28",0
"2018-10-29",0
"2018-10-30",0
"2018-10-31",0
"2018-11-01",1.6
"2018-11-02",13.7
"2018-11-03",0
"2018-11-04",87.5
"2018-11-05",1.3
"2018-11-06",1.7
"2018-11-07",58.1
"2018-11-08",0.5
"2018-11-09",3.7
"2018-11-10",0
"2018-11-11",0
"2018-11-12",41.7
"2018-11-13",0
"2018-11-14",11.3
"2018-11-15",27.7
"2018-11-16",0
"2018-11-17",0
"2018-11-18",0
"2018-11-19",7.7
"2018-11-20",0
"2018-11-21",0
"2018-11-22",0
"2018-11-23",0
"2018-11-24",36.8
"2018-11-25",0.4
"2018-11-26",1.3
"2018-11-27",0
"2018-11-28",0
"2018-11-29",0
"2018-11-30",0
"2018-12-01",13.5
"2018-12-02",0
"2018-12-03",0
"2018-12-04",0
"2018-12-05",0
"2018-12-06",0
"2018-12-07",0
"2018-12-08",15.2
"2018-12-09",41.7
"2018-12-10",3.8
"2018-12-11",0
"2018-12-12",0
"2018-12-13",0
"2018-12-14",25.6
"2018-12-15",8.1
"2018-12-16",0
"2018-12-17",0
"2018-12-18",0
"2018-12-19",5.6
"2018-12-20",22
"2018-12-21",0.6
"2018-12-22",0
"2018-12-23",0
"2018-12-24",0
"2018-12-25",0
"2018-12-26",0
"2018-12-27",2.6
"2018-12-28",17.2
"2018-12-29",0.7
"2018-12-30",2.6
"2018-12-31",2.8
"2019-01-01",0
"2019-01-02",0
"2019-01-03",0
"2019-01-04",7.6
"2019-01-05",0
"2019-01-06",0
"2019-01-07",0
"2019-01-08",0
"2019-01-09",0
"2019-01-10",0
"2019-01-11",0
"2019-01-12",3.8
"2019-01-13",12.1
"2019-01-14",0
"2019-01-15",0
"2019-01-16",0
"2019-01-17",0.7
"2019-01-18",0
"2019-01-19",16.4
"2019-01-20",1.3
"2019-01-21",0
"2019-01-22",0
"2019-01-23",7.7
"2019-01-24",33.4
"2019-01-25",0
"2019-01-26",0
"2019-01-27",0
"2019-01-28",1.4
"2019-01-29",0
"2019-01-30",0
"2019-01-31",0
"2019-02-01",0
"2019-02-02",0.8
"2019-02-03",59.9
"2019-02-04",1
"2019-02-05",0
"2019-02-06",0
"2019-02-07",0
"2019-02-08",0
"2019-02-09",0
"2019-02-10",0
"2019-02-11",14.5
"2019-02-12",1.1
"2019-02-13",0
"2019-02-14",0
"2019-02-15",1.1
"2019-02-16",9.6
"2019-02-17",2.9
"2019-02-18",0
"2019-02-19",1.2
"2019-02-20",10.1
"2019-02-21",0
"2019-02-22",3.2
"2019-02-23",0.5
"2019-02-24",0
"2019-02-25",0
"2019-02-26",0
"2019-02-27",0
"2019-02-28",0
"2019-03-01",22.1
"2019-03-02",0
"2019-03-03",19.9
"2019-03-04",5.1
"2019-03-05",4.9
"2019-03-06",0
"2019-03-07",0
"2019-03-08",2.4
"2019-03-09",0
"2019-03-10",0
"2019-03-11",0
"2019-03-12",0
"2019-03-13",0
"2019-03-14",0
"2019-03-15",0
"2019-03-16",0
"2019-03-17",0
"2019-03-18",0
"2019-03-19",0.9
"2019-03-20",17.3
"2019-03-21",0
"2019-03-22",0
"2019-03-23",0
"2019-03-24",0
"2019-03-25",1.5
"2019-03-26",0.4
"2019-03-27",0
"2019-03-28",0
"2019-03-29",0
"2019-03-30",0
"2019-03-31",0.9
"2019-04-01",0.5
"2019-04-02",27.9
"2019-04-03",0
"2019-04-04",0
"2019-04-05",3.2
"2019-04-06",0.4
"2019-04-07",0
"2019-04-08",10.3
"2019-04-09",4.3
"2019-04-10",0
"2019-04-11",0
"2019-04-12",0
"2019-04-13",34.8
"2019-04-14",5.6
"2019-04-15",0
"2019-04-16",0
"2019-04-17",0
"2019-04-18",0
"2019-04-19",28.6
"2019-04-20",0
"2019-04-21",0
"2019-04-22",0
"2019-04-23",0
"2019-04-24",0
"2019-04-25",0
"2019-04-26",4.2
"2019-04-27",0
"2019-04-28",0
"2019-04-29",0
"2019-04-30",0
"2019-05-01",0
"2019-05-02",0
"2019-05-03",0
"2019-05-04",0.8
"2019-05-05",4.6
"2019-05-06",0
"2019-05-07",0
"2019-05-08",0
"2019-05-09",0
"2019-05-10",0
"2019-05-11",0
"2019-05-12",14.3
"2019-05-13",0.7
"2019-05-14",0
"2019-05-15",0
"2019-05-16",0
"2019-05-17",0
"2019-05-18",0
"2019-05-19",0
"2019-05-20",0
"2019-05-21",0
"2019-05-22",0
"2019-05-23",0
"2019-05-24",0
"2019-05-25",0
"2019-05-26",0
"2019-05-27",0
"2019-05-28",0
"2019-05-29",0
"2019-05-30",0
"2019-05-31",10.3
"2019-06-01",33.9
"2019-06-02",0
"2019-06-03",0
"2019-06-04",0
"2019-06-05",0.8
"2019-06-06",0
"2019-06-07",30.7
"2019-06-08",9.1
"2019-06-09",5.6
"2019-06-10",4.9
"2019-06-11",0
"2019-06-12",21.4
"2019-06-13",0
"2019-06-14",0
"2019-06-15",0
"2019-06-16",0
"2019-06-17",0
"2019-06-18",11.6
"2019-06-19",0
"2019-06-20",0
"2019-06-21",0
"2019-06-22",0
"2019-06-23",0
"2019-06-24",0
"2019-06-25",0
"2019-06-26",0
"2019-06-27",0
"2019-06-28",0
"2019-06-29",0
"2019-06-30",0
"2019-07-01",0
"2019-07-02",0
"2019-07-03",18.8
"2019-07-04",1
"2019-07-05",0.3
"2019-07-06",0.8
"2019-07-07",0
"2019-07-08",12
"2019-07-09",0
"2019-07-10",1
"2019-07-11",5.3
"2019-07-12",5.1
"2019-07-13",0.6
"2019-07-14",0
"2019-07-15",0
"2019-07-16",0
"2019-07-17",0
"2019-07-18",0
"2019-07-19",0
"2019-07-20",0
"2019-07-21",0
"2019-07-22",0
"2019-07-23",1.2
"2019-07-24",0
"2019-07-25",0
"2019-07-26",0
"2019-07-27",0
"2019-07-28",0
"2019-07-29",0
"2019-07-30",0
"2019-07-31",0.3
"2019-08-01",4.1
"2019-08-02",14.1
"2019-08-03",0.7
"2019-08-04",0
"2019-08-05",44.5
"2019-08-06",0
"2019-08-07",3.8
"2019-08-08",24.7
"2019-08-09",0
"2019-08-10",2.3
"2019-08-11",0
"2019-08-12",0
"2019-08-13",0
"2019-08-14",0.9
"2019-08-15",31.6
"2019-08-16",33.4
"2019-08-17",45.6
"2019-08-18",1.7
"2019-08-19",0
"2019-08-20",0
"2019-08-21",0.3
"2019-08-22",0
"2019-08-23",0
"2019-08-24",0
"2019-08-25",0
"2019-08-26",0
"2019-08-27",0
"2019-08-28",0
"2019-08-29",0
"2019-08-30",0
"2019-08-31",0
"2019-09-01",5.8
"2019-09-02",6.9
"2019-09-03",0.4
"2019-09-04",2.4
"2019-09-05",97.2
"2019-09-06",3.5
"2019-09-07",0
"2019-09-08",0
"2019-09-09",37.4
"2019-09-10",0
"2019-09-11",0
"2019-09-12",0
"2019-09-13",0.5
"2019-09-14",0
"2019-09-15",0.7
"2019-09-16",0
"2019-09-17",0
"2019-09-18",0
"2019-09-19",0
"2019-09-20",0
"2019-09-21",0
"2019-09-22",0
"2019-09-23",0
"2019-09-24",0
"2019-09-25",0
"2019-09-26",0
"2019-09-27",0
"2019-09-28",0
"2019-09-29",0
"2019-09-30",0
"2019-10-01",0
"2019-10-02",0
"2019-10-03",0
"2019-10-04",0
"2019-10-05",0
"2019-10-06",0.4
"2019-10-07",2.9
"2019-10-08",3.1
"2019-10-09",0
"2019-10-10",0
"2019-10-11",0
"2019-10-12",0
"2019-10-13",26.8
"2019-10-14",0
"2019-10-15",10.6
"2019-10-16",8.7
"2019-10-17",0
"2019-10-18",0
"2019-10-19",29.7
"2019-10-20",19.9
"2019-10-21",0
"2019-10-22",0
"2019-10-23",0
"2019-10-24",0
"2019-10-25",0
"2019-10-26",0.9
"2019-10-27",4.2
"2019-10-28",0
"2019-10-29",2.1
"2019-10-30",0
"2019-10-31",7.2
"2019-11-01",0
"2019-11-02",0
"2019-11-03",0
"2019-11-04",0.3
"2019-11-05",2.2
"2019-11-06",0
"2019-11-07",8.4
"2019-11-08",0
"2019-11-09",0
"2019-11-10",0
"2019-11-11",0
"2019-11-12",15.3
"2019-11-13",0
"2019-11-14",7
"2019-11-15",20
"2019-11-16",13.7
"2019-11-17",0
"2019-11-18",0.9
"2019-11-19",0
"2019-11-20",0
"2019-11-21",0
"2019-11-22",0
"2019-11-23",6.9
"2019-11-24",0
"2019-11-25",0
"2019-11-26",0
"2019-11-27",0
"2019-11-28",0
"2019-11-29",0
"2019-11-30",6.5
"2019-12-01",9.1
"2019-12-02",0
"2019-12-03",0
"2019-12-04",0
"2019-12-05",0
"2019-12-06",0.8
"2019-12-07",0
"2019-12-08",30.1
"2019-12-09",0
"2019-12-10",0.9
"2019-12-11",1
"2019-12-12",0
"2019-12-13",20.9
"2019-12-14",0.4
"2019-12-15",0
"2019-12-16",0
"2019-12-17",0.9
"2019-12-18",0
"2019-12-19",0
"2019-12-20",0
"2019-12-21",0
"2019-12-22",3.2
"2019-12-23",8.8
"2019-12-24",0
"2019-12-25",0
"2019-12-26",0
"2019-12-27",0
"2019-12-28",0
"2019-12-29",1.6
"2019-12-30",15
"2019-12-31",0
"2020-01-01",0
"2020-01-02",0
"2020-01-03",5.8
"2020-01-04",9
"2020-01-05",0
"2020-01-06",0
"2020-01-07",0
"2020-01-08",0
"2020-01-09",0
"2020-01-10",0
"2020-01-11",0
"2020-01-12",0.9
"2020-01-13",2.6
"2020-01-14",0
"2020-01-15",0
"2020-01-16",0
"2020-01-17",0
"2020-01-18",0.7
"2020-01-19",0
"2020-01-20",0
"2020-01-21",0
"2020-01-22",0
"2020-01-23",0
"2020-01-24",10.6
"2020-01-25",1.9
"2020-01-26",0
"2020-01-27",1.4
"2020-01-28",0
"2020-01-29",0
"2020-01-30",0
"2020-01-31",22.4
"2020-02-01",0
"2020-02-02",0
"2020-02-03",0
"2020-02-04",0.6
"2020-02-05",0.4
"2020-02-06",88.5
"2020-02-07",0
"2020-02-08",0
"2020-02-09",0
"2020-02-10",0
"2020-02-11",0.8
"2020-02-12",0
"2020-02-13",4.4
"2020-02-14",0
"2020-02-15",0
"2020-02-16",12.5
"2020-02-17",0
"2020-02-18",5.4
"2020-02-19",2.9
"2020-02-20",34.3
"2020-02-21",0
"2020-02-22",0
"2020-02-23",0
"2020-02-24",15.8
"2020-02-25",10.5
"2020-02-26",1.1
"2020-02-27",0
"2020-02-28",0
"2020-02-29",0
"2020-03-01",0
"2020-03-02",2
"2020-03-03",1.1
"2020-03-04",4.2
"2020-03-05",39.3
"2020-03-06",0.3
"2020-03-07",0
"2020-03-08",0
"2020-03-09",0
"2020-03-10",0
"2020-03-11",0
"2020-03-12",0
"2020-03-13",0
"2020-03-14",3.7
"2020-03-15",4
"2020-03-16",0.5
"2020-03-17",6.2
"2020-03-18",0
"2020-03-19",0
"2020-03-20",0
"2020-03-21",0.5
"2020-03-22",0.7
"2020-03-23",0.9
"2020-03-24",9.4
"2020-03-25",2.7
"2020-03-26",0
"2020-03-27",0
"2020-03-28",0
"2020-03-29",0
"2020-03-30",0
"2020-03-31",16.7
"2020-04-01",0.3
"2020-04-02",0
"2020-04-03",0
"2020-04-04",0
"2020-04-05",0
"2020-04-06",7.2
"2020-04-07",0
"2020-04-08",4.1
"2020-04-09",1.1
"2020-04-10",0
"2020-04-11",0
"2020-04-12",0
"2020-04-13",35.6
"2020-04-14",0
"2020-04-15",5.9
"2020-04-16",0
"2020-04-17",0
"2020-04-18",0
"2020-04-19",2.5
"2020-04-20",9.1
"2020-04-21",0
"2020-04-22",0
"2020-04-23",2.9
"2020-04-24",0
"2020-04-25",24.4
"2020-04-26",0
"2020-04-27",0
"2020-04-28",0
"2020-04-29",0
"2020-04-30",18.7
"2020-05-01",0
"2020-05-02",0
"2020-05-03",0
"2020-05-04",1.3
"2020-05-05",14.1
"2020-05-06",3.3
"2020-05-07",0.9
"2020-05-08",0
"2020-05-09",0
"2020-05-10",0
"2020-05-11",0
"2020-05-12",0
"2020-05-13",0
"2020-05-14",0
"2020-05-15",0
"2020-05-16",0
"2020-05-17",105.9
"2020-05-18",6.1
"2020-05-19",51.4
"2020-05-20",25.5
"2020-05-21",65.7
"2020-05-22",1.4
"2020-05-23",0
"2020-05-24",0
"2020-05-25",0
"2020-05-26",1.9
"2020-05-27",22.7
"2020-05-28",14.8
"2020-05-29",7.4
"2020-05-30",0
"2020-05-31",0
"2020-06-01",0
"2020-06-02",0
"2020-06-03",0
"2020-06-04",0
"2020-06-05",0
"2020-06-06",0
"2020-06-07",4
"2020-06-08",0
"2020-06-09",0
"2020-06-10",0
"2020-06-11",1.7
"2020-06-12",26.7
"2020-06-13",21.3
"2020-06-14",3
"2020-06-15",60.5
"2020-06-16",41
"2020-06-17",0
"2020-06-18",0
"2020-06-19",9.6
"2020-06-20",16.2
"2020-06-21",1.6
"2020-06-22",0
"2020-06-23",0
"2020-06-24",0
"2020-06-25",3.4
"2020-06-26",0
"2020-06-27",0
"2020-06-28",2
"2020-06-29",0
"2020-06-30",0
"2020-07-01",3.9
"2020-07-02",0
"2020-07-03",0
"2020-07-04",0
"2020-07-05",27.5
"2020-07-06",0
"2020-07-07",30.9
"2020-07-08",11.1
"2020-07-09",0.4
"2020-07-10",0
"2020-07-11",0
"2020-07-12",0
"2020-07-13",4.9
"2020-07-14",0
"2020-07-15",0
"2020-07-16",3.3
"2020-07-17",0
"2020-07-18",0
"2020-07-19",0
"2020-07-20",0
"2020-07-21",0
"2020-07-22",0
"2020-07-23",0
"2020-07-24",0
"2020-07-25",0
"2020-07-26",0
"2020-07-27",0
"2020-07-28",0
"2020-07-29",11.3
"2020-07-30",0
"2020-07-31",0
"2020-08-01",0.4
"2020-08-02",0
"2020-08-03",58.1
"2020-08-04",0
"2020-08-05",1.4
"2020-08-06",22
"2020-08-07",0
"2020-08-08",0
"2020-08-09",4.8
"2020-08-10",0.4
"2020-08-11",0
"2020-08-12",2.2
"2020-08-13",12.5
"2020-08-14",5.8
"2020-08-15",92.1
"2020-08-16",22.7
"2020-08-17",0
"2020-08-18",0
"2020-08-19",7.2
"2020-08-20",3.2
"2020-08-21",2.1
"2020-08-22",0
"2020-08-23",0
"2020-08-24",4.2
"2020-08-25",0
"2020-08-26",0
"2020-08-27",0
"2020-08-28",0
"2020-08-29",2.8
"2020-08-30",0
"2020-08-31",1.5
"2020-09-01",0
"2020-09-02",0
"2020-09-03",0
"2020-09-04",0
"2020-09-05",0
"2020-09-06",0
"2020-09-07",0
"2020-09-08",15.2
"2020-09-09",6.5
"2020-09-10",1.2
"2020-09-11",14.3
"2020-09-12",0
"2020-09-13",18.9
"2020-09-14",0.7
"2020-09-15",0
"2020-09-16",6.4
"2020-09-17",54.8
"2020-09-18",4.3
"2020-09-19",0
"2020-09-20",0
"2020-09-21",0
"2020-09-22",0
"2020-09-23",0
"2020-09-24",0
"2020-09-25",40.6
"2020-09-26",1.7
"2020-09-27",0
"2020-09-28",5.5
"2020-09-29",31.7
"2020-09-30",0
"2020-10-01",0
"2020-10-02",0
"2020-10-03",0
"2020-10-04",9.3
"2020-10-05",0
"2020-10-06",0
"2020-10-07",0
"2020-10-08",0
"2020-10-09",0
"2020-10-10",1
"2020-10-11",9.9
"2020-10-12",0.3
"2020-10-13",0
"2020-10-14",0
"2020-10-15",0
"2020-10-16",1.3
"2020-10-17",0
"2020-10-18",0
"2020-10-19",0
"2020-10-20",0
"2020-10-21",0
"2020-10-22",0
"2020-10-23",0
"2020-10-24",5.8
"2020-10-25",36.6
"2020-10-26",0
"2020-10-27",0
"2020-10-28",0
"2020-10-29",1.1
"2020-10-30",0
"2020-10-31",0
"2020-11-01",5.8
"2020-11-02",0
"2020-11-03",0
"2020-11-04",0
"2020-11-05",0.9
"2020-11-06",0
"2020-11-07",0
"2020-11-08",1.1
"2020-11-09",0.6
"2020-11-10",2.7
"2020-11-11",9.1
"2020-11-12",61
"2020-11-13",0
"2020-11-14",0
"2020-11-15",0
"2020-11-16",0
"2020-11-17",0
"2020-11-18",0
"2020-11-19",0
"2020-11-20",0
"2020-11-21",0
"2020-11-22",5.1
"2020-11-23",0
"2020-11-24",0
"2020-11-25",2.6
"2020-11-26",5.5
"2020-11-27",0.9
"2020-11-28",0
"2020-11-29",36.6
"2020-11-30",14.1
"2020-12-01",0
"2020-12-02",0
"2020-12-03",0
"2020-12-04",7
"2020-12-05",0
"2020-12-06",1.7
"2020-12-07",1.7
"2020-12-08",0
"2020-12-09",0
"2020-12-10",0
"2020-12-11",1.9
"2020-12-12",5
"2020-12-13",0.5
"2020-12-14",1.7
"2020-12-15",0.8
"2020-12-16",20.8
"2020-12-17",0
"2020-12-18",0
"2020-12-19",0
"2020-12-20",24.1
"2020-12-21",0.5
"2020-12-22",0
"2020-12-23",0
"2020-12-24",32.4
"2020-12-25",0
"2020-12-26",0
"2020-12-27",0
"2020-12-28",0
"2020-12-29",0
"2020-12-30",0
"2020-12-31",14.5
"2021-01-01",5.2
"2021-01-02",3.8
"2021-01-03",0.3
"2021-01-04",0
"2021-01-05",0.9
"2021-01-06",0
"2021-01-07",3.4
"2021-01-08",5.8
"2021-01-09",0
"2021-01-10",0
"2021-01-11",6.9
"2021-01-12",6.2
"2021-01-13",4.9
"2021-01-14",0
"2021-01-15",8.7
"2021-01-16",0
"2021-01-17",0
"2021-01-18",0
"2021-01-19",0
"2021-01-20",0
"2021-01-21",0
"2021-01-22",0
"2021-01-23",0
"2021-01-24",2
"2021-01-25",11.4
"2021-01-26",5.6
"2021-01-27",12.3
"2021-01-28",0
"2021-01-29",0
"2021-01-30",0
"2021-01-31",40.8
"2021-02-01",0.3
"2021-02-02",0
"2021-02-03",0
"2021-02-04",0
"2021-02-05",2.9
"2021-02-06",12.1
"2021-02-07",0.7
"2021-02-08",0
"2021-02-09",1.1
"2021-02-10",0.6
"2021-02-11",7.6
"2021-02-12",1.8
"2021-02-13",34.4
"2021-02-14",40.2
"2021-02-15",2.4
"2021-02-16",0
"2021-02-17",1.4
"2021-02-18",34.1
"2021-02-19",14.2
"2021-02-20",0
"2021-02-21",1.7
"2021-02-22",0
"2021-02-23",0
"2021-02-24",0
"2021-02-25",0
"2021-02-26",0.8
"2021-02-27",6.6
"2021-02-28",0
"2021-03-01",0
"2021-03-02",0
"2021-03-03",0
"2021-03-04",0
"2021-03-05",0
"2021-03-06",0
"2021-03-07",0
"2021-03-08",0
"2021-03-09",0
"2021-03-10",0
"2021-03-11",0
"2021-03-12",0
"2021-03-13",0
"2021-03-14",0
"2021-03-15",0
"2021-03-16",23.7
"2021-03-17",0.5
"2021-03-18",1.5
"2021-03-19",2.9
"2021-03-20",0
"2021-03-21",0
"2021-03-22",2.9
"2021-03-23",2.3
"2021-03-24",0
"2021-03-25",0
"2021-03-26",0
"2021-03-27",0.6
"2021-03-28",0.4
"2021-03-29",0
"2021-03-30",0
"2021-03-31",7.6
"2021-04-01",0
"2021-04-02",0
"2021-04-03",0
"2021-04-04",0
"2021-04-05",0
"2021-04-06",0
"2021-04-07",0
"2021-04-08",0
"2021-04-09",0.8
"2021-04-10",7.9
"2021-04-11",0
"2021-04-12",0
"2021-04-13",0
"2021-04-14",0
"2021-04-15",0.6
"2021-04-16",0
"2021-04-17",0
"2021-04-18",0
"2021-04-19",7.8
"2021-04-20",0
"2021-04-21",0
"2021-04-22",0
"2021-04-23",0
"2021-04-24",0.8
"2021-04-25",0
"2021-04-26",0
"2021-04-27",0
"2021-04-28",0
"2021-04-29",0
"2021-04-30",0
"2021-05-01",0
"2021-05-02",0
"2021-05-03",0
"2021-05-04",0
"2021-05-05",0
"2021-05-06",0
"2021-05-07",2.7
"2021-05-08",0
"2021-05-09",0
"2021-05-10",8.7
"2021-05-11",0
"2021-05-12",28.1
"2021-05-13",0
"2021-05-14",0
"2021-05-15",0
"2021-05-16",0
"2021-05-17",0
"2021-05-18",0
"2021-05-19",0
"2021-05-20",0
"2021-05-21",0
"2021-05-22",0
"2021-05-23",0
"2021-05-24",0.3
"2021-05-25",0
"2021-05-26",0
"2021-05-27",2
"2021-05-28",0
"2021-05-29",20.9
"2021-05-30",1.8
"2021-05-31",0
"2021-06-01",29.9
"2021-06-02",8.2
"2021-06-03",41.4
"2021-06-04",24.1
"2021-06-05",0
"2021-06-06",0
"2021-06-07",0.4
"2021-06-08",0
"2021-06-09",0.9
"2021-06-10",87.4
"2021-06-11",0
"2021-06-12",0
"2021-06-13",0
"2021-06-14",0
"2021-06-15",55.5
"2021-06-16",0
"2021-06-17",0
"2021-06-18",0
"2021-06-19",0
"2021-06-20",26
"2021-06-21",0
"2021-06-22",21.5
"2021-06-23",0
"2021-06-24",0
"2021-06-25",22.1
"2021-06-26",0
"2021-06-27",0
"2021-06-28",4.7
"2021-06-29",0
"2021-06-30",0
"2021-07-01",0.5
"2021-07-02",30.1
"2021-07-03",0
"2021-07-04",0
"2021-07-05",0
"2021-07-06",0
"2021-07-07",0
"2021-07-08",7.3
"2021-07-09",0.5
"2021-07-10",0
"2021-07-11",0
"2021-07-12",0
"2021-07-13",0
"2021-07-14",0
"2021-07-15",0
"2021-07-16",0.9
"2021-07-17",0
"2021-07-18",8.8
"2021-07-19",24.6
"2021-07-20",0.9
"2021-07-21",0
"2021-07-22",4.3
"2021-07-23",0
"2021-07-24",0
"2021-07-25",0
"2021-07-26",39.5
"2021-07-27",6.4
"2021-07-28",12.2
"2021-07-29",0
"2021-07-30",0
"2021-07-31",13.5
"2021-08-01",42.4
"2021-08-02",24.9
"2021-08-03",119.5
"2021-08-04",12.9
"2021-08-05",3.2
"2021-08-06",10.7
"2021-08-07",5.9
"2021-08-08",0
"2021-08-09",0
"2021-08-10",0
"2021-08-11",0
"2021-08-12",0
"2021-08-13",0
"2021-08-14",0
"2021-08-15",4.4
"2021-08-16",0
"2021-08-17",3.5
"2021-08-18",1.6
"2021-08-19",2.7
"2021-08-20",5.5
"2021-08-21",13.4
"2021-08-22",31.9
"2021-08-23",0
"2021-08-24",31
"2021-08-25",0
"2021-08-26",0
"2021-08-27",0
"2021-08-28",0
"2021-08-29",0
"2021-08-30",0
"2021-08-31",0
"2021-09-01",5.3
"2021-09-02",4.5
"2021-09-03",0
"2021-09-04",0
"2021-09-05",0
"2021-09-06",0
"2021-09-07",0
"2021-09-08",21.8
"2021-09-09",1.8
"2021-09-10",0
"2021-09-11",0
"2021-09-12",0
"2021-09-13",0
"2021-09-14",0
"2021-09-15",0
"2021-09-16",3
"2021-09-17",16
"2021-09-18",0
"2021-09-19",0
"2021-09-20",3.4
"2021-09-21",0
"2021-09-22",12
"2021-09-23",24
"2021-09-24",0
"2021-09-25",0
"2021-09-26",0
"2021-09-27",0
"2021-09-28",0
"2021-09-29",0
"2021-09-30",0
"2021-10-01",0
"2021-10-02",0
"2021-10-03",0.8
"2021-10-04",3.1
"2021-10-05",0
"2021-10-06",0
"2021-10-07",13.3
"2021-10-08",4.9
"2021-10-09",26.7
"2021-10-10",0.7
"2021-10-11",0
"2021-10-12",0
"2021-10-13",0
"2021-10-14",0
"2021-10-15",0
"2021-10-16",0.9
"2021-10-17",0
"2021-10-18",0
"2021-10-19",0
"2021-10-20",0
"2021-10-21",0
"2021-10-22",0
"2021-10-23",0
"2021-10-24",1.3
"2021-10-25",32.6
"2021-10-26",0
"2021-10-27",0
"2021-10-28",9.5
"2021-10-29",2.3
"2021-10-30",0
"2021-10-31",0
"2021-11-01",0
"2021-11-02",0
"2021-11-03",0
"2021-11-04",0
"2021-11-05",0
"2021-11-06",6.7
"2021-11-07",0
"2021-11-08",0
"2021-11-09",0
"2021-11-10",0
"2021-11-11",16
"2021-11-12",0
"2021-11-13",0
"2021-11-14",0
"2021-11-15",0
"2021-11-16",0
"2021-11-17",0
"2021-11-18",0.6
"2021-11-19",0
"2021-11-20",0
"2021-11-21",0
"2021-11-22",2.1
"2021-11-23",0
"2021-11-24",0
"2021-11-25",0.7
"2021-11-26",2.4
"2021-11-27",0
"2021-11-28",0
"2021-11-29",0
"2021-11-30",0
"2021-12-01",0
"2021-12-02",0
"2021-12-03",0
"2021-12-04",0
"2021-12-05",0
"2021-12-06",0
"2021-12-07",0
"2021-12-08",30.5
"2021-12-09",0
"2021-12-10",1.5
"2021-12-11",3.5
"2021-12-12",0
"2021-12-13",0
"2021-12-14",0
"2021-12-15",0
"2021-12-16",0
"2021-12-17",0
"2021-12-18",0
"2021-12-19",9.4
"2021-12-20",0
"2021-12-21",14.5
"2021-12-22",1.1
"2021-12-23",0
"2021-12-24",0
"2021-12-25",0
"2021-12-26",0
"2021-12-27",0
"2021-12-28",0
"2021-12-29",0.5
"2021-12-30",2.5
"2021-12-31",0.5
"2022-01-01",0
"2022-01-02",8.5
"2022-01-03",9.2
"2022-01-04",0
"2022-01-05",9.5
"2022-01-06",0
"2022-01-07",0
"2022-01-08",0
"2022-01-09",12.6
"2022-01-10",0
"2022-01-11",0
"2022-01-12",0
"2022-01-13",0
"2022-01-14",0
"2022-01-15",1.5
"2022-01-16",57.1
"2022-01-17",0
"2022-01-18",0
"2022-01-19",0
"2022-01-20",3
"2022-01-21",14.5
"2022-01-22",0
"2022-01-23",0
"2022-01-24",0
"2022-01-25",0
"2022-01-26",0
"2022-01-27",0
"2022-01-28",7.2
"2022-01-29",0.5
"2022-01-30",0
"2022-01-31",0
"2022-02-01",0
"2022-02-02",0
"2022-02-03",0
"2022-02-04",11.9
"2022-02-05",0
"2022-02-06",0
"2022-02-07",6.4
"2022-02-08",0
"2022-02-09",0
"2022-02-10",0
"2022-02-11",0
"2022-02-12",0
"2022-02-13",2.2
"2022-02-14",0
"2022-02-15",0
"2022-02-16",0
"2022-02-17",4.4
"2022-02-18",6.3
"2022-02-19",0
"2022-02-20",0
"2022-02-21",1.7
"2022-02-22",0
"2022-02-23",0
"2022-02-24",0
"2022-02-25",0
"2022-02-26",0.8
"2022-02-27",6.9
"2022-02-28",0
"2022-03-01",0
"2022-03-02",0
"2022-03-03",0
"2022-03-04",0
"2022-03-05",0
"2022-03-06",0
"2022-03-07",0
"2022-03-08",4.7
"2022-03-09",0.8
"2022-03-10",0.3
"2022-03-11",1.7
"2022-03-12",6.3
"2022-03-13",0
"2022-03-14",0
"2022-03-15",0
"2022-03-16",27.7
"2022-03-17",0
"2022-03-18",0
"2022-03-19",0
"2022-03-20",0
"2022-03-21",0
"2022-03-22",0
"2022-03-23",4
"2022-03-24",38.9
"2022-03-25",0
"2022-03-26",0
"2022-03-27",0
"2022-03-28",0
"2022-03-29",0
"2022-03-30",0
"2022-03-31",3.6
"2022-04-01",0
"2022-04-02",0
"2022-04-03",0
"2022-04-04",0
"2022-04-05",17.4
"2022-04-06",6.6
"2022-04-07",0
"2022-04-08",0
"2022-04-09",0
"2022-04-10",0
"2022-04-11",0
"2022-04-12",0
"2022-04-13",0
"2022-04-14",0
"2022-04-15",0
"2022-04-16",0.4
"2022-04-17",0.5
"2022-04-18",56.8
"2022-04-19",0
"2022-04-20",0
"2022-04-21",0
"2022-04-22",0
"2022-04-23",0
"2022-04-24",0
"2022-04-25",0
"2022-04-26",0.4
"2022-04-27",0
"2022-04-28",0
"2022-04-29",0
"2022-04-30",0
"2022-05-01",0
"2022-05-02",0
"2022-05-03",0
"2022-05-04",0
"2022-05-05",0
"2022-05-06",0
"2022-05-07",1.7
"2022-05-08",0
"2022-05-09",0
"2022-05-10",0
"2022-05-11",2.8
"2022-05-12",30.8
"2022-05-13",23.7
"2022-05-14",0
"2022-05-15",0
"2022-05-16",22.3
"2022-05-17",0
"2022-05-18",0
"2022-05-19",0.7
"2022-05-20",0
"2022-05-21",0
"2022-05-22",0
"2022-05-23",6.2
"2022-05-24",8
"2022-05-25",0
"2022-05-26",0
"2022-05-27",0.5
"2022-05-28",0
"2022-05-29",0
"2022-05-30",0.8
"2022-05-31",0
"2022-06-01",0
"2022-06-02",0
"2022-06-03",16
"2022-06-04",0
"2022-06-05",0
"2022-06-06",0
"2022-06-07",0
"2022-06-08",0.6
"2022-06-09",7.4
"2022-06-10",0.6
"2022-06-11",0
"2022-06-12",1.8
"2022-06-13",0
"2022-06-14",0
"2022-06-15",0
"2022-06-16",0
"2022-06-17",0.9
"2022-06-18",0
"2022-06-19",0
"2022-06-20",0
"2022-06-21",0
"2022-06-22",2.9
"2022-06-23",0
"2022-06-24",0
"2022-06-25",0
"2022-06-26",0
"2022-06-27",0.9
"2022-06-28",1.3
"2022-06-29",6.4
"2022-06-30",0.8
"2022-07-01",22
"2022-07-02",3.2
"2022-07-03",28.7
"2022-07-04",0.7
"2022-07-05",0
"2022-07-06",3
"2022-07-07",50.5
"2022-07-08",13.5
"2022-07-09",48.1
"2022-07-10",1
"2022-07-11",0
"2022-07-12",0
"2022-07-13",23.4
"2022-07-14",3.9
"2022-07-15",40.1
"2022-07-16",6.4
"2022-07-17",0.3
"2022-07-18",5.5
"2022-07-19",0
"2022-07-20",0
"2022-07-21",101.1
"2022-07-22",7.2
"2022-07-23",0
"2022-07-24",0
"2022-07-25",0
"2022-07-26",0
"2022-07-27",0
"2022-07-28",0
"2022-07-29",0
"2022-07-30",44
"2022-07-31",18.1
"2022-08-01",0.7
"2022-08-02",0
"2022-08-03",0
"2022-08-04",0
"2022-08-05",2
"2022-08-06",9.8
"2022-08-07",0.6
"2022-08-08",0
"2022-08-09",0
"2022-08-10",0
"2022-08-11",0
"2022-08-12",40.1
"2022-08-13",0
"2022-08-14",0
"2022-08-15",1.7
"2022-08-16",1.1
"2022-08-17",0
"2022-08-18",0
"2022-08-19",17
"2022-08-20",0
"2022-08-21",20.1
"2022-08-22",7.5
"2022-08-23",0
"2022-08-24",0
"2022-08-25",0.9
"2022-08-26",0
"2022-08-27",2.3
"2022-08-28",0.3
"2022-08-29",8.8
"2022-08-30",0
"2022-08-31",0
"2022-09-01",0
"2022-09-02",0
"2022-09-03",2.3
"2022-09-04",2.5
"2022-09-05",0.3
"2022-09-06",11.9
"2022-09-07",14.6
"2022-09-08",0.4
"2022-09-09",3.9
"2022-09-10",6.3
"2022-09-11",0.9
"2022-09-12",0.4
"2022-09-13",0
"2022-09-14",0
"2022-09-15",0
"2022-09-16",0
"2022-09-17",0
"2022-09-18",0
"2022-09-19",0
"2022-09-20",0
"2022-09-21",0
"2022-09-22",10.7
"2022-09-23",0
"2022-09-24",0
"2022-09-25",0
"2022-09-26",0.5
"2022-09-27",0
"2022-09-28",0
"2022-09-29",16
"2022-09-30",46.7
"2022-10-01",0
"2022-10-02",4.7
"2022-10-03",0
"2022-10-04",0
"2022-10-05",0
"2022-10-06",0
"2022-10-07",0
"2022-10-08",0
"2022-10-09",0
"2022-10-10",0
"2022-10-11",0
"2022-10-12",35.8
"2022-10-13",23.7
"2022-10-14",0
"2022-10-15",0
"2022-10-16",0
"2022-10-17",0
"2022-10-18",0
"2022-10-19",0
"2022-10-20",0
"2022-10-21",0
"2022-10-22",0
"2022-10-23",0
"2022-10-24",0
"2022-10-25",0
"2022-10-26",0
"2022-10-27",0
"2022-10-28",16.2
"2022-10-29",0
"2022-10-30",0
"2022-10-31",0
"2022-11-01",0
"2022-11-02",0
"2022-11-03",0
"2022-11-04",5
"2022-11-05",0
"2022-11-06",0
"2022-11-07",0
"2022-11-08",0
"2022-11-09",0
"2022-11-10",7.2
"2022-11-11",2.5
"2022-11-12",0
"2022-11-13",0
"2022-11-14",0
"2022-11-15",7.6
"2022-11-16",0
"2022-11-17",0
"2022-11-18",0
"2022-11-19",0
"2022-11-20",0
"2022-11-21",0
"2022-11-22",0
"2022-11-23",0
"2022-11-24",3.3
"2022-11-25",12.2
"2022-11-26",0
"2022-11-27",1.2
"2022-11-28",0
"2022-11-29",3.2
"2022-11-30",10.4
"2022-12-01",0
"2022-12-02",0
"2022-12-03",0
"2022-12-04",0
"2022-12-05",0
"2022-12-06",0
"2022-12-07",0
"2022-12-08",1.2
"2022-12-09",0
"2022-12-10",0
"2022-12-11",0
"2022-12-12",0
"2022-12-13",0
"2022-12-14",4.1
"2022-12-15",12.1
"2022-12-16",0
"2022-12-17",0
"2022-12-18",0
"2022-12-19",0
"2022-12-20",0
"2022-12-21",0.5
"2022-12-22",71.9
"2022-12-23",0
"2022-12-24",0
"2022-12-25",0
"2022-12-26",0
"2022-12-27",0
"2022-12-28",0
"2022-12-29",0
"2022-12-30",18
"2022-12-31",1.2
"2023-01-01",0
"2023-01-02",0
"2023-01-03",0
"2023-01-04",4
"2023-01-05",0
"2023-01-06",0
"2023-01-07",0
"2023-01-08",1
"2023-01-09",0
"2023-01-10",0
"2023-01-11",0
"2023-01-12",9.7
"2023-01-13",0
"2023-01-14",0
"2023-01-15",0
"2023-01-16",0
"2023-01-17",0.5
"2023-01-18",0
"2023-01-19",0
"2023-01-20",0
"2023-01-21",0.5
"2023-01-22",39.6
"2023-01-23",0
"2023-01-24",0
"2023-01-25",15.1
"2023-01-26",0
"2023-01-27",0
"2023-01-28",0
"2023-01-29",20.2
"2023-01-30",1.4
"2023-01-31",1.5
"2023-02-01",7.4
"2023-02-02",10.9
"2023-02-03",0
"2023-02-04",0
"2023-02-05",2.2
"2023-02-06",0
"2023-02-07",0
"2023-02-08",0
"2023-02-09",0
"2023-02-10",4.3
"2023-02-11",27.8
"2023-02-12",6.1
"2023-02-13",0
"2023-02-14",0
"2023-02-15",0
"2023-02-16",1.9
"2023-02-17",2.5
"2023-02-18",0
"2023-02-19",0
"2023-02-20",0
"2023-02-21",0
"2023-02-22",0
"2023-02-23",12.5
"2023-02-24",0
"2023-02-25",0
"2023-02-26",0
"2023-02-27",0.7
"2023-02-28",1.7
"2023-03-01",0
"2023-03-02",2
"2023-03-03",0
"2023-03-04",0
"2023-03-05",0
"2023-03-06",0
"2023-03-07",0
"2023-03-08",0
"2023-03-09",0
"2023-03-10",3.7
"2023-03-11",0
"2023-03-12",16.3
"2023-03-13",0.6
"2023-03-14",0
"2023-03-15",0
"2023-03-16",0
"2023-03-17",3.3
"2023-03-18",2
"2023-03-19",0
"2023-03-20",0
"2023-03-21",0
"2023-03-22",0
"2023-03-23",0
"2023-03-24",0
"2023-03-25",0.6
"2023-03-26",22.6
"2023-03-27",0.8
"2023-03-28",3.3
"2023-03-29",0
"2023-03-30",0
"2023-03-31",0
"2023-04-01",0
"2023-04-02",0
"2023-04-03",0.8
"2023-04-04",0
"2023-04-05",0
"2023-04-06",0
"2023-04-07",5.8
"2023-04-08",48.1
"2023-04-09",3.5
"2023-04-10",0
"2023-04-11",0
"2023-04-12",0
"2023-04-13",1.1
"2023-04-14",10.3
"2023-04-15",0
"2023-04-16",0
"2023-04-17",0
"2023-04-18",0
"2023-04-19",0
"2023-04-20",0
"2023-04-21",0
"2023-04-22",10.4
"2023-04-23",0
"2023-04-24",0
"2023-04-25",0
"2023-04-26",1.3
"2023-04-27",18.3
"2023-04-28",10
"2023-04-29",11
"2023-04-30",4.7
"2023-05-01",0
"2023-05-02",0
"2023-05-03",0
"2023-05-04",0
"2023-05-05",0
"2023-05-06",0
"2023-05-07",0
"2023-05-08",0
"2023-05-09",33.6
"2023-05-10",0
"2023-05-11",0
"2023-05-12",0
"2023-05-13",0
"2023-05-14",0
"2023-05-15",0
"2023-05-16",0
"2023-05-17",0
"2023-05-18",7.4
"2023-05-19",33.6
"2023-05-20",0
"2023-05-21",0
"2023-05-22",0
"2023-05-23",0
"2023-05-24",0
"2023-05-25",0
"2023-05-26",18.2
"2023-05-27",25.5
"2023-05-28",6.9
"2023-05-29",0.3
"2023-05-30",0
"2023-05-31",0
"2023-06-01",0
"2023-06-02",0
"2023-06-03",0
"2023-06-04",0
"2023-06-05",0
"2023-06-06",0
"2023-06-07",5.8
"2023-06-08",0.6
"2023-06-09",0
"2023-06-10",0
"2023-06-11",0
"2023-06-12",0
"2023-06-13",0
"2023-06-14",0
"2023-06-15",0
"2023-06-16",0
"2023-06-17",0
"2023-06-18",0
"2023-06-19",3
"2023-06-20",5.9
"2023-06-21",4.2
"2023-06-22",6.5
"2023-06-23",19.4
"2023-06-24",21.4
"2023-06-25",0
"2023-06-26",16.3
"2023-06-27",6.6
"2023-06-28",0
"2023-06-29",0
"2023-06-30",0
"2023-07-01",0
"2023-07-02",0
"2023-07-03",0
"2023-07-04",3.4
"2023-07-05",28.7
"2023-07-06",7.9
"2023-07-07",15
"2023-07-08",0
"2023-07-09",1
"2023-07-10",0.7
"2023-07-11",0
"2023-07-12",0.9
"2023-07-13",0
"2023-07-14",2.2
"2023-07-15",21.3
"2023-07-16",2
"2023-07-17",2.8
"2023-07-18",0
"2023-07-19",5.4
"2023-07-20",3.4
"2023-07-21",0
"2023-07-22",1.2
"2023-07-23",27.5
"2023-07-24",0
"2023-07-25",0
"2023-07-26",0
"2023-07-27",0
"2023-07-28",2.4
"2023-07-29",38.8
"2023-07-30",14.5
"2023-07-31",0
"2023-08-01",8.2
"2023-08-02",0
"2023-08-03",4.5
"2023-08-04",13
"2023-08-05",0
"2023-08-06",0
"2023-08-07",3
"2023-08-08",0
"2023-08-09",0
"2023-08-10",2.4
"2023-08-11",0
"2023-08-12",0
"2023-08-13",0.6
"2023-08-14",0
"2023-08-15",11.2
"2023-08-16",19.7
"2023-08-17",0
"2023-08-18",0
"2023-08-19",0.3
"2023-08-20",0
"2023-08-21",0
"2023-08-22",0
"2023-08-23",0
"2023-08-24",0
"2023-08-25",0
"2023-08-26",0
"2023-08-27",60
"2023-08-28",0
"2023-08-29",0
"2023-08-30",118
"2023-08-31",5.6
"2023-09-01",0
"2023-09-02",0
"2023-09-03",0
"2023-09-04",0
"2023-09-05",0
"2023-09-06",0
"2023-09-07",0
"2023-09-08",0
"2023-09-09",5.5
"2023-09-10",0.6
"2023-09-11",0
"2023-09-12",0
"2023-09-13",24.8
"2023-09-14",0
"2023-09-15",0
"2023-09-16",0
"2023-09-17",11.9
"2023-09-18",0
"2023-09-19",0
"2023-09-20",0
"2023-09-21",0.5
"2023-09-22",113.9
"2023-09-23",10.4
"2023-09-24",0
"2023-09-25",0
"2023-09-26",0
"2023-09-27",0
"2023-09-28",0
"2023-09-29",0
"2023-09-30",0
"2023-10-01",0
"2023-10-02",0
"2023-10-03",0
"2023-10-04",0
"2023-10-05",0
"2023-10-06",0
"2023-10-07",0
"2023-10-08",0
"2023-10-09",0
"2023-10-10",0
"2023-10-11",1.5
"2023-10-12",11.4
"2023-10-13",0
"2023-10-14",5.5
"2023-10-15",0
"2023-10-16",0
"2023-10-17",0
"2023-10-18",0
"2023-10-19",2.5
"2023-10-20",1.3
"2023-10-21",0
"2023-10-22",0
"2023-10-23",0
"2023-10-24",0
"2023-10-25",0
"2023-10-26",0
"2023-10-27",0
"2023-10-28",0
"2023-10-29",0
"2023-10-30",0
"2023-10-31",0
"2023-11-01",0
"2023-11-02",0
"2023-11-03",0
"2023-11-04",0
"2023-11-05",0
"2023-11-06",0
"2023-11-07",0
"2023-11-08",0
"2023-11-09",0
"2023-11-10",0
"2023-11-11",11.3
"2023-11-12",0.8
"2023-11-13",0
"2023-11-14",0
"2023-11-15",0
"2023-11-16",0
"2023-11-17",0
"2023-11-18",0
"2023-11-19",0
"2023-11-20",0
"2023-11-21",2.7
"2023-11-22",32
"2023-11-23",0
"2023-11-24",0.4
"2023-11-25",6.9
"2023-11-26",10.1
"2023-11-27",0
"2023-11-28",0
"2023-11-29",0
"2023-11-30",0
"2023-12-01",0
"2023-12-02",1.6
"2023-12-03",0
"2023-12-04",0
"2023-12-05",0
"2023-12-06",0
"2023-12-07",0
"2023-12-08",0
"2023-12-09",9.2
"2023-12-10",42.4
"2023-12-11",0
"2023-12-12",0
"2023-12-13",0
"2023-12-14",0
"2023-12-15",0
"2023-12-16",1.4
"2023-12-17",55.3
"2023-12-18",0
"2023-12-19",0
"2023-12-20",0
"2023-12-21",0
"2023-12-22",0
"2023-12-23",0
"2023-12-24",0
"2023-12-25",0
"2023-12-26",12.2
"2023-12-27",28.8
"2023-12-28",0
"2023-12-29",0
"2023-12-30",0
"2023-12-31",0
"2024-01-01",0
"2024-01-02",0
"2024-01-03",12.5
"2024-01-04",0
"2024-01-05",0
"2024-01-06",2.5
"2024-01-07",0
"2024-01-08",0
"2024-01-09",23.4
"2024-01-10",0
"2024-01-11",0
"2024-01-12",0
"2024-01-13",0
"2024-01-14",0
"2024-01-15",0
"2024-01-16",3.6
"2024-01-17",0
"2024-01-18",0.6
"2024-01-19",0
"2024-01-20",0
"2024-01-21",0
"2024-01-22",0
"2024-01-23",0
"2024-01-24",0.3
"2024-01-25",0.5
"2024-01-26",1.5
"2024-01-27",4.4
"2024-01-28",0
"2024-01-29",0
"2024-01-30",0
"2024-01-31",0
"2024-02-01",0
"2024-02-02",0
"2024-02-03",0
"2024-02-04",0
"2024-02-05",0
"2024-02-06",0
"2024-02-07",0
"2024-02-08",0
"2024-02-09",0
"2024-02-10",0
"2024-02-11",7.5
"2024-02-12",26.5
"2024-02-13",0
"2024-02-14",0
"2024-02-15",0
"2024-02-16",0
"2024-02-17",0
"2024-02-18",0
"2024-02-19",0
"2024-02-20",0
"2024-02-21",0
"2024-02-22",0
"2024-02-23",14.5
"2024-02-24",0
"2024-02-25",0
"2024-02-26",0
"2024-02-27",0.8
"2024-02-28",2
"2024-02-29",0
"2024-03-01",62.7
"2024-03-02",17.5
"2024-03-03",5.3
"2024-03-04",7.6
"2024-03-05",19.7
"2024-03-06",19.9
"2024-03-07",0
"2024-03-08",0
"2024-03-09",4.9
"2024-03-10",0
"2024-03-11",0
"2024-03-12",0
"2024-03-13",0
"2024-03-14",0
"2024-03-15",0
"2024-03-16",0
"2024-03-17",0
"2024-03-18",0
"2024-03-19",0
"2024-03-20",0
"2024-03-21",0
"2024-03-22",41.8
"2024-03-23",7.5
"2024-03-24",0
"2024-03-25",0
"2024-03-26",0
"2024-03-27",13.6
"2024-03-28",33.5
"2024-03-29",0
"2024-03-30",0
"2024-03-31",0
"2024-04-01",0
"2024-04-02",0
"2024-04-03",9.5
"2024-04-04",0
"2024-04-05",0
"2024-04-06",0
"2024-04-07",0
"2024-04-08",0
"2024-04-09",0
"2024-04-10",0
"2024-04-11",36.3
"2024-04-12",1.8
"2024-04-13",0
"2024-04-14",0
"2024-04-15",0
"2024-04-16",0
"2024-04-17",0
"2024-04-18",0
"2024-04-19",3.6
"2024-04-20",5.6
"2024-04-21",17.4
"2024-04-22",0
"2024-04-23",0
"2024-04-24",0
"2024-04-25",0
"2024-04-26",0
"2024-04-27",0
"2024-04-28",0
"2024-04-29",0
"2024-04-30",0
"2024-05-01",0
"2024-05-02",0
"2024-05-03",0
"2024-05-04",0
"2024-05-05",0
"2024-05-06",0
"2024-05-07",0
"2024-05-08",1.1
"2024-05-09",0
"2024-05-10",4.1
"2024-05-11",0
"2024-05-12",0
"2024-05-13",0
"2024-05-14",10
"2024-05-15",44.1
"2024-05-16",0
"2024-05-17",7
"2024-05-18",23.9
"2024-05-19",0
"2024-05-20",0
"2024-05-21",0
"2024-05-22",0
"2024-05-23",0
"2024-05-24",0.9
"2024-05-25",0
"2024-05-26",0
"2024-05-27",0
"2024-05-28",0
"2024-05-29",0.6
"2024-05-30",0
"2024-05-31",0
"2024-06-01",0
"2024-06-02",0
"2024-06-03",0
"2024-06-04",0.4
"2024-06-05",0
"2024-06-06",9.6
"2024-06-07",0
"2024-06-08",0
"2024-06-09",0
"2024-06-10",2.9
"2024-06-11",0
"2024-06-12",0
"2024-06-13",0
"2024-06-14",0
"2024-06-15",0
"2024-06-16",0
"2024-06-17",0
"2024-06-18",0
"2024-06-19",0
"2024-06-20",0
"2024-06-21",0
"2024-06-22",1.5
"2024-06-23",3.2
"2024-06-24",82.8
"2024-06-25",0
"2024-06-26",0
"2024-06-27",12.7
"2024-06-28",0
"2024-06-29",0
"2024-06-30",52.5
"2024-07-01",3.1
"2024-07-02",0
"2024-07-03",0
"2024-07-04",0
"2024-07-05",0
"2024-07-06",0
"2024-07-07",0
"2024-07-08",0.6
"2024-07-09",1.5
"2024-07-10",0.8
"2024-07-11",22.2
"2024-07-12",36.5
"2024-07-13",4.3
"2024-07-14",2.4
"2024-07-15",0
"2024-07-16",0
"2024-07-17",7.1
"2024-07-18",19.6
"2024-07-19",32.6
"2024-07-20",4.5
"2024-07-21",16.7
"2024-07-22",6.1
"2024-07-23",1.5
"2024-07-24",0.6
"2024-07-25",12.5
"2024-07-26",26
"2024-07-27",1.5
"2024-07-28",0
"2024-07-29",0
"2024-07-30",1.7
"2024-07-31",0
"2024-08-01",0
"2024-08-02",0
"2024-08-03",4
"2024-08-04",16.2
"2024-08-05",2.6
"2024-08-06",66.8
"2024-08-07",44
"2024-08-08",32.4
"2024-08-09",88.3
"2024-08-10",19.3
"2024-08-11",6.9
"2024-08-12",35.8
"2024-08-13",0
"2024-08-14",0
"2024-08-15",0
"2024-08-16",0
"2024-08-17",0
"2024-08-18",15.8
"2024-08-19",8.9
"2024-08-20",5.4
"2024-08-21",0
"2024-08-22",0
"2024-08-23",0
"2024-08-24",0
"2024-08-25",0.8
"2024-08-26",0
"2024-08-27",0
"2024-08-28",0
"2024-08-29",0
"2024-08-30",6.1
"2024-08-31",0
"2024-09-01",0
"2024-09-02",15.7
"2024-09-03",0
"2024-09-04",0
"2024-09-05",0
"2024-09-06",11.2
"2024-09-07",2.6
"2024-09-08",0
"2024-09-09",0
"2024-09-10",0
"2024-09-11",0
"2024-09-12",42.9
"2024-09-13",24.1
"2024-09-14",5.7
"2024-09-15",28
"2024-09-16",134.3
"2024-09-17",0
"2024-09-18",2.6
"2024-09-19",22.4
"2024-09-20",0
"2024-09-21",0
"2024-09-22",0
"2024-09-23",0
"2024-09-24",0.3
"2024-09-25",1.7
"2024-09-26",0
"2024-09-27",6.9
"2024-09-28",0
"2024-09-29",0
"2024-09-30",0
"2024-10-01",0
"2024-10-02",0
"2024-10-03",0
"2024-10-04",0
"2024-10-05",0
"2024-10-06",0
"2024-10-07",0
"2024-10-08",0
"2024-10-09",0
"2024-10-10",0
"2024-10-11",0
"2024-10-12",0
"2024-10-13",0
"2024-10-14",0
"2024-10-15",0
"2024-10-16",0
"2024-10-17",0
"2024-10-18",0
"2024-10-19",0
"2024-10-20",0
"2024-10-21",0
"2024-10-22",0
"2024-10-23",0
"2024-10-24",0
"2024-10-25",0
"2024-10-26",0.3
"2024-10-27",2.8
"2024-10-28",0
"2024-10-29",0
"2024-10-30",0
"2024-10-31",0
"2024-11-01",0
"2024-11-02",0
"2024-11-03",0
"2024-11-04",0
"2024-11-05",0
"2024-11-06",0
"2024-11-07",0
"2024-11-08",0
"2024-11-09",0
"2024-11-10",0
"2024-11-11",1.1
"2024-11-12",0
"2024-11-13",0
"2024-11-14",36.1
"2024-11-15",0
"2024-11-16",0
"2024-11-17",0
"2024-11-18",0
"2024-11-19",0
"2024-11-20",0.4
"2024-11-21",0
"2024-11-22",0
"2024-11-23",0
"2024-11-24",0
"2024-11-25",0
"2024-11-26",0.8
"2024-11-27",0
"2024-11-28",0.3
"2024-11-29",0
"2024-11-30",0
"2024-12-01",0
"2024-12-02",0
"2024-12-03",0
"2024-12-04",0
"2024-12-05",0
"2024-12-06",0
"2024-12-07",0
"2024-12-08",0
"2024-12-09",1.3
"2024-12-10",2.7
"2024-12-11",27.7
"2024-12-12",0
"2024-12-13",0
"2024-12-14",0
"2024-12-15",0
"2024-12-16",0.5
"2024-12-17",0.5
"2024-12-18",0.4
"2024-12-19",0
"2024-12-20",0
"2024-12-21",0
"2024-12-22",0
"2024-12-23",0
"2024-12-24",11.5
"2024-12-25",0
"2024-12-26",0
"2024-12-27",0
"2024-12-28",1
"2024-12-29",5.5
"2024-12-30",0
"2024-12-31",0
"2025-01-01",0
"2025-01-02",0
"2025-01-03",14.3
"2025-01-04",0
"2025-01-05",0
"2025-01-06",2.9
"2025-01-07",0
"2025-01-08",0
"2025-01-09",0
"2025-01-10",16.6
"2025-01-11",0
"2025-01-12",0
"2025-01-13",0
"2025-01-14",0
"2025-01-15",0
"2025-01-16",0
"2025-01-17",0
"2025-01-18",10.7
"2025-01-19",1.2
"2025-01-20",0
"2025-01-21",14.7
"2025-01-22",0.6
"2025-01-23",0
"2025-01-24",0
"2025-01-25",0
"2025-01-26",0.7
"2025-01-27",8
"2025-01-28",0
"2025-01-29",0
"2025-01-30",0
"2025-01-31",3.1
"2025-02-01",0
"2025-02-02",2.4
"2025-02-03",0
"2025-02-04",0
"2025-02-05",0.3
"2025-02-06",0.3
"2025-02-07",1.2
"2025-02-08",0
"2025-02-09",1.6
"2025-02-10",0
"2025-02-11",2.7
"2025-02-12",1.3
"2025-02-13",8.4
"2025-02-14",0
"2025-02-15",3.1
"2025-02-16",8.1
"2025-02-17",0
"2025-02-18",0
"2025-02-19",14.4
"2025-02-20",0
"2025-02-21",0
"2025-02-22",0
"2025-02-23",0
"2025-02-24",0
"2025-02-25",0
"2025-02-26",0
"2025-02-27",1.1
"2025-02-28",0
"2025-03-01",0
"2025-03-02",0
"2025-03-03",0
"2025-03-04",0
"2025-03-05",35.8
"2025-03-06",0
"2025-03-07",0
"2025-03-08",0
"2025-03-09",0
"2025-03-10",0
"2025-03-11",0
"2025-03-12",0
"2025-03-13",0
"2025-03-14",0
"2025-03-15",0
"2025-03-16",48.7
"2025-03-17",8.9
"2025-03-18",0
"2025-03-19",0
"2025-03-20",2.1
"2025-03-21",0
"2025-03-22",0
"2025-03-23",0
"2025-03-24",0
"2025-03-25",0
"2025-03-26",0
"2025-03-27",0
"2025-03-28",0
"2025-03-29",0
"2025-03-30",0.4
"2025-03-31",5.2
"2025-04-01",0
"2025-04-02",0
"2025-04-03",0
"2025-04-04",0
"2025-04-05",0
"2025-04-06",0
"2025-04-07",11.5
"2025-04-08",0
"2025-04-09",0
"2025-04-10",5.1
"2025-04-11",7.1
"2025-04-12",0
"2025-04-13",0
"2025-04-14",0
"2025-04-15",0
"2025-04-16",0
"2025-04-17",0
"2025-04-18",0
"2025-04-19",0
"2025-04-20",0
"2025-04-21",0
"2025-04-22",0
"2025-04-23",7.6
"2025-04-24",0
"2025-04-25",0
"2025-04-26",0
"2025-04-27",0
"2025-04-28",0
"2025-04-29",0
"2025-04-30",0
"2025-05-01",0