"","quad","site","num_news","num_fr","key_qsy","startyear","TSF","TBF"
"1","4","B2",0,0,"4_B2_2017",2017,10,12
"2","6","B2",0,0,"6_B2_2017",2017,10,12
"3","7","B2",0,14,"7_B2_2017",2017,10,12
"4","9","B2",0,0,"9_B2_2017",2017,10,12
"5","14","B2",0,0,"14_B2_2017",2017,10,12
"6","15","B2",0,0,"15_B2_2017",2017,10,12
"7","17","B2",0,0,"17_B2_2017",2017,10,12
"8","18","B2",0,16,"18_B2_2017",2017,10,12
"9","19","B2",0,0,"19_B2_2017",2017,10,12
"10","20","B2",0,0,"20_B2_2017",2017,10,12
"11","1","CH",0,0,"1_CH_2017",2017,13,3
"12","2","CH",0,0,"2_CH_2017",2017,13,3
"13","3","CH",0,0,"3_CH_2017",2017,13,3
"14","4","CH",0,33,"4_CH_2017",2017,13,3
"15","5","CH",0,20,"5_CH_2017",2017,13,3
"16","6","CH",0,0,"6_CH_2017",2017,13,3
"17","7","CH",0,0,"7_CH_2017",2017,13,3
"18","8","CH",0,0,"8_CH_2017",2017,13,3
"19","9","CH",0,0,"9_CH_2017",2017,13,3
"20","10","CH",0,0,"10_CH_2017",2017,13,3
"21","11","CH",0,11,"11_CH_2017",2017,13,3
"22","12","CH",0,0,"12_CH_2017",2017,13,3
"23","13","CH",0,0,"13_CH_2017",2017,13,3
"24","14","CH",0,0,"14_CH_2017",2017,13,3
"25","1","CM",0,16,"1_CM_2017",2017,2,15
"26","2","CM",0,0,"2_CM_2017",2017,2,15
"27","6","CM",0,0,"6_CM_2017",2017,2,15
"28","7","CM",0,9,"7_CM_2017",2017,2,15
"29","east-5","GSP-BI",0,0,"east-5_GSP-BI_2017",2017,1,3
"30","east-5","GSP-BI",0,0,"east-5_GSP-BI_2017",2017,1,3
"31","east-6","GSP-BI",0,0,"east-6_GSP-BI_2017",2017,1,3
"32","west-1","GSP-BI",0,0,"west-1_GSP-BI_2017",2017,1,3
"33","west-2","GSP-BI",0,0,"west-2_GSP-BI_2017",2017,1,3
"34","west-3","GSP-BI",0,0,"west-3_GSP-BI_2017",2017,1,3
"35","west-4","GSP-BI",0,0,"west-4_GSP-BI_2017",2017,1,3
"36","west-5","GSP-BI",0,0,"west-5_GSP-BI_2017",2017,1,3
"37","north-7","GSP-LI",0,0,"north-7_GSP-LI_2017",2017,3,1
"38","north-8","GSP-LI",0,0,"north-8_GSP-LI_2017",2017,3,1
"39","north-9","GSP-LI",0,0,"north-9_GSP-LI_2017",2017,3,1
"40","north-10","GSP-LI",0,0,"north-10_GSP-LI_2017",2017,3,1
"41","north-11","GSP-LI",0,0,"north-11_GSP-LI_2017",2017,3,1
"42","north-12","GSP-LI",0,0,"north-12_GSP-LI_2017",2017,3,1
"43","north-13","GSP-LI",0,0,"north-13_GSP-LI_2017",2017,3,1
"44","north-16","GSP-LI",0,0,"north-16_GSP-LI_2017",2017,3,1
"45","north-17","GSP-LI",0,0,"north-17_GSP-LI_2017",2017,3,1
"46","north-18","GSP-LI",0,0,"north-18_GSP-LI_2017",2017,3,1
"47","north-19","GSP-LI",0,0,"north-19_GSP-LI_2017",2017,3,1
"48","north-20","GSP-LI",0,0,"north-20_GSP-LI_2017",2017,3,1
"49","south-1","GSP-LI",0,0,"south-1_GSP-LI_2017",2017,3,1
"50","south-3","GSP-LI",0,0,"south-3_GSP-LI_2017",2017,3,1
"51","south-3","GSP-LI",0,0,"south-3_GSP-LI_2017",2017,3,1
"52","south-4","GSP-LI",0,0,"south-4_GSP-LI_2017",2017,3,1
"53","south-5","GSP-LI",0,0,"south-5_GSP-LI_2017",2017,3,1
"54","south-6","GSP-LI",0,0,"south-6_GSP-LI_2017",2017,3,1
"55","south-8","GSP-LI",0,0,"south-8_GSP-LI_2017",2017,3,1
"56","south-8","GSP-LI",0,0,"south-8_GSP-LI_2017",2017,3,1
"57","south-10","GSP-LI",0,0,"south-10_GSP-LI_2017",2017,3,1
"58","south-16","GSP-LI",0,0,"south-16_GSP-LI_2017",2017,3,1
"59","south-17","GSP-LI",0,0,"south-17_GSP-LI_2017",2017,3,1
"60","south-18","GSP-LI",0,0,"south-18_GSP-LI_2017",2017,3,1
"61","1","IA",0,0,"1_IA_2017",2017,3,5
"62","2","IA",1,3,"2_IA_2017",2017,3,5
"63","6","IA",1,7,"6_IA_2017",2017,3,5
"64","9","IA",0,0,"9_IA_2017",2017,3,5
"65","10","IA",0,0,"10_IA_2017",2017,3,5
"66","12","IA",0,0,"12_IA_2017",2017,3,5
"67","15","IA",2,0,"15_IA_2017",2017,3,5
"68","16","IA",0,0,"16_IA_2017",2017,3,5
"69","17","IA",0,0,"17_IA_2017",2017,3,5
"70","18","IA",0,0,"18_IA_2017",2017,3,5
"71","19","IA",0,0,"19_IA_2017",2017,3,5
"72","20","IA",0,0,"20_IA_2017",2017,3,5
"73","21","IA",0,0,"21_IA_2017",2017,3,5
"74","22","IA",0,0,"22_IA_2017",2017,3,5
"75","23","IA",0,0,"23_IA_2017",2017,3,5
"76","24","IA",0,0,"24_IA_2017",2017,3,5
"77","25","IA",0,0,"25_IA_2017",2017,3,5
"78","26","IA",0,0,"26_IA_2017",2017,3,5
"79","27","IA",0,0,"27_IA_2017",2017,3,5
"80","28","IA",0,7,"28_IA_2017",2017,3,5
"81","1","ME",0,0,"1_ME_2017",2017,1,6
"82","2","ME",0,0,"2_ME_2017",2017,1,6
"83","3","ME",0,0,"3_ME_2017",2017,1,6
"84","4","ME",0,6,"4_ME_2017",2017,1,6
"85","5","ME",0,0,"5_ME_2017",2017,1,6
"86","6","ME",0,6,"6_ME_2017",2017,1,6
"87","7","ME",0,0,"7_ME_2017",2017,1,6
"88","5","B2",0,12,"5_B2_2018",2018,11,12
"89","8","B2",0,0,"8_B2_2018",2018,11,12
"90","10","B2",0,0,"10_B2_2018",2018,11,12
"91","14","B2",0,8,"14_B2_2018",2018,11,12
"92","17","B2",0,0,"17_B2_2018",2018,11,12
"93","18","B2",0,108,"18_B2_2018",2018,11,12
"94","19","B2",0,6,"19_B2_2018",2018,11,12
"95","20","B2",0,42,"20_B2_2018",2018,11,12
"96","3","CH",0,0,"3_CH_2018",2018,14,3
"97","4","CH",0,30,"4_CH_2018",2018,14,3
"98","5","CH",1,28,"5_CH_2018",2018,14,3
"99","6","CH",0,0,"6_CH_2018",2018,14,3
"100","11","CH",0,33,"11_CH_2018",2018,14,3
"101","12","CH",0,7,"12_CH_2018",2018,14,3
"102","13","CH",0,0,"13_CH_2018",2018,14,3
"103","1","CM",0,0,"1_CM_2018",2018,3,15
"104","2","CM",0,1,"2_CM_2018",2018,3,15
"105","6","CM",1,10,"6_CM_2018",2018,3,15
"106","east-2","GSP-BI",0,5,"east-2_GSP-BI_2018",2018,2,3
"107","east-9","GSP-BI",0,11,"east-9_GSP-BI_2018",2018,2,3
"108","west-3","GSP-BI",0,0,"west-3_GSP-BI_2018",2018,2,3
"109","west-3","GSP-BI",0,5,"west-3_GSP-BI_2018",2018,2,3
"110","north-8","GSP-LI",0,0,"north-8_GSP-LI_2018",2018,4,1
"111","north-8","GSP-LI",1,6,"north-8_GSP-LI_2018",2018,4,1
"112","north-11","GSP-LI",7,20,"north-11_GSP-LI_2018",2018,4,1
"113","north-13","GSP-LI",0,6,"north-13_GSP-LI_2018",2018,4,1
"114","north-19","GSP-LI",0,0,"north-19_GSP-LI_2018",2018,4,1
"115","north-20","GSP-LI",0,0,"north-20_GSP-LI_2018",2018,4,1
"116","north-20","GSP-LI",7,26,"north-20_GSP-LI_2018",2018,4,1
"117","south-3","GSP-LI",8,28,"south-3_GSP-LI_2018",2018,4,1
"118","south-4","GSP-LI",12,26,"south-4_GSP-LI_2018",2018,4,1
"119","south-5","GSP-LI",9,18,"south-5_GSP-LI_2018",2018,4,1
"120","south-16","GSP-LI",5,7,"south-16_GSP-LI_2018",2018,4,1
"121","south-18","GSP-LI",1,26,"south-18_GSP-LI_2018",2018,4,1
"122","23","IA",0,0,"23_IA_2018",2018,4,5
"123","25","IA",0,0,"25_IA_2018",2018,4,5
"124","28","IA",0,0,"28_IA_2018",2018,4,5
"125","8","ME",0,6,"8_ME_2018",2018,2,6
"126","9","ME",0,17,"9_ME_2018",2018,2,6
"127","10","ME",2,5,"10_ME_2018",2018,2,6
"128","1","CH",0,0,"1_CH_2018",2018,14,3
"129","2","CH",0,8,"2_CH_2018",2018,14,3
"130","7","CH",1,0,"7_CH_2018",2018,14,3
"131","7","CH",1,0,"7_CH_2018",2018,14,3
"132","7","CH",1,0,"7_CH_2018",2018,14,3
"133","south-6","GSP-LI",0,0,"south-6_GSP-LI_2018",2018,4,1
"134","south-7","GSP-LI",2,5,"south-7_GSP-LI_2018",2018,4,1
"135","1","B2",0,1,"1_B2_2019",2019,12,12
"136","5","B2",0,5,"5_B2_2019",2019,12,12
"137","14","B2",0,0,"14_B2_2019",2019,12,12
"138","18","B2",4,26,"18_B2_2019",2019,12,12
"139","20","B2",1,16,"20_B2_2019",2019,12,12
"140","1","CH",0,7,"1_CH_2019",2019,15,3
"141","3","CH",0,0,"3_CH_2019",2019,15,3
"142","4","CH",0,41,"4_CH_2019",2019,15,3
"143","5","CH",0,16,"5_CH_2019",2019,15,3
"144","13","CH",0,0,"13_CH_2019",2019,15,3
"145","1","CM",0,0,"1_CM_2019",2019,0,3
"146","2","CM",0,1,"2_CM_2019",2019,0,3
"147","6","CM",0,6,"6_CM_2019",2019,0,3
"148","north-7","GSP-LI",2,9,"north-7_GSP-LI_2019",2019,0,4
"149","north-8","GSP-LI",0,2,"north-8_GSP-LI_2019",2019,0,4
"150","north-10","GSP-LI",0,0,"north-10_GSP-LI_2019",2019,0,4
"151","north-11","GSP-LI",4,8,"north-11_GSP-LI_2019",2019,0,4
"152","north-18","GSP-LI",1,0,"north-18_GSP-LI_2019",2019,0,4
"153","north-19","GSP-LI",1,0,"north-19_GSP-LI_2019",2019,0,4
"154","north-20","GSP-LI",3,0,"north-20_GSP-LI_2019",2019,0,4
"155","south-3","GSP-LI",0,0,"south-3_GSP-LI_2019",2019,0,4
"156","south-4","GSP-LI",6,0,"south-4_GSP-LI_2019",2019,0,4
"157","south-6","GSP-LI",0,0,"south-6_GSP-LI_2019",2019,0,4
"158","south-7","GSP-LI",0,3,"south-7_GSP-LI_2019",2019,0,4
"159","south-9","GSP-LI",1,0,"south-9_GSP-LI_2019",2019,0,4
"160","south-10","GSP-LI",0,0,"south-10_GSP-LI_2019",2019,0,4
"161","south-18","GSP-LI",3,0,"south-18_GSP-LI_2019",2019,0,4
"162","23","IA",0,0,"23_IA_2019",2019,0,4
"163","28","IA",0,0,"28_IA_2019",2019,0,4
"164","2","ME",0,0,"2_ME_2019",2019,0,2
"165","3","ME",0,0,"3_ME_2019",2019,0,2
"166","5","ME",0,1,"5_ME_2019",2019,0,2
"167","2","CH",0,0,"2_CH_2019",2019,15,3
"168","6","CH",1,0,"6_CH_2019",2019,15,3
"169","7","CH",0,7,"7_CH_2019",2019,15,3
"170","11","CH",0,36,"11_CH_2019",2019,15,3
"171","12","CH",0,8,"12_CH_2019",2019,15,3
"172","south-3","GSP-LI",0,3,"south-3_GSP-LI_2019",2019,0,4
"173","south-5","GSP-LI",1,2,"south-5_GSP-LI_2019",2019,0,4
"174","south-20","GSP-LI",0,0,"south-20_GSP-LI_2019",2019,0,4
"175","1","ME",0,0,"1_ME_2019",2019,0,2
"176","5","B2",0,7,"5_B2_2020",2020,13,12
"177","11","B2",0,81,"11_B2_2020",2020,13,12
"178","14","B2",0,23,"14_B2_2020",2020,13,12
"179","20","B2",0,51,"20_B2_2020",2020,13,12
"180","1","CH",0,0,"1_CH_2020",2020,0,15
"181","3","CH",1,0,"3_CH_2020",2020,0,15
"182","4","CH",0,18,"4_CH_2020",2020,0,15
"183","5","CH",1,12,"5_CH_2020",2020,0,15
"184","8","CH",0,0,"8_CH_2020",2020,0,15
"185","13","CH",0,0,"13_CH_2020",2020,0,15
"186","1","CM",0,2,"1_CM_2020",2020,1,3
"187","2","CM",1,0,"2_CM_2020",2020,1,3
"188","6","CM",1,11,"6_CM_2020",2020,1,3
"189","west-2","GSP-BI",0,0,"west-2_GSP-BI_2020",2020,4,3
"190","north-7","GSP-LI",5,17,"north-7_GSP-LI_2020",2020,1,4
"191","north-11","GSP-LI",1,0,"north-11_GSP-LI_2020",2020,1,4
"192","north-20","GSP-LI",2,15,"north-20_GSP-LI_2020",2020,1,4
"193","south-2","GSP-LI",0,0,"south-2_GSP-LI_2020",2020,1,4
"194","south-4","GSP-LI",5,24,"south-4_GSP-LI_2020",2020,1,4
"195","south-6","GSP-LI",1,4,"south-6_GSP-LI_2020",2020,1,4
"196","south-7","GSP-LI",2,5,"south-7_GSP-LI_2020",2020,1,4
"197","south-9","GSP-LI",0,7,"south-9_GSP-LI_2020",2020,1,4
"198","south-18","GSP-LI",0,0,"south-18_GSP-LI_2020",2020,1,4
"199","16","IA",0,11,"16_IA_2020",2020,1,4
"200","17","IA",0,12,"17_IA_2020",2020,1,4
"201","20","IA",0,0,"20_IA_2020",2020,1,4
"202","22","IA",0,0,"22_IA_2020",2020,1,4
"203","23","IA",0,9,"23_IA_2020",2020,1,4
"204","25","IA",0,0,"25_IA_2020",2020,1,4
"205","3","ME",0,0,"3_ME_2020",2020,1,2
"206","8","ME",0,0,"8_ME_2020",2020,1,2
"207","8","B2",0,0,"8_B2_2020",2020,13,12
"208","2","CH",2,0,"2_CH_2020",2020,0,15
"209","6","CH",0,0,"6_CH_2020",2020,0,15
"210","7","CH",0,9,"7_CH_2020",2020,0,15
"211","11","CH",0,0,"11_CH_2020",2020,0,15
"212","12","CH",0,10,"12_CH_2020",2020,0,15
"213","north-10","GSP-LI",2,6,"north-10_GSP-LI_2020",2020,1,4
"214","south-3","GSP-LI",0,29,"south-3_GSP-LI_2020",2020,1,4
"215","south-16","GSP-LI",2,12,"south-16_GSP-LI_2020",2020,1,4
"216","9","ME",0,0,"9_ME_2020",2020,1,2
"217","10","ME",0,9,"10_ME_2020",2020,1,2
"218","1","B2",0,14,"1_B2_2020",2020,13,12
"219","south-5","GSP-LI",1,9,"south-5_GSP-LI_2020",2020,1,4
"220","south-10","GSP-LI",0,6,"south-10_GSP-LI_2020",2020,1,4
"221","south-20","GSP-LI",0,7,"south-20_GSP-LI_2020",2020,1,4
"222","18","IA",0,0,"18_IA_2020",2020,1,4
"223","28","IA",0,0,"28_IA_2020",2020,1,4
"224","5","B2",0,5,"5_B2_2021",2021,14,12
"225","14","B2",0,18,"14_B2_2021",2021,14,12
"226","20","B2",0,53,"20_B2_2021",2021,14,12
"227","1","CH",0,0,"1_CH_2021",2021,1,15
"228","3","CH",0,0,"3_CH_2021",2021,1,15
"229","4","CH",0,42,"4_CH_2021",2021,1,15
"230","5","CH",0,30,"5_CH_2021",2021,1,15
"231","1","CM",1,0,"1_CM_2021",2021,0,1
"232","6","CM",0,14,"6_CM_2021",2021,0,1
"233","east-4","GSP-BI",2,0,"east-4_GSP-BI_2021",2021,5,3
"234","west-2","GSP-BI",1,22,"west-2_GSP-BI_2021",2021,5,3
"235","north-20","GSP-LI",0,0,"north-20_GSP-LI_2021",2021,2,4
"236","south-2","GSP-LI",0,3,"south-2_GSP-LI_2021",2021,2,4
"237","south-7","GSP-LI",0,0,"south-7_GSP-LI_2021",2021,2,4
"238","south-9","GSP-LI",0,9,"south-9_GSP-LI_2021",2021,2,4
"239","16","IA",2,4,"16_IA_2021",2021,2,4
"240","17","IA",1,10,"17_IA_2021",2021,2,4
"241","25","IA",0,7,"25_IA_2021",2021,2,4
"242","26","IA",0,0,"26_IA_2021",2021,2,4
"243","8","ME",0,0,"8_ME_2021",2021,2,2
"244","2","CH",0,6,"2_CH_2021",2021,1,15
"245","7","CH",0,22,"7_CH_2021",2021,1,15
"246","11","CH",0,26,"11_CH_2021",2021,1,15
"247","12","CH",0,0,"12_CH_2021",2021,1,15
"248","east-2","GSP-BI",1,0,"east-2_GSP-BI_2021",2021,5,3
"249","south-3","GSP-LI",0,8,"south-3_GSP-LI_2021",2021,2,4
"250","south-16","GSP-LI",0,5,"south-16_GSP-LI_2021",2021,2,4
"251","1","B2",0,27,"1_B2_2021",2021,14,12
"252","6","CH",1,0,"6_CH_2021",2021,1,15
"253","28","IA",0,0,"28_IA_2021",2021,2,4
"254","11","B2",0,131,"11_B2_2021",2021,14,12
"255","16","B2",0,0,"16_B2_2021",2021,14,12
"256","south-4","GSP-LI",2,4,"south-4_GSP-LI_2021",2021,2,4
"257","18","IA",1,0,"18_IA_2021",2021,2,4
"258","south-20","GSP-LI",0,7,"south-20_GSP-LI_2021",2021,2,4
"259","5","B2",0,0,"5_B2_2022",2022,15,12
"260","14","B2",0,0,"14_B2_2022",2022,15,12
"261","3","CH",0,0,"3_CH_2022",2022,2,15
"262","5","CH",0,34,"5_CH_2022",2022,2,15
"263","13","CH",0,0,"13_CH_2022",2022,2,15
"264","west-1","GSP-BI",4,0,"west-1_GSP-BI_2022",2022,6,3
"265","west-3","GSP-BI",0,0,"west-3_GSP-BI_2022",2022,6,3
"266","north-11","GSP-LI",2,0,"north-11_GSP-LI_2022",2022,0,2
"267","25","IA",0,16,"25_IA_2022",2022,0,2
"268","1","ME",0,0,"1_ME_2022",2022,0,2
"269","2","ME",0,0,"2_ME_2022",2022,0,2
"270","3","ME",0,0,"3_ME_2022",2022,0,2
"271","7","CH",0,16,"7_CH_2022",2022,2,15
"272","11","CH",0,0,"11_CH_2022",2022,2,15
"273","south-3","GSP-LI",4,7,"south-3_GSP-LI_2022",2022,0,2
"274","20","B2",0,33,"20_B2_2022",2022,15,12
"275","1","CH",0,0,"1_CH_2022",2022,2,15
"276","2","CH",0,7,"2_CH_2022",2022,2,15
"277","12","CH",0,3,"12_CH_2022",2022,2,15
"278","16","IA",0,7,"16_IA_2022",2022,0,2
"279","17","IA",0,13,"17_IA_2022",2022,0,2
"280","28","IA",0,0,"28_IA_2022",2022,0,2
"281","14","B2",0,0,"14_B2_2023",2023,16,12
"282","20","B2",0,0,"20_B2_2023",2023,16,12
"283","1","CH",0,0,"1_CH_2023",2023,3,15
"284","3","CH",0,0,"3_CH_2023",2023,3,15
"285","4","CH",0,31,"4_CH_2023",2023,3,15
"286","east-2","GSP-BI",0,0,"east-2_GSP-BI_2023",2023,7,3
"287","east-3","GSP-BI",0,0,"east-3_GSP-BI_2023",2023,7,3
"288","west-3","GSP-BI",0,0,"west-3_GSP-BI_2023",2023,7,3
"289","south-7","GSP-LI",0,0,"south-7_GSP-LI_2023",2023,1,2
"290","2","IA",0,0,"2_IA_2023",2023,1,2
"291","16","IA",0,0,"16_IA_2023",2023,1,2
"292","25","IA",0,0,"25_IA_2023",2023,1,2
"293","26","IA",0,0,"26_IA_2023",2023,1,2
"294","7","CH",0,0,"7_CH_2023",2023,3,15
"295","east-3","GSP-BI",0,0,"east-3_GSP-BI_2023",2023,7,3
"296","21","IA",0,0,"21_IA_2023",2023,1,2
"297","11","B2",0,31,"11_B2_2023",2023,16,12
"298","south-10","GSP-LI",4,0,"south-10_GSP-LI_2023",2023,1,2
"299","south-20","GSP-LI",0,0,"south-20_GSP-LI_2023",2023,1,2
"300","5","B2",0,0,"5_B2_2023",2023,16,12
"301","2","CH",0,0,"2_CH_2023",2023,3,15
"302","28","IA",0,0,"28_IA_2023",2023,1,2
