,"(mm) Precipitation (gridMET) at -79.2103E,35.1464N, 2015-01-01 to 2026-03-20"
1/01/2015,0
2/01/2015,2.5981
3/01/2015,1.2007
4/01/2015,6.9185
5/01/2015,0
6/01/2015,0
7/01/2015,0
8/01/2015,0
9/01/2015,0
10/01/2015,0
11/01/2015,32.6539
12/01/2015,5.836
13/01/2015,1.5451
14/01/2015,0
15/01/2015,0
16/01/2015,0
17/01/2015,15.8447
18/01/2015,0
19/01/2015,0
20/01/2015,0
21/01/2015,0
22/01/2015,0
23/01/2015,25.6173
24/01/2015,3.1001
25/01/2015,0
26/01/2015,0.8857
27/01/2015,0
28/01/2015,0
29/01/2015,0
30/01/2015,0
31/01/2015,0
1/02/2015,10.3532
2/02/2015,6.515
3/02/2015,0
4/02/2015,0
5/02/2015,0
6/02/2015,0
7/02/2015,0
8/02/2015,0
9/02/2015,22.9995
10/02/2015,1.2007
11/02/2015,0
12/02/2015,0
13/02/2015,0
14/02/2015,0
15/02/2015,0
16/02/2015,14.772
17/02/2015,0
18/02/2015,1.6435
19/02/2015,0
20/02/2015,0
21/02/2015,2.234
22/02/2015,3.9366
23/02/2015,1.9092
24/02/2015,3.8874
25/02/2015,40.1925
26/02/2015,0.4527
27/02/2015,0
28/02/2015,1.7321
1/03/2015,10.8748
2/03/2015,0
3/03/2015,3.1001
4/03/2015,0
5/03/2015,18.0689
6/03/2015,0
7/03/2015,0
8/03/2015,0
9/03/2015,0
10/03/2015,0
11/03/2015,3.1493
12/03/2015,0
13/03/2015,3.3166
14/03/2015,17.0651
15/03/2015,0
16/03/2015,0
17/03/2015,0
18/03/2015,0
19/03/2015,10.3237
20/03/2015,0
21/03/2015,0
22/03/2015,0
23/03/2015,0
24/03/2015,0
25/03/2015,9.8119
26/03/2015,0
27/03/2015,5.4423
28/03/2015,0
29/03/2015,0
30/03/2015,3.5134
31/03/2015,0
1/04/2015,0
2/04/2015,0
3/04/2015,0
4/04/2015,0
5/04/2015,0
6/04/2015,4.1531
7/04/2015,0.6692
8/04/2015,2.795
9/04/2015,5.9836
10/04/2015,0
11/04/2015,0
12/04/2015,0
13/04/2015,0
14/04/2015,4.281
15/04/2015,9.5364
16/04/2015,3.8677
17/04/2015,0.6299
18/04/2015,0
19/04/2015,19.4664
20/04/2015,0
21/04/2015,0
22/04/2015,0
23/04/2015,0
24/04/2015,0
25/04/2015,5.7769
26/04/2015,0.7184
27/04/2015,0
28/04/2015,0
29/04/2015,3.5724
30/04/2015,7.6173
1/05/2015,2.7359
2/05/2015,0
3/05/2015,0
4/05/2015,0
5/05/2015,0
6/05/2015,0
7/05/2015,0
8/05/2015,0
9/05/2015,3.3264
10/05/2015,4.4582
11/05/2015,4.655
12/05/2015,0
13/05/2015,0
14/05/2015,0
15/05/2015,0
16/05/2015,0
17/05/2015,0
18/05/2015,25.1449
19/05/2015,0
20/05/2015,0
21/05/2015,10.4024
22/05/2015,0
23/05/2015,0
24/05/2015,0
25/05/2015,0
26/05/2015,0
27/05/2015,3.3658
28/05/2015,0
29/05/2015,0
30/05/2015,0
31/05/2015,0
1/06/2015,0
2/06/2015,28.245
3/06/2015,0.2952
4/06/2015,0
5/06/2015,0
6/06/2015,0
7/06/2015,0
8/06/2015,3.2182
9/06/2015,0
10/06/2015,0
11/06/2015,0.9645
12/06/2015,0.6299
13/06/2015,0
14/06/2015,0
15/06/2015,0
16/06/2015,0
17/06/2015,1.2007
18/06/2015,7.1843
19/06/2015,9.0738
20/06/2015,6.1017
21/06/2015,0
22/06/2015,0
23/06/2015,0
24/06/2015,0
25/06/2015,0
26/06/2015,62.7884
27/06/2015,24.3871
28/06/2015,0
29/06/2015,0
30/06/2015,11.1504
1/07/2015,0
2/07/2015,1.6435
3/07/2015,8.4636
4/07/2015,4.6648
5/07/2015,3.9956
6/07/2015,16.0022
7/07/2015,0
8/07/2015,6.8693
9/07/2015,0
10/07/2015,0
11/07/2015,0
12/07/2015,2.5096
13/07/2015,3.6413
14/07/2015,0
15/07/2015,0
16/07/2015,0
17/07/2015,0
18/07/2015,11.0618
19/07/2015,0.4035
20/07/2015,0
21/07/2015,6.4265
22/07/2015,0
23/07/2015,0.6594
24/07/2015,0
25/07/2015,0
26/07/2015,0
27/07/2015,0
28/07/2015,0
29/07/2015,0
30/07/2015,1.6337
31/07/2015,0
1/08/2015,0
2/08/2015,0
3/08/2015,0
4/08/2015,0
5/08/2015,7.3516
6/08/2015,3.4642
7/08/2015,0.9251
8/08/2015,0
9/08/2015,0
10/08/2015,0
11/08/2015,4.3106
12/08/2015,0
13/08/2015,0
14/08/2015,0
15/08/2015,0
16/08/2015,0
17/08/2015,0.5118
18/08/2015,16.3171
19/08/2015,94.0055
20/08/2015,0
21/08/2015,0
22/08/2015,0
23/08/2015,0
24/08/2015,7.0662
25/08/2015,1.7419
26/08/2015,0
27/08/2015,0
28/08/2015,0
29/08/2015,0
30/08/2015,16.5238
31/08/2015,0.8365
1/09/2015,0
2/09/2015,0
3/09/2015,0
4/09/2015,13.8076
5/09/2015,0.8365
6/09/2015,5.3045
7/09/2015,0
8/09/2015,0
9/09/2015,3.9071
10/09/2015,0.4527
11/09/2015,0.4133
12/09/2015,0
13/09/2015,0
14/09/2015,0
15/09/2015,0
16/09/2015,0
17/09/2015,0
18/09/2015,0
19/09/2015,0
20/09/2015,0
21/09/2015,0
22/09/2015,0
23/09/2015,0
24/09/2015,6.7611
25/09/2015,34.5041
26/09/2015,14.7031
27/09/2015,1.8305
28/09/2015,8.6211
29/09/2015,0.5806
30/09/2015,18.6397
1/10/2015,30.6266
2/10/2015,84.5085
3/10/2015,4.9995
4/10/2015,1.1613
5/10/2015,3.4642
6/10/2015,0
7/10/2015,0
8/10/2015,0
9/10/2015,2.6966
10/10/2015,13.0006
11/10/2015,0
12/10/2015,0
13/10/2015,0
14/10/2015,0
15/10/2015,0
16/10/2015,0
17/10/2015,0
18/10/2015,0
19/10/2015,0
20/10/2015,0
21/10/2015,0
22/10/2015,0
23/10/2015,0
24/10/2015,0
25/10/2015,0
26/10/2015,1.5648
27/10/2015,10.7567
28/10/2015,23.088
29/10/2015,0
30/10/2015,0
31/10/2015,0
1/11/2015,36.4232
2/11/2015,48.5676
3/11/2015,2.2931
4/11/2015,0
5/11/2015,0
6/11/2015,0.5216
7/11/2015,0.5905
8/11/2015,5.0487
9/11/2015,32.2603
10/11/2015,0
11/11/2015,0
12/11/2015,0
13/11/2015,0
14/11/2015,0
15/11/2015,0
16/11/2015,0
17/11/2015,0
18/11/2015,27.0837
19/11/2015,12.8529
20/11/2015,0
21/11/2015,1.9388
22/11/2015,1.0727
23/11/2015,0
24/11/2015,0
25/11/2015,0
26/11/2015,0
27/11/2015,0
28/11/2015,0
29/11/2015,5.6391
30/11/2015,4.9404
1/12/2015,0.2854
2/12/2015,2.9032
3/12/2015,0
4/12/2015,0
5/12/2015,0
6/12/2015,0
7/12/2015,1.6435
8/12/2015,0
9/12/2015,0
10/12/2015,0
11/12/2015,0
12/12/2015,0
13/12/2015,0
14/12/2015,2.7359
15/12/2015,0
16/12/2015,0
17/12/2015,20.362
18/12/2015,0
19/12/2015,0
20/12/2015,0
21/12/2015,3.4051
22/12/2015,46.1761
23/12/2015,26.1684
24/12/2015,0.3248
25/12/2015,0
26/12/2015,0
27/12/2015,0
28/12/2015,5.649
29/12/2015,0.3444
30/12/2015,22.596
31/12/2015,0
1/01/2016,0
2/01/2016,0
3/01/2016,0
4/01/2016,0
5/01/2016,0
6/01/2016,0
7/01/2016,0
8/01/2016,0.8
9/01/2016,6.3
10/01/2016,0
11/01/2016,0
12/01/2016,0
13/01/2016,0
14/01/2016,0
15/01/2016,11.7
16/01/2016,0
17/01/2016,1.3
18/01/2016,0
19/01/2016,0
20/01/2016,0
21/01/2016,5.6
22/01/2016,27.4
23/01/2016,0
24/01/2016,0
25/01/2016,0
26/01/2016,0
27/01/2016,0
28/01/2016,1.8
29/01/2016,0
30/01/2016,0
31/01/2016,0
1/02/2016,0
2/02/2016,0
3/02/2016,46.2
4/02/2016,14.5
5/02/2016,0
6/02/2016,1.2
7/02/2016,1.7
8/02/2016,4.4
9/02/2016,0
10/02/2016,0
11/02/2016,0
12/02/2016,2.2
13/02/2016,0
14/02/2016,0
15/02/2016,32.9
16/02/2016,0
17/02/2016,0
18/02/2016,0
19/02/2016,0
20/02/2016,0
21/02/2016,0
22/02/2016,3.3
23/02/2016,3.5
24/02/2016,18
25/02/2016,0
26/02/2016,0
27/02/2016,0
28/02/2016,0
29/02/2016,0
1/03/2016,3.8
2/03/2016,0
3/03/2016,4.7
4/03/2016,0
5/03/2016,1.4
6/03/2016,0
7/03/2016,0
8/03/2016,0
9/03/2016,0
10/03/2016,0
11/03/2016,0
12/03/2016,0
13/03/2016,3.5
14/03/2016,0.7
15/03/2016,0
16/03/2016,0
17/03/2016,0
18/03/2016,0
19/03/2016,1.7
20/03/2016,0.8
21/03/2016,0
22/03/2016,0
23/03/2016,0
24/03/2016,0
25/03/2016,0
26/03/2016,10.4
27/03/2016,6.1
28/03/2016,0
29/03/2016,0
30/03/2016,0
31/03/2016,1.3
1/04/2016,4.1
2/04/2016,3.7
3/04/2016,0
4/04/2016,0
5/04/2016,0
6/04/2016,3.9
7/04/2016,0
8/04/2016,0
9/04/2016,0
10/04/2016,0
11/04/2016,6.2
12/04/2016,9.3
13/04/2016,0
14/04/2016,0
15/04/2016,0
16/04/2016,0
17/04/2016,0
18/04/2016,0
19/04/2016,0
20/04/2016,0
21/04/2016,0
22/04/2016,42.3
23/04/2016,0
24/04/2016,0
25/04/2016,0
26/04/2016,0
27/04/2016,0
28/04/2016,0.7
29/04/2016,0
30/04/2016,0
1/05/2016,22
2/05/2016,14.4
3/05/2016,4
4/05/2016,0
5/05/2016,5.3
6/05/2016,1
7/05/2016,0
8/05/2016,0
9/05/2016,0
10/05/2016,0
11/05/2016,1.4
12/05/2016,2.8
13/05/2016,0
14/05/2016,0
15/05/2016,0
16/05/2016,0
17/05/2016,8
18/05/2016,0.4
19/05/2016,1.4
20/05/2016,8.4
21/05/2016,21.4
22/05/2016,2
23/05/2016,0
24/05/2016,0
25/05/2016,0
26/05/2016,0
27/05/2016,0
28/05/2016,5
29/05/2016,40.6
30/05/2016,7
31/05/2016,0
1/06/2016,0
2/06/2016,0.8
3/06/2016,25.8
4/06/2016,6.3
5/06/2016,20.6
6/06/2016,6.4
7/06/2016,0
8/06/2016,0
9/06/2016,0
10/06/2016,0
11/06/2016,0
12/06/2016,0
13/06/2016,0
14/06/2016,0
15/06/2016,15
16/06/2016,0
17/06/2016,0
18/06/2016,0
19/06/2016,0
20/06/2016,0
21/06/2016,0
22/06/2016,0
23/06/2016,1.4
24/06/2016,6.6
25/06/2016,0
26/06/2016,0
27/06/2016,0
28/06/2016,50.8
29/06/2016,0
30/06/2016,0.6
1/07/2016,0
2/07/2016,16.2
3/07/2016,12
4/07/2016,18.7
5/07/2016,0.8
6/07/2016,0.3
7/07/2016,3.7
8/07/2016,7.1
9/07/2016,0
10/07/2016,0
11/07/2016,48.2
12/07/2016,1.9
13/07/2016,0.4
14/07/2016,0
15/07/2016,17.2
16/07/2016,36.4
17/07/2016,3.5
18/07/2016,0
19/07/2016,4
20/07/2016,0
21/07/2016,0
22/07/2016,8.1
23/07/2016,0
24/07/2016,0
25/07/2016,0
26/07/2016,0
27/07/2016,0
28/07/2016,0
29/07/2016,0
30/07/2016,1
31/07/2016,8.2
1/08/2016,11.5
2/08/2016,2.7
3/08/2016,1.1
4/08/2016,6.3
5/08/2016,8.3
6/08/2016,0.4
7/08/2016,37
8/08/2016,0
9/08/2016,0
10/08/2016,3.3
11/08/2016,0
12/08/2016,0
13/08/2016,0
14/08/2016,0
15/08/2016,0
16/08/2016,0
17/08/2016,3.3
18/08/2016,0
19/08/2016,19.9
20/08/2016,0
21/08/2016,1.7
22/08/2016,0
23/08/2016,0
24/08/2016,0
25/08/2016,0
26/08/2016,0
27/08/2016,29
28/08/2016,0
29/08/2016,0
30/08/2016,0
31/08/2016,0
1/09/2016,10.6
2/09/2016,71.1
3/09/2016,0
4/09/2016,0
5/09/2016,0
6/09/2016,0
7/09/2016,0
8/09/2016,0
9/09/2016,0
10/09/2016,0
11/09/2016,0
12/09/2016,0
13/09/2016,0
14/09/2016,0
15/09/2016,0
16/09/2016,0
17/09/2016,0
18/09/2016,3.7
19/09/2016,19.6
20/09/2016,41.8
21/09/2016,10.6
22/09/2016,39.3
23/09/2016,0
24/09/2016,0
25/09/2016,0
26/09/2016,0
27/09/2016,11.3
28/09/2016,198.8
29/09/2016,2.3
30/09/2016,0
1/10/2016,0
2/10/2016,0
3/10/2016,0
4/10/2016,0
5/10/2016,0
6/10/2016,1.2
7/10/2016,40.3
8/10/2016,156.6
9/10/2016,0
10/10/2016,0
11/10/2016,0
12/10/2016,0
13/10/2016,0
14/10/2016,0
15/10/2016,0
16/10/2016,0
17/10/2016,0
18/10/2016,0
19/10/2016,0
20/10/2016,0
21/10/2016,0
22/10/2016,0
23/10/2016,0
24/10/2016,0
25/10/2016,0
26/10/2016,0
27/10/2016,0
28/10/2016,0
29/10/2016,0
30/10/2016,0
31/10/2016,0
1/11/2016,0
2/11/2016,0
3/11/2016,2.2
4/11/2016,0
5/11/2016,0
6/11/2016,0
7/11/2016,0
8/11/2016,0
9/11/2016,0
10/11/2016,0
11/11/2016,0
12/11/2016,0
13/11/2016,15.5
14/11/2016,0
15/11/2016,0
16/11/2016,0
17/11/2016,0
18/11/2016,0
19/11/2016,0
20/11/2016,0
21/11/2016,0
22/11/2016,0
23/11/2016,0.6
24/11/2016,0
25/11/2016,0
26/11/2016,0
27/11/2016,0
28/11/2016,0
29/11/2016,2.4
30/11/2016,5.9
1/12/2016,0
2/12/2016,0
3/12/2016,1.7
4/12/2016,23.6
5/12/2016,3
6/12/2016,4.5
7/12/2016,0
8/12/2016,0
9/12/2016,0
10/12/2016,0
11/12/2016,0
12/12/2016,3.2
13/12/2016,0.7
14/12/2016,0
15/12/2016,0
16/12/2016,0
17/12/2016,0
18/12/2016,15.5
19/12/2016,4.8
20/12/2016,0
21/12/2016,0
22/12/2016,0
23/12/2016,0
24/12/2016,0
25/12/2016,0
26/12/2016,1.4
27/12/2016,0
28/12/2016,16.8
29/12/2016,0.7
30/12/2016,0
31/12/2016,0.3
1/01/2017,21.3
2/01/2017,22.9
3/01/2017,0
4/01/2017,0
5/01/2017,0
6/01/2017,32.7
7/01/2017,0
8/01/2017,0
9/01/2017,0
10/01/2017,0
11/01/2017,0.3
12/01/2017,0
13/01/2017,0
14/01/2017,0
15/01/2017,0
16/01/2017,0
17/01/2017,0
18/01/2017,0
19/01/2017,0
20/01/2017,0.8
21/01/2017,7.1
22/01/2017,7.6
23/01/2017,0
24/01/2017,0
25/01/2017,0
26/01/2017,0.6
27/01/2017,0
28/01/2017,0
29/01/2017,0
30/01/2017,0
31/01/2017,0
1/02/2017,0
2/02/2017,0.5
3/02/2017,0
4/02/2017,0
5/02/2017,0
6/02/2017,0
7/02/2017,2
8/02/2017,2.7
9/02/2017,0
10/02/2017,0
11/02/2017,0
12/02/2017,0
13/02/2017,0
14/02/2017,0
15/02/2017,14.5
16/02/2017,0
17/02/2017,0
18/02/2017,0
19/02/2017,0
20/02/2017,0
21/02/2017,0
22/02/2017,0
23/02/2017,0
24/02/2017,0
25/02/2017,0
26/02/2017,0
27/02/2017,0
28/02/2017,0
1/03/2017,13.6
2/03/2017,0
3/03/2017,0
4/03/2017,0
5/03/2017,0
6/03/2017,0
7/03/2017,0.5
8/03/2017,0.3
9/03/2017,0
10/03/2017,1.9
11/03/2017,1.3
12/03/2017,2.3
13/03/2017,16.9
14/03/2017,0.4
15/03/2017,0
16/03/2017,0
17/03/2017,2
18/03/2017,2.7
19/03/2017,0
20/03/2017,0
21/03/2017,6.4
22/03/2017,0
23/03/2017,0
24/03/2017,0
25/03/2017,0
26/03/2017,0
27/03/2017,1.6
28/03/2017,0
29/03/2017,0
30/03/2017,20.4
31/03/2017,6.3
1/04/2017,0
2/04/2017,0
3/04/2017,19.4
4/04/2017,0
5/04/2017,16.1
6/04/2017,0
7/04/2017,0
8/04/2017,0
9/04/2017,0
10/04/2017,0
11/04/2017,0
12/04/2017,0
13/04/2017,0
14/04/2017,0
15/04/2017,0
16/04/2017,0
17/04/2017,1.8
18/04/2017,0
19/04/2017,0
20/04/2017,0
21/04/2017,0
22/04/2017,0.9
23/04/2017,17.1
24/04/2017,58.5
25/04/2017,4.4
26/04/2017,0
27/04/2017,0
28/04/2017,0
29/04/2017,0
30/04/2017,0
1/05/2017,8.7
2/05/2017,0
3/05/2017,0
4/05/2017,10
5/05/2017,0
6/05/2017,0.7
7/05/2017,0
8/05/2017,0
9/05/2017,1.8
10/05/2017,0
11/05/2017,0
12/05/2017,9.1
13/05/2017,0
14/05/2017,0
15/05/2017,0
16/05/2017,0
17/05/2017,0
18/05/2017,0
19/05/2017,0
20/05/2017,0
21/05/2017,19
22/05/2017,57.4
23/05/2017,29.9
24/05/2017,22
25/05/2017,0
26/05/2017,0
27/05/2017,0
28/05/2017,0
29/05/2017,6.7
30/05/2017,0
31/05/2017,13.6
1/06/2017,0
2/06/2017,0
3/06/2017,0
4/06/2017,0
5/06/2017,2.7
6/06/2017,0
7/06/2017,0
8/06/2017,0
9/06/2017,0
10/06/2017,0
11/06/2017,0
12/06/2017,0
13/06/2017,0
14/06/2017,0.8
15/06/2017,0
16/06/2017,0.5
17/06/2017,5.3
18/06/2017,1.8
19/06/2017,31
20/06/2017,10.7
21/06/2017,0
22/06/2017,0.6
23/06/2017,0
24/06/2017,47.5
25/06/2017,0
26/06/2017,0
27/06/2017,0
28/06/2017,0
29/06/2017,0
30/06/2017,18.3
1/07/2017,1.1
2/07/2017,0
3/07/2017,28.7
4/07/2017,0
5/07/2017,0
6/07/2017,0.5
7/07/2017,0
8/07/2017,2.3
9/07/2017,0
10/07/2017,1.5
11/07/2017,0
12/07/2017,0
13/07/2017,3.2
14/07/2017,0
15/07/2017,0
16/07/2017,0
17/07/2017,0
18/07/2017,39.1
19/07/2017,0
20/07/2017,0
21/07/2017,9.4
22/07/2017,0
23/07/2017,7.2
24/07/2017,0
25/07/2017,0
26/07/2017,0
27/07/2017,0
28/07/2017,5.8
29/07/2017,0
30/07/2017,0
31/07/2017,0
1/08/2017,0
2/08/2017,0
3/08/2017,0
4/08/2017,0
5/08/2017,0
6/08/2017,12.7
7/08/2017,7.2
8/08/2017,21.8
9/08/2017,0
10/08/2017,0
11/08/2017,0.5
12/08/2017,35.7
13/08/2017,2.3
14/08/2017,0
15/08/2017,0
16/08/2017,0
17/08/2017,11.3
18/08/2017,0
19/08/2017,0
20/08/2017,0
21/08/2017,0
22/08/2017,0
23/08/2017,3.4
24/08/2017,2.2
25/08/2017,0
26/08/2017,0
27/08/2017,0
28/08/2017,0.8
29/08/2017,0
30/08/2017,0
31/08/2017,6.3
1/09/2017,29.9
2/09/2017,0
3/09/2017,0
4/09/2017,0
5/09/2017,33.9
6/09/2017,7.5
7/09/2017,0
8/09/2017,0
9/09/2017,0
10/09/2017,0
11/09/2017,15.7
12/09/2017,0.7
13/09/2017,5.9
14/09/2017,0.5
15/09/2017,0
16/09/2017,0
17/09/2017,0
18/09/2017,0
19/09/2017,0
20/09/2017,0
21/09/2017,2.1
22/09/2017,0
23/09/2017,0
24/09/2017,0
25/09/2017,0
26/09/2017,0
27/09/2017,0
28/09/2017,0
29/09/2017,0
30/09/2017,0
1/10/2017,0
2/10/2017,0
3/10/2017,0
4/10/2017,0
5/10/2017,0
6/10/2017,0
7/10/2017,4.4
8/10/2017,4.1
9/10/2017,0.5
10/10/2017,18.6
11/10/2017,0
12/10/2017,0
13/10/2017,0
14/10/2017,0
15/10/2017,0
16/10/2017,2.7
17/10/2017,0
18/10/2017,0
19/10/2017,0
20/10/2017,0
21/10/2017,0
22/10/2017,0
23/10/2017,34.6
24/10/2017,0
25/10/2017,0
26/10/2017,0
27/10/2017,0
28/10/2017,2.3
29/10/2017,0
30/10/2017,0
31/10/2017,0
1/11/2017,0
2/11/2017,0
3/11/2017,0
4/11/2017,0
5/11/2017,0
6/11/2017,0
7/11/2017,5.3
8/11/2017,5.8
9/11/2017,2.3
10/11/2017,0
11/11/2017,0
12/11/2017,10.4
13/11/2017,0
14/11/2017,0
15/11/2017,0
16/11/2017,0
17/11/2017,0
18/11/2017,1.5
19/11/2017,0
20/11/2017,0
21/11/2017,9.1
22/11/2017,0
23/11/2017,0
24/11/2017,0
25/11/2017,0
26/11/2017,0
27/11/2017,0
28/11/2017,0
29/11/2017,0
30/11/2017,0
1/12/2017,0
2/12/2017,0
3/12/2017,0
4/12/2017,0
5/12/2017,2.9
6/12/2017,4.7
7/12/2017,3.6
8/12/2017,31.5
9/12/2017,1.6
10/12/2017,0
11/12/2017,0
12/12/2017,0
13/12/2017,0
14/12/2017,0
15/12/2017,0
16/12/2017,0
17/12/2017,0
18/12/2017,0
19/12/2017,0
20/12/2017,22.9
21/12/2017,0
22/12/2017,0
23/12/2017,0
24/12/2017,0.4
25/12/2017,0
26/12/2017,0.5
27/12/2017,0.6
28/12/2017,0
29/12/2017,0
30/12/2017,0
31/12/2017,0
1/01/2018,0
2/01/2018,0
3/01/2018,6
4/01/2018,0
5/01/2018,0
6/01/2018,0
7/01/2018,0
8/01/2018,0
9/01/2018,0
10/01/2018,0
11/01/2018,6.3
12/01/2018,15.7
13/01/2018,0
14/01/2018,0
15/01/2018,0
16/01/2018,0
17/01/2018,11.3
18/01/2018,0
19/01/2018,0
20/01/2018,0
21/01/2018,0
22/01/2018,6.2
23/01/2018,1.3
24/01/2018,0
25/01/2018,0
26/01/2018,0
27/01/2018,6.3
28/01/2018,47.6
29/01/2018,4.6
30/01/2018,0
31/01/2018,0
1/02/2018,4
2/02/2018,0
3/02/2018,0
4/02/2018,35.5
5/02/2018,0
6/02/2018,0
7/02/2018,8.4
8/02/2018,0
9/02/2018,1.2
10/02/2018,1.9
11/02/2018,1.2
12/02/2018,1.2
13/02/2018,0
14/02/2018,0
15/02/2018,0
16/02/2018,0
17/02/2018,0
18/02/2018,2.7
19/02/2018,0.5
20/02/2018,0
21/02/2018,0
22/02/2018,0
23/02/2018,0
24/02/2018,0
25/02/2018,4.3
26/02/2018,3
27/02/2018,0
28/02/2018,10
1/03/2018,18.4
2/03/2018,0
3/03/2018,0
4/03/2018,0
5/03/2018,0
6/03/2018,6.8
7/03/2018,0
8/03/2018,0
9/03/2018,0
10/03/2018,0
11/03/2018,4.1
12/03/2018,17.1
13/03/2018,0
14/03/2018,0
15/03/2018,0
16/03/2018,0
17/03/2018,0
18/03/2018,0
19/03/2018,19.3
20/03/2018,5
21/03/2018,3.4
22/03/2018,0
23/03/2018,0
24/03/2018,20.4
25/03/2018,0
26/03/2018,0
27/03/2018,0
28/03/2018,0
29/03/2018,3.3
30/03/2018,1.6
31/03/2018,0
1/04/2018,0
2/04/2018,0
3/04/2018,0
4/04/2018,0
5/04/2018,0
6/04/2018,7.8
7/04/2018,20.8
8/04/2018,0
9/04/2018,0
10/04/2018,0
11/04/2018,0
12/04/2018,0
13/04/2018,0
14/04/2018,2.4
15/04/2018,83.3
16/04/2018,0
17/04/2018,0
18/04/2018,0
19/04/2018,0
20/04/2018,0
21/04/2018,0
22/04/2018,0
23/04/2018,32.2
24/04/2018,22.8
25/04/2018,0
26/04/2018,4
27/04/2018,0
28/04/2018,0
29/04/2018,0
30/04/2018,0
1/05/2018,0
2/05/2018,0
3/05/2018,0
4/05/2018,0
5/05/2018,0
6/05/2018,0
7/05/2018,0
8/05/2018,0
9/05/2018,0
10/05/2018,1.2
11/05/2018,0
12/05/2018,0
13/05/2018,0
14/05/2018,0
15/05/2018,3.1
16/05/2018,2.9
17/05/2018,8
18/05/2018,2.4
19/05/2018,14.3
20/05/2018,0
21/05/2018,0
22/05/2018,0
23/05/2018,3.7
24/05/2018,0
25/05/2018,0.4
26/05/2018,9.3
27/05/2018,0
28/05/2018,29.2
29/05/2018,29.9
30/05/2018,2.3
31/05/2018,8.7
1/06/2018,0
2/06/2018,1.8
3/06/2018,0
4/06/2018,0
5/06/2018,0
6/06/2018,0
7/06/2018,0
8/06/2018,0
9/06/2018,0
10/06/2018,0.9
11/06/2018,32.5
12/06/2018,0
13/06/2018,0
14/06/2018,0
15/06/2018,0
16/06/2018,0
17/06/2018,0
18/06/2018,0
19/06/2018,0
20/06/2018,4.6
21/06/2018,0.7
22/06/2018,0
23/06/2018,0
24/06/2018,5.7
25/06/2018,51.2
26/06/2018,8.3
27/06/2018,0.5
28/06/2018,0
29/06/2018,2.9
30/06/2018,0
1/07/2018,0
2/07/2018,0
3/07/2018,0
4/07/2018,2.8
5/07/2018,14.3
6/07/2018,5.7
7/07/2018,8.5
8/07/2018,0
9/07/2018,0
10/07/2018,0
11/07/2018,0
12/07/2018,0
13/07/2018,0
14/07/2018,0
15/07/2018,0
16/07/2018,0.4
17/07/2018,0
18/07/2018,0
19/07/2018,0
20/07/2018,2.6
21/07/2018,30.2
22/07/2018,0.9
23/07/2018,1.7
24/07/2018,4.3
25/07/2018,3.3
26/07/2018,0
27/07/2018,6.4
28/07/2018,9.4
29/07/2018,5.5
30/07/2018,24.2
31/07/2018,0
1/08/2018,0.5
2/08/2018,16.5
3/08/2018,20.6
4/08/2018,0
5/08/2018,1.4
6/08/2018,13.7
7/08/2018,9.1
8/08/2018,10.3
9/08/2018,0
10/08/2018,1.8
11/08/2018,5.1
12/08/2018,40.7
13/08/2018,0
14/08/2018,1.3
15/08/2018,1.5
16/08/2018,0
17/08/2018,0.9
18/08/2018,2
19/08/2018,1.1
20/08/2018,6.1
21/08/2018,0.3
22/08/2018,0
23/08/2018,0
24/08/2018,0
25/08/2018,0
26/08/2018,0
27/08/2018,0
28/08/2018,0
29/08/2018,0
30/08/2018,0.4
31/08/2018,1.3
1/09/2018,0
2/09/2018,5.8
3/09/2018,0
4/09/2018,1.2
5/09/2018,0
6/09/2018,0
7/09/2018,0
8/09/2018,0
9/09/2018,1.4
10/09/2018,34.1
11/09/2018,8.4
12/09/2018,0
13/09/2018,1.8
14/09/2018,81.3
15/09/2018,115.9
16/09/2018,132.5
17/09/2018,36.6
18/09/2018,0
19/09/2018,0
20/09/2018,0
21/09/2018,0
22/09/2018,0
23/09/2018,0
24/09/2018,0
25/09/2018,0
26/09/2018,6
27/09/2018,8.6
28/09/2018,0
29/09/2018,0
30/09/2018,0
1/10/2018,0
2/10/2018,0
3/10/2018,0
4/10/2018,0
5/10/2018,0
6/10/2018,0
7/10/2018,0
8/10/2018,0
9/10/2018,0
10/10/2018,8.3
11/10/2018,49.3
12/10/2018,0
13/10/2018,0
14/10/2018,0
15/10/2018,0
16/10/2018,10.6
17/10/2018,0
18/10/2018,0
19/10/2018,0
20/10/2018,0
21/10/2018,0
22/10/2018,0
23/10/2018,0
24/10/2018,0
25/10/2018,4.2
26/10/2018,33.3
27/10/2018,0
28/10/2018,0
29/10/2018,0
30/10/2018,0
31/10/2018,0
1/11/2018,1.8
2/11/2018,7.9
3/11/2018,0
4/11/2018,15.4
5/11/2018,1.3
6/11/2018,2
7/11/2018,4.5
8/11/2018,0.9
9/11/2018,1.7
10/11/2018,0
11/11/2018,0
12/11/2018,101.6
13/11/2018,3
14/11/2018,9.5
15/11/2018,10.6
16/11/2018,0
17/11/2018,0
18/11/2018,3
19/11/2018,0
20/11/2018,0
21/11/2018,0
22/11/2018,0
23/11/2018,5.9
24/11/2018,22.6
25/11/2018,0
26/11/2018,0
27/11/2018,0
28/11/2018,0
29/11/2018,1.9
30/11/2018,2.9
1/12/2018,23
2/12/2018,0
3/12/2018,0
4/12/2018,0
5/12/2018,0
6/12/2018,0
7/12/2018,0
8/12/2018,14.3
9/12/2018,36.7
10/12/2018,3.2
11/12/2018,0
12/12/2018,0
13/12/2018,1.5
14/12/2018,31.9
15/12/2018,2
16/12/2018,0
17/12/2018,0
18/12/2018,0
19/12/2018,0
20/12/2018,22.3
21/12/2018,1.8
22/12/2018,0
23/12/2018,0
24/12/2018,0
25/12/2018,0
26/12/2018,0
27/12/2018,2.1
28/12/2018,25.2
29/12/2018,2.9
30/12/2018,0.4
31/12/2018,3.4
1/01/2019,0
2/01/2019,7.2
3/01/2019,3.9
4/01/2019,21.6
5/01/2019,0
6/01/2019,0
7/01/2019,0
8/01/2019,0
9/01/2019,0
10/01/2019,0
11/01/2019,0
12/01/2019,16.3
13/01/2019,3.1
14/01/2019,0
15/01/2019,0
16/01/2019,0
17/01/2019,3.2
18/01/2019,0
19/01/2019,18.2
20/01/2019,0
21/01/2019,0
22/01/2019,0
23/01/2019,15.8
24/01/2019,16.7
25/01/2019,0
26/01/2019,0
27/01/2019,0
28/01/2019,0
29/01/2019,7.6
30/01/2019,0
31/01/2019,0
1/02/2019,0
2/02/2019,0
3/02/2019,0
4/02/2019,0
5/02/2019,0
6/02/2019,0
7/02/2019,0
8/02/2019,0
9/02/2019,0
10/02/2019,0
11/02/2019,6.2
12/02/2019,4.9
13/02/2019,0
14/02/2019,0
15/02/2019,9.5
16/02/2019,9.2
17/02/2019,9.9
18/02/2019,0
19/02/2019,8.2
20/02/2019,7.1
21/02/2019,20.4
22/02/2019,6.9
23/02/2019,2.8
24/02/2019,0.3
25/02/2019,0
26/02/2019,0
27/02/2019,0
28/02/2019,1.8
1/03/2019,14.3
2/03/2019,0
3/03/2019,21.8
4/03/2019,0
5/03/2019,0
6/03/2019,0
7/03/2019,0
8/03/2019,10.7
9/03/2019,0
10/03/2019,0.3
11/03/2019,0
12/03/2019,0
13/03/2019,0
14/03/2019,0
15/03/2019,1.8
16/03/2019,0
17/03/2019,0
18/03/2019,0
19/03/2019,0
20/03/2019,9.6
21/03/2019,0.7
22/03/2019,0
23/03/2019,0
24/03/2019,0
25/03/2019,8.3
26/03/2019,0
27/03/2019,0
28/03/2019,0
29/03/2019,0
30/03/2019,0
31/03/2019,0
1/04/2019,1.1
2/04/2019,25.1
3/04/2019,0
4/04/2019,1.2
5/04/2019,34.2
6/04/2019,0
7/04/2019,0
8/04/2019,25.8
9/04/2019,0.3
10/04/2019,0
11/04/2019,0
12/04/2019,19.9
13/04/2019,1.3
14/04/2019,12.2
15/04/2019,0
16/04/2019,0
17/04/2019,0
18/04/2019,0
19/04/2019,24.2
20/04/2019,0
21/04/2019,0
22/04/2019,0
23/04/2019,0
24/04/2019,0
25/04/2019,0
26/04/2019,0.3
27/04/2019,0
28/04/2019,0
29/04/2019,0
30/04/2019,0
1/05/2019,0
2/05/2019,0
3/05/2019,0.7
4/05/2019,25.1
5/05/2019,0
6/05/2019,0
7/05/2019,0
8/05/2019,0
9/05/2019,0
10/05/2019,0.6
11/05/2019,22.6
12/05/2019,0.4
13/05/2019,0
14/05/2019,0
15/05/2019,0
16/05/2019,0
17/05/2019,0
18/05/2019,4.1
19/05/2019,0
20/05/2019,1.3
21/05/2019,0
22/05/2019,0
23/05/2019,0
24/05/2019,0
25/05/2019,0
26/05/2019,0
27/05/2019,0
28/05/2019,0
29/05/2019,0
30/05/2019,0
31/05/2019,0
1/06/2019,0
2/06/2019,0
3/06/2019,0
4/06/2019,0
5/06/2019,13.7
6/06/2019,0
7/06/2019,1.8
8/06/2019,45.7
9/06/2019,11.4
10/06/2019,44.3
11/06/2019,0
12/06/2019,9
13/06/2019,0
14/06/2019,0
15/06/2019,0
16/06/2019,0
17/06/2019,1.2
18/06/2019,1.1
19/06/2019,0
20/06/2019,0
21/06/2019,0
22/06/2019,0
23/06/2019,0
24/06/2019,0
25/06/2019,0
26/06/2019,0
27/06/2019,0
28/06/2019,0
29/06/2019,0
30/06/2019,0
1/07/2019,0
2/07/2019,0
3/07/2019,0
4/07/2019,11.9
5/07/2019,41.2
6/07/2019,9.7
7/07/2019,15
8/07/2019,33.3
9/07/2019,0
10/07/2019,11.6
11/07/2019,11.6
12/07/2019,1.6
13/07/2019,0
14/07/2019,0
15/07/2019,0
16/07/2019,0
17/07/2019,9.5
18/07/2019,2.6
19/07/2019,0.8
20/07/2019,3.8
21/07/2019,0
22/07/2019,9.7
23/07/2019,55.2
24/07/2019,0
25/07/2019,0
26/07/2019,0
27/07/2019,0
28/07/2019,0
29/07/2019,0
30/07/2019,0
31/07/2019,0
1/08/2019,21.4
2/08/2019,14
3/08/2019,0
4/08/2019,3.8
5/08/2019,13.9
6/08/2019,0
7/08/2019,0.9
8/08/2019,0
9/08/2019,0
10/08/2019,1.1
11/08/2019,0
12/08/2019,0
13/08/2019,13.8
14/08/2019,0.9
15/08/2019,0
16/08/2019,5.4
17/08/2019,0
18/08/2019,0
19/08/2019,6.1
20/08/2019,4
21/08/2019,14.6
22/08/2019,0
23/08/2019,18
24/08/2019,4.6
25/08/2019,0
26/08/2019,0
27/08/2019,0
28/08/2019,0
29/08/2019,0
30/08/2019,0
31/08/2019,0
1/09/2019,0
2/09/2019,0
3/09/2019,0
4/09/2019,1
5/09/2019,46.9
6/09/2019,0
7/09/2019,0
8/09/2019,0
9/09/2019,0
10/09/2019,0
11/09/2019,0
12/09/2019,0
13/09/2019,0
14/09/2019,0
15/09/2019,0
16/09/2019,0
17/09/2019,0
18/09/2019,0
19/09/2019,0
20/09/2019,0
21/09/2019,0
22/09/2019,0
23/09/2019,0
24/09/2019,0
25/09/2019,0
26/09/2019,0
27/09/2019,0.9
28/09/2019,0
29/09/2019,0
30/09/2019,0
1/10/2019,0
2/10/2019,0
3/10/2019,0
4/10/2019,0
5/10/2019,0
6/10/2019,0
7/10/2019,0
8/10/2019,0.3
9/10/2019,0
10/10/2019,0
11/10/2019,0
12/10/2019,0
13/10/2019,29.5
14/10/2019,0
15/10/2019,3.2
16/10/2019,14.9
17/10/2019,0
18/10/2019,0
19/10/2019,35.2
20/10/2019,1.4
21/10/2019,0
22/10/2019,11.5
23/10/2019,0
24/10/2019,0
25/10/2019,0
26/10/2019,0.9
27/10/2019,1.2
28/10/2019,0
29/10/2019,2.5
30/10/2019,1.2
31/10/2019,19.7
1/11/2019,0
2/11/2019,0
3/11/2019,0
4/11/2019,0
5/11/2019,0
6/11/2019,0
7/11/2019,12.3
8/11/2019,0
9/11/2019,0
10/11/2019,0
11/11/2019,0
12/11/2019,22.1
13/11/2019,0
14/11/2019,24.8
15/11/2019,8.8
16/11/2019,0.3
17/11/2019,0
18/11/2019,10.9
19/11/2019,0
20/11/2019,0
21/11/2019,0
22/11/2019,0
23/11/2019,16
24/11/2019,0
25/11/2019,0
26/11/2019,0
27/11/2019,0
28/11/2019,0
29/11/2019,0
30/11/2019,12.9
1/12/2019,7.6
2/12/2019,0
3/12/2019,0
4/12/2019,0
5/12/2019,0
6/12/2019,0.3
7/12/2019,0
8/12/2019,0
9/12/2019,0
10/12/2019,9.2
11/12/2019,0
12/12/2019,0
13/12/2019,44.9
14/12/2019,0.3
15/12/2019,0
16/12/2019,0
17/12/2019,13.8
18/12/2019,0
19/12/2019,0
20/12/2019,0
21/12/2019,0
22/12/2019,11.3
23/12/2019,8.7
24/12/2019,0
25/12/2019,0
26/12/2019,0
27/12/2019,0
28/12/2019,0
29/12/2019,4.7
30/12/2019,0
31/12/2019,0
1/01/2020,0
2/01/2020,2.4
3/01/2020,28
4/01/2020,2.4
5/01/2020,0
6/01/2020,0
7/01/2020,0.4
8/01/2020,0
9/01/2020,0
10/01/2020,0
11/01/2020,17.1
12/01/2020,15.2
13/01/2020,19.6
14/01/2020,0.8
15/01/2020,0
16/01/2020,0
17/01/2020,0
18/01/2020,1.2
19/01/2020,0
20/01/2020,0
21/01/2020,0
22/01/2020,0
23/01/2020,0
24/01/2020,21.1
25/01/2020,0
26/01/2020,0
27/01/2020,2.2
28/01/2020,0
29/01/2020,0
30/01/2020,0
31/01/2020,21.5
1/02/2020,0
2/02/2020,0
3/02/2020,0
4/02/2020,0
5/02/2020,16.6
6/02/2020,75.3
7/02/2020,0
8/02/2020,0
9/02/2020,0
10/02/2020,1.1
11/02/2020,0.3
12/02/2020,0
13/02/2020,7.9
14/02/2020,0
15/02/2020,0
16/02/2020,3
17/02/2020,0
18/02/2020,6
19/02/2020,1.1
20/02/2020,10.7
21/02/2020,0
22/02/2020,0
23/02/2020,0
24/02/2020,8.2
25/02/2020,0
26/02/2020,0
27/02/2020,0
28/02/2020,0
29/02/2020,0
1/03/2020,0
2/03/2020,0
3/03/2020,5
4/03/2020,0
5/03/2020,5.5
6/03/2020,0.6
7/03/2020,0
8/03/2020,0
9/03/2020,0
10/03/2020,0
11/03/2020,0.3
12/03/2020,0
13/03/2020,0
14/03/2020,1.3
15/03/2020,0
16/03/2020,4.8
17/03/2020,1.6
18/03/2020,1.2
19/03/2020,0
20/03/2020,0
21/03/2020,2.1
22/03/2020,2.8
23/03/2020,0
24/03/2020,27.2
25/03/2020,0
26/03/2020,0
27/03/2020,0
28/03/2020,0
29/03/2020,0
30/03/2020,0
31/03/2020,5.7
1/04/2020,0
2/04/2020,0
3/04/2020,0
4/04/2020,0
5/04/2020,0
6/04/2020,0
7/04/2020,0
8/04/2020,19.9
9/04/2020,0
10/04/2020,0
11/04/2020,0
12/04/2020,6.8
13/04/2020,2.1
14/04/2020,2.4
15/04/2020,0
16/04/2020,0
17/04/2020,0
18/04/2020,2.6
19/04/2020,16.7
20/04/2020,9.1
21/04/2020,0
22/04/2020,0
23/04/2020,2.6
24/04/2020,0
25/04/2020,1.2
26/04/2020,0
27/04/2020,0
28/04/2020,0
29/04/2020,27
30/04/2020,14.8
1/05/2020,0
2/05/2020,0
3/05/2020,0
4/05/2020,1.2
5/05/2020,13.2
6/05/2020,2.8
7/05/2020,0
8/05/2020,1.1
9/05/2020,0
10/05/2020,0
11/05/2020,0
12/05/2020,0
13/05/2020,0
14/05/2020,0
15/05/2020,0
16/05/2020,0
17/05/2020,0
18/05/2020,12
19/05/2020,9.8
20/05/2020,48.6
21/05/2020,31.2
22/05/2020,18.6
23/05/2020,0
24/05/2020,3.9
25/05/2020,0
26/05/2020,1.4
27/05/2020,21.8
28/05/2020,48.9
29/05/2020,18.9
30/05/2020,0
31/05/2020,0
1/06/2020,0
2/06/2020,0
3/06/2020,0
4/06/2020,1.2
5/06/2020,0
6/06/2020,0
7/06/2020,0
8/06/2020,0.4
9/06/2020,0.7
10/06/2020,0.9
11/06/2020,7.5
12/06/2020,0
13/06/2020,0
14/06/2020,17.2
15/06/2020,31
16/06/2020,2.6
17/06/2020,0
18/06/2020,0
19/06/2020,90.9
20/06/2020,11.8
21/06/2020,1
22/06/2020,0
23/06/2020,0
24/06/2020,0.3
25/06/2020,3
26/06/2020,0
27/06/2020,0
28/06/2020,0.9
29/06/2020,0
30/06/2020,0
1/07/2020,0.8
2/07/2020,0
3/07/2020,0
4/07/2020,18
5/07/2020,0.6
6/07/2020,0
7/07/2020,27.2
8/07/2020,2.6
9/07/2020,7.3
10/07/2020,11.5
11/07/2020,0
12/07/2020,5.6
13/07/2020,0
14/07/2020,0
15/07/2020,0
16/07/2020,0
17/07/2020,1.2
18/07/2020,26.1
19/07/2020,0
20/07/2020,6.8
21/07/2020,0
22/07/2020,0
23/07/2020,40
24/07/2020,11.7
25/07/2020,8.2
26/07/2020,0
27/07/2020,0
28/07/2020,20.1
29/07/2020,8.5
30/07/2020,0
31/07/2020,0
1/08/2020,4.3
2/08/2020,0
3/08/2020,29.5
4/08/2020,6.4
5/08/2020,0
6/08/2020,0
7/08/2020,6.5
8/08/2020,60.8
9/08/2020,11.6
10/08/2020,6.5
11/08/2020,0
12/08/2020,0
13/08/2020,0
14/08/2020,18.4
15/08/2020,45.3
16/08/2020,0
17/08/2020,1.8
18/08/2020,0.3
19/08/2020,11
20/08/2020,0
21/08/2020,14.2
22/08/2020,0
23/08/2020,0
24/08/2020,1.2
25/08/2020,0.5
26/08/2020,0
27/08/2020,0
28/08/2020,0
29/08/2020,0
30/08/2020,0
31/08/2020,31
1/09/2020,0
2/09/2020,0
3/09/2020,0
4/09/2020,0
5/09/2020,0
6/09/2020,0
7/09/2020,0
8/09/2020,2.6
9/09/2020,0.7
10/09/2020,0
11/09/2020,2.1
12/09/2020,0
13/09/2020,0
14/09/2020,4.1
15/09/2020,0
16/09/2020,2.5
17/09/2020,44
18/09/2020,2.1
19/09/2020,0
20/09/2020,0
21/09/2020,0
22/09/2020,0
23/09/2020,0
24/09/2020,7.2
25/09/2020,109.3
26/09/2020,0
27/09/2020,1
28/09/2020,2
29/09/2020,20.5
30/09/2020,0
1/10/2020,0
2/10/2020,0
3/10/2020,0
4/10/2020,0
5/10/2020,0
6/10/2020,0
7/10/2020,0
8/10/2020,0
9/10/2020,1.9
10/10/2020,14.1
11/10/2020,22.6
12/10/2020,0
13/10/2020,0
14/10/2020,0
15/10/2020,3.8
16/10/2020,23.1
17/10/2020,0
18/10/2020,0
19/10/2020,0
20/10/2020,0
21/10/2020,0
22/10/2020,0
23/10/2020,0
24/10/2020,0
25/10/2020,9.5
26/10/2020,0
27/10/2020,0
28/10/2020,0
29/10/2020,7.6
30/10/2020,0
31/10/2020,0
1/11/2020,9.6
2/11/2020,0
3/11/2020,0
4/11/2020,0
5/11/2020,0
6/11/2020,0
7/11/2020,0
8/11/2020,0
9/11/2020,0.8
10/11/2020,0.3
11/11/2020,56.9
12/11/2020,74.2
13/11/2020,0
14/11/2020,0
15/11/2020,0
16/11/2020,0
17/11/2020,0
18/11/2020,0
19/11/2020,0
20/11/2020,0
21/11/2020,0
22/11/2020,0.8
23/11/2020,0
24/11/2020,0
25/11/2020,0
26/11/2020,0
27/11/2020,0
28/11/2020,1.7
29/11/2020,27.1
30/11/2020,2.5
1/12/2020,0
2/12/2020,0
3/12/2020,0
4/12/2020,5.5
5/12/2020,0
6/12/2020,6.5
7/12/2020,2.2
8/12/2020,0
9/12/2020,0
10/12/2020,0
11/12/2020,0
12/12/2020,0
13/12/2020,2.2
14/12/2020,11.7
15/12/2020,1.3
16/12/2020,11.1
17/12/2020,0
18/12/2020,0
19/12/2020,3.9
20/12/2020,11.6
21/12/2020,0
22/12/2020,0
23/12/2020,2
24/12/2020,40.6
25/12/2020,0
26/12/2020,0
27/12/2020,0
28/12/2020,0
29/12/2020,0
30/12/2020,1.2
31/12/2020,23.9
1/01/2021,16
2/01/2021,20.9
3/01/2021,0
4/01/2021,0
5/01/2021,0.8
6/01/2021,0
7/01/2021,11.1
8/01/2021,13.5
9/01/2021,0
10/01/2021,0
11/01/2021,8.3
12/01/2021,0.6
13/01/2021,0
14/01/2021,0
15/01/2021,8.5
16/01/2021,0
17/01/2021,0
18/01/2021,0
19/01/2021,0
20/01/2021,0
21/01/2021,0
22/01/2021,0
23/01/2021,0
24/01/2021,3.5
25/01/2021,36.8
26/01/2021,2.9
27/01/2021,17.1
28/01/2021,0
29/01/2021,0
30/01/2021,1.3
31/01/2021,24.4
1/02/2021,0
2/02/2021,0
3/02/2021,0
4/02/2021,4.1
5/02/2021,2.4
6/02/2021,6.1
7/02/2021,1.7
8/02/2021,0
9/02/2021,0
10/02/2021,0
11/02/2021,23.3
12/02/2021,7.6
13/02/2021,18.9
14/02/2021,20.3
15/02/2021,20.5
16/02/2021,0
17/02/2021,13.6
18/02/2021,34
19/02/2021,0.8
20/02/2021,0
21/02/2021,0
22/02/2021,0
23/02/2021,0
24/02/2021,0
25/02/2021,0
26/02/2021,1.5
27/02/2021,8.5
28/02/2021,0
1/03/2021,0
2/03/2021,0.5
3/03/2021,0
4/03/2021,0
5/03/2021,0
6/03/2021,0
7/03/2021,0
8/03/2021,0
9/03/2021,0
10/03/2021,0
11/03/2021,0
12/03/2021,0
13/03/2021,0
14/03/2021,0
15/03/2021,10.3
16/03/2021,30.5
17/03/2021,0.4
18/03/2021,2.4
19/03/2021,0.7
20/03/2021,0
21/03/2021,0
22/03/2021,0
23/03/2021,0
24/03/2021,0
25/03/2021,0.9
26/03/2021,0
27/03/2021,19.9
28/03/2021,2.8
29/03/2021,0
30/03/2021,0
31/03/2021,5.3
1/04/2021,0
2/04/2021,0
3/04/2021,0
4/04/2021,0
5/04/2021,0
6/04/2021,0
7/04/2021,0
8/04/2021,0
9/04/2021,1.9
10/04/2021,2.3
11/04/2021,0
12/04/2021,0
13/04/2021,0
14/04/2021,0
15/04/2021,0
16/04/2021,0
17/04/2021,0
18/04/2021,0
19/04/2021,0
20/04/2021,0
21/04/2021,0
22/04/2021,0
23/04/2021,0
24/04/2021,5.7
25/04/2021,0
26/04/2021,0
27/04/2021,0
28/04/2021,0
29/04/2021,0
30/04/2021,0
1/05/2021,0
2/05/2021,0
3/05/2021,0.6
4/05/2021,14.1
5/05/2021,0
6/05/2021,17.1
7/05/2021,4.9
8/05/2021,0
9/05/2021,0
10/05/2021,1.2
11/05/2021,0.9
12/05/2021,5.7
13/05/2021,0
14/05/2021,0
15/05/2021,0
16/05/2021,0
17/05/2021,0
18/05/2021,0
19/05/2021,0
20/05/2021,0
21/05/2021,0
22/05/2021,0
23/05/2021,0
24/05/2021,15.1
25/05/2021,0
26/05/2021,0
27/05/2021,0
28/05/2021,2.2
29/05/2021,5.5
30/05/2021,0
31/05/2021,0
1/06/2021,0
2/06/2021,13.7
3/06/2021,7
4/06/2021,0
5/06/2021,5.6
6/06/2021,0
7/06/2021,0.3
8/06/2021,0
9/06/2021,0
10/06/2021,8.4
11/06/2021,6.6
12/06/2021,1.2
13/06/2021,0
14/06/2021,0
15/06/2021,0
16/06/2021,0
17/06/2021,0
18/06/2021,0
19/06/2021,14.5
20/06/2021,35.3
21/06/2021,0
22/06/2021,6.4
23/06/2021,0
24/06/2021,0
25/06/2021,0.6
26/06/2021,1.2
27/06/2021,0
28/06/2021,0
29/06/2021,0
30/06/2021,0.8
1/07/2021,20
2/07/2021,12.7
3/07/2021,0
4/07/2021,0
5/07/2021,0
6/07/2021,0
7/07/2021,14.3
8/07/2021,82.6
9/07/2021,0
10/07/2021,0
11/07/2021,10.8
12/07/2021,4.3
13/07/2021,0
14/07/2021,0
15/07/2021,15.4
16/07/2021,0
17/07/2021,0.6
18/07/2021,17.6
19/07/2021,6.5
20/07/2021,0
21/07/2021,0
22/07/2021,0
23/07/2021,0
24/07/2021,0
25/07/2021,0
26/07/2021,0.6
27/07/2021,0.7
28/07/2021,19.1
29/07/2021,0
30/07/2021,0
31/07/2021,0
1/08/2021,3.4
2/08/2021,0
3/08/2021,5.3
4/08/2021,0
5/08/2021,0
6/08/2021,3
7/08/2021,0.4
8/08/2021,15.7
9/08/2021,0
10/08/2021,7.5
11/08/2021,0.6
12/08/2021,0
13/08/2021,1
14/08/2021,0.5
15/08/2021,16.7
16/08/2021,2.5
17/08/2021,11
18/08/2021,1.5
19/08/2021,16.6
20/08/2021,6
21/08/2021,0
22/08/2021,0.7
23/08/2021,0.6
24/08/2021,0
25/08/2021,0.6
26/08/2021,0
27/08/2021,0
28/08/2021,0
29/08/2021,0
30/08/2021,0
31/08/2021,0
1/09/2021,0
2/09/2021,0
3/09/2021,0
4/09/2021,0
5/09/2021,0
6/09/2021,0
7/09/2021,0
8/09/2021,0
9/09/2021,13.1
10/09/2021,0
11/09/2021,0
12/09/2021,0
13/09/2021,0
14/09/2021,0
15/09/2021,0
16/09/2021,0
17/09/2021,0
18/09/2021,0.5
19/09/2021,0
20/09/2021,0
21/09/2021,38.7
22/09/2021,21.3
23/09/2021,0
24/09/2021,0
25/09/2021,0
26/09/2021,0
27/09/2021,0
28/09/2021,0
29/09/2021,0
30/09/2021,0
1/10/2021,0
2/10/2021,0
3/10/2021,0
4/10/2021,0.9
5/10/2021,0
6/10/2021,0
7/10/2021,0.6
8/10/2021,43.4
9/10/2021,1.4
10/10/2021,0
11/10/2021,0
12/10/2021,0
13/10/2021,0
14/10/2021,0
15/10/2021,0
16/10/2021,0
17/10/2021,0
18/10/2021,0
19/10/2021,0
20/10/2021,0
21/10/2021,0
22/10/2021,0
23/10/2021,0
24/10/2021,0
25/10/2021,0
26/10/2021,0
27/10/2021,0
28/10/2021,14.3
29/10/2021,0
30/10/2021,0
31/10/2021,0
1/11/2021,0
2/11/2021,0
3/11/2021,0.4
4/11/2021,3.4
5/11/2021,0
6/11/2021,0.7
7/11/2021,0
8/11/2021,0
9/11/2021,0
10/11/2021,0
11/11/2021,0.8
12/11/2021,0
13/11/2021,0
14/11/2021,0
15/11/2021,0
16/11/2021,0
17/11/2021,0
18/11/2021,0
19/11/2021,0
20/11/2021,0
21/11/2021,0.5
22/11/2021,11.2
23/11/2021,0
24/11/2021,0
25/11/2021,3
26/11/2021,0
27/11/2021,0
28/11/2021,0
29/11/2021,0
30/11/2021,0
1/12/2021,0
2/12/2021,0
3/12/2021,0
4/12/2021,0
5/12/2021,0
6/12/2021,0
7/12/2021,22.9
8/12/2021,6.4
9/12/2021,0
10/12/2021,0
11/12/2021,4.1
12/12/2021,0
13/12/2021,0
14/12/2021,0
15/12/2021,0
16/12/2021,0
17/12/2021,0
18/12/2021,4.1
19/12/2021,15.9
20/12/2021,0
21/12/2021,13.1
22/12/2021,0
23/12/2021,0
24/12/2021,0
25/12/2021,0
26/12/2021,0
27/12/2021,0
28/12/2021,0
29/12/2021,4.2
30/12/2021,0.7
31/12/2021,20.9
1/01/2022,2.4
2/01/2022,51.5
3/01/2022,2.3
4/01/2022,0.9
5/01/2022,0.9
6/01/2022,0
7/01/2022,0
8/01/2022,0
9/01/2022,13.4
10/01/2022,0
11/01/2022,0
12/01/2022,0
13/01/2022,0
14/01/2022,0
15/01/2022,4.6
16/01/2022,40.4
17/01/2022,0
18/01/2022,0
19/01/2022,0
20/01/2022,16.9
21/01/2022,11.5
22/01/2022,0
23/01/2022,0
24/01/2022,0
25/01/2022,0
26/01/2022,0
27/01/2022,0
28/01/2022,1.1
29/01/2022,0
30/01/2022,0
31/01/2022,0
1/02/2022,0
2/02/2022,0
3/02/2022,1.7
4/02/2022,5.4
5/02/2022,0
6/02/2022,1.5
7/02/2022,15.2
8/02/2022,0
9/02/2022,0
10/02/2022,0
11/02/2022,0
12/02/2022,0
13/02/2022,0
14/02/2022,0
15/02/2022,0
16/02/2022,0
17/02/2022,11.5
18/02/2022,0
19/02/2022,0
20/02/2022,0
21/02/2022,0
22/02/2022,0
23/02/2022,0
24/02/2022,0
25/02/2022,0
26/02/2022,2.3
27/02/2022,8.8
28/02/2022,0
1/03/2022,0
2/03/2022,0
3/03/2022,0
4/03/2022,0
5/03/2022,0
6/03/2022,0
7/03/2022,5.3
8/03/2022,7.1
9/03/2022,5.5
10/03/2022,0
11/03/2022,16.3
12/03/2022,10.4
13/03/2022,0
14/03/2022,0
15/03/2022,0
16/03/2022,54
17/03/2022,0
18/03/2022,0
19/03/2022,0
20/03/2022,0
21/03/2022,0
22/03/2022,0
23/03/2022,8.8
24/03/2022,9.7
25/03/2022,0
26/03/2022,0
27/03/2022,0
28/03/2022,0
29/03/2022,0
30/03/2022,0
31/03/2022,17.7
1/04/2022,0
2/04/2022,0
3/04/2022,0
4/04/2022,0
5/04/2022,41.2
6/04/2022,5.5
7/04/2022,2
8/04/2022,0
9/04/2022,0
10/04/2022,0
11/04/2022,0
12/04/2022,0
13/04/2022,0
14/04/2022,0
15/04/2022,0
16/04/2022,0
17/04/2022,10
18/04/2022,33.8
19/04/2022,0
20/04/2022,0
21/04/2022,0
22/04/2022,0
23/04/2022,0
24/04/2022,0
25/04/2022,0
26/04/2022,13.1
27/04/2022,0
28/04/2022,0
29/04/2022,0
30/04/2022,0
1/05/2022,5.8
2/05/2022,0
3/05/2022,1.2
4/05/2022,3.4
5/05/2022,0
6/05/2022,7.9
7/05/2022,9.5
8/05/2022,0
9/05/2022,0
10/05/2022,0
11/05/2022,0
12/05/2022,0
13/05/2022,17
14/05/2022,11.5
15/05/2022,0
16/05/2022,1.9
17/05/2022,0
18/05/2022,0
19/05/2022,0
20/05/2022,0
21/05/2022,6.7
22/05/2022,1.9
23/05/2022,29.8
24/05/2022,0
25/05/2022,0
26/05/2022,2.5
27/05/2022,9.8
28/05/2022,0
29/05/2022,0
30/05/2022,0
31/05/2022,0
1/06/2022,0
2/06/2022,0
3/06/2022,0.3
4/06/2022,0
5/06/2022,0
6/06/2022,0
7/06/2022,0
8/06/2022,16
9/06/2022,8.6
10/06/2022,0
11/06/2022,0.4
12/06/2022,0
13/06/2022,6.9
14/06/2022,0
15/06/2022,0
16/06/2022,7.2
17/06/2022,0
18/06/2022,0
19/06/2022,0
20/06/2022,0
21/06/2022,0
22/06/2022,0
23/06/2022,0
24/06/2022,0
25/06/2022,0
26/06/2022,0
27/06/2022,4.9
28/06/2022,0.3
29/06/2022,1.3
30/06/2022,0
1/07/2022,42.4
2/07/2022,0
3/07/2022,0
4/07/2022,1.6
5/07/2022,1.4
6/07/2022,4.8
7/07/2022,3.3
8/07/2022,12
9/07/2022,24.5
10/07/2022,5.3
11/07/2022,0
12/07/2022,0
13/07/2022,2.7
14/07/2022,1.8
15/07/2022,16.8
16/07/2022,22.9
17/07/2022,0
18/07/2022,0
19/07/2022,2.1
20/07/2022,0
21/07/2022,0
22/07/2022,0
23/07/2022,1.2
24/07/2022,21.7
25/07/2022,0.7
26/07/2022,7.3
27/07/2022,0
28/07/2022,0
29/07/2022,0.4
30/07/2022,0
31/07/2022,0
1/08/2022,0.5
2/08/2022,0
3/08/2022,0
4/08/2022,0
5/08/2022,0
6/08/2022,3.8
7/08/2022,2.4
8/08/2022,1.8
9/08/2022,0
10/08/2022,0.7
11/08/2022,5.3
12/08/2022,29.8
13/08/2022,0
14/08/2022,4.8
15/08/2022,38
16/08/2022,0
17/08/2022,0
18/08/2022,0
19/08/2022,14.2
20/08/2022,4.5
21/08/2022,16.4
22/08/2022,3.7
23/08/2022,0
24/08/2022,0
25/08/2022,30.1
26/08/2022,0
27/08/2022,0.8
28/08/2022,0
29/08/2022,0
30/08/2022,0
31/08/2022,0
1/09/2022,0
2/09/2022,0
3/09/2022,0
4/09/2022,0
5/09/2022,1
6/09/2022,0
7/09/2022,0
8/09/2022,0
9/09/2022,0.9
10/09/2022,8.5
11/09/2022,0
12/09/2022,0.3
13/09/2022,0
14/09/2022,0
15/09/2022,0
16/09/2022,0
17/09/2022,0
18/09/2022,0
19/09/2022,0
20/09/2022,0
21/09/2022,0
22/09/2022,0
23/09/2022,0
24/09/2022,0
25/09/2022,0
26/09/2022,0
27/09/2022,0
28/09/2022,0
29/09/2022,3.2
30/09/2022,30.4
1/10/2022,1.1
2/10/2022,0.6
3/10/2022,0
4/10/2022,0
5/10/2022,0
6/10/2022,0
7/10/2022,0
8/10/2022,0
9/10/2022,0
10/10/2022,0
11/10/2022,0
12/10/2022,33.6
13/10/2022,0
14/10/2022,0
15/10/2022,0
16/10/2022,0
17/10/2022,0
18/10/2022,0
19/10/2022,0
20/10/2022,0
21/10/2022,0
22/10/2022,0
23/10/2022,0
24/10/2022,0
25/10/2022,0
26/10/2022,0
27/10/2022,0
28/10/2022,4.5
29/10/2022,1.7
30/10/2022,0
31/10/2022,72.2
1/11/2022,0
2/11/2022,0
3/11/2022,0
4/11/2022,0
5/11/2022,0
6/11/2022,0
7/11/2022,0.5
8/11/2022,0
9/11/2022,0
10/11/2022,16
11/11/2022,24.2
12/11/2022,1.8
13/11/2022,0
14/11/2022,0
15/11/2022,2.4
16/11/2022,0
17/11/2022,0
18/11/2022,0
19/11/2022,0
20/11/2022,0
21/11/2022,0
22/11/2022,0
23/11/2022,0
24/11/2022,10.6
25/11/2022,1
26/11/2022,11.2
27/11/2022,6.5
28/11/2022,0
29/11/2022,8.7
30/11/2022,12.2
1/12/2022,0
2/12/2022,0
3/12/2022,1.4
4/12/2022,0
5/12/2022,0
6/12/2022,0.4
7/12/2022,2.5
8/12/2022,7
9/12/2022,0
10/12/2022,0
11/12/2022,0
12/12/2022,0
13/12/2022,0
14/12/2022,11.5
15/12/2022,13.7
16/12/2022,0
17/12/2022,0
18/12/2022,0
19/12/2022,0
20/12/2022,0.7
21/12/2022,2.6
22/12/2022,19
23/12/2022,0
24/12/2022,0
25/12/2022,0
26/12/2022,0
27/12/2022,0
28/12/2022,0
29/12/2022,0
30/12/2022,0
31/12/2022,8.5
1/01/2023,0
2/01/2023,0
3/01/2023,5.7
4/01/2023,11.6
5/01/2023,0
6/01/2023,0
7/01/2023,0
8/01/2023,1.7
9/01/2023,0
10/01/2023,0
11/01/2023,0
12/01/2023,4.3
13/01/2023,1.1
14/01/2023,0
15/01/2023,0
16/01/2023,0
17/01/2023,2.3
18/01/2023,0
19/01/2023,0
20/01/2023,0
21/01/2023,7.8
22/01/2023,30.8
23/01/2023,0
24/01/2023,0
25/01/2023,11
26/01/2023,0
27/01/2023,0
28/01/2023,0
29/01/2023,15.1
30/01/2023,0
31/01/2023,2.1
1/02/2023,3.3
2/02/2023,17.1
3/02/2023,0
4/02/2023,0
5/02/2023,0.6
6/02/2023,0
7/02/2023,0
8/02/2023,0
9/02/2023,1.6
10/02/2023,0
11/02/2023,28
12/02/2023,5.3
13/02/2023,0
14/02/2023,0
15/02/2023,0
16/02/2023,0
17/02/2023,4.3
18/02/2023,0
19/02/2023,0.4
20/02/2023,0
21/02/2023,0
22/02/2023,3.9
23/02/2023,4.6
24/02/2023,0
25/02/2023,0
26/02/2023,0
27/02/2023,1.9
28/02/2023,2.7
1/03/2023,0
2/03/2023,2.2
3/03/2023,4.7
4/03/2023,0
5/03/2023,0
6/03/2023,0
7/03/2023,0
8/03/2023,0
9/03/2023,3
10/03/2023,8.2
11/03/2023,5
12/03/2023,11.5
13/03/2023,0
14/03/2023,0
15/03/2023,0
16/03/2023,0
17/03/2023,8.5
18/03/2023,0
19/03/2023,0
20/03/2023,0
21/03/2023,0
22/03/2023,1
23/03/2023,0
24/03/2023,0
25/03/2023,1.3
26/03/2023,19.1
27/03/2023,0
28/03/2023,10.9
29/03/2023,0
30/03/2023,0
31/03/2023,0
1/04/2023,5.8
2/04/2023,0
3/04/2023,0.9
4/04/2023,0
5/04/2023,0
6/04/2023,1.3
7/04/2023,19.2
8/04/2023,52.6
9/04/2023,0
10/04/2023,0
11/04/2023,0
12/04/2023,0
13/04/2023,3.7
14/04/2023,19.9
15/04/2023,0
16/04/2023,1.9
17/04/2023,0
18/04/2023,0
19/04/2023,0
20/04/2023,0
21/04/2023,0
22/04/2023,35.8
23/04/2023,0
24/04/2023,0
25/04/2023,0
26/04/2023,9
27/04/2023,5.5
28/04/2023,1.5
29/04/2023,9.2
30/04/2023,18.3
1/05/2023,0
2/05/2023,0
3/05/2023,0
4/05/2023,0
5/05/2023,0
6/05/2023,0
7/05/2023,0
8/05/2023,0.3
9/05/2023,0
10/05/2023,0
11/05/2023,0
12/05/2023,0
13/05/2023,3.3
14/05/2023,0
15/05/2023,0
16/05/2023,4.5
17/05/2023,0
18/05/2023,5.2
19/05/2023,5.5
20/05/2023,12.3
21/05/2023,0
22/05/2023,0
23/05/2023,0
24/05/2023,0
25/05/2023,0
26/05/2023,1
27/05/2023,20.1
28/05/2023,8.9
29/05/2023,0.8
30/05/2023,12.1
31/05/2023,0
1/06/2023,0
2/06/2023,0
3/06/2023,0
4/06/2023,0
5/06/2023,0
6/06/2023,0
7/06/2023,2.5
8/06/2023,0
9/06/2023,0
10/06/2023,0
11/06/2023,1.1
12/06/2023,1
13/06/2023,0
14/06/2023,0
15/06/2023,0
16/06/2023,0
17/06/2023,0
18/06/2023,0
19/06/2023,5.6
20/06/2023,12.1
21/06/2023,5.2
22/06/2023,6.2
23/06/2023,0
24/06/2023,0.4
25/06/2023,0
26/06/2023,54.8
27/06/2023,0
28/06/2023,0
29/06/2023,0
30/06/2023,10.7
1/07/2023,45.3
2/07/2023,0
3/07/2023,0
4/07/2023,6
5/07/2023,17.5
6/07/2023,2
7/07/2023,0
8/07/2023,1.2
9/07/2023,27.5
10/07/2023,0.6
11/07/2023,1.2
12/07/2023,0.3
13/07/2023,0.7
14/07/2023,10.9
15/07/2023,10.2
16/07/2023,0
17/07/2023,0
18/07/2023,0.4
19/07/2023,1.9
20/07/2023,0
21/07/2023,0
22/07/2023,0
23/07/2023,11.9
24/07/2023,0
25/07/2023,0
26/07/2023,0
27/07/2023,0
28/07/2023,0
29/07/2023,0
30/07/2023,0
31/07/2023,7.7
1/08/2023,0
2/08/2023,0
3/08/2023,2.2
4/08/2023,1.6
5/08/2023,0
6/08/2023,1
7/08/2023,7
8/08/2023,0
9/08/2023,0
10/08/2023,4.6
11/08/2023,0
12/08/2023,0
13/08/2023,0
14/08/2023,6.2
15/08/2023,2.9
16/08/2023,1.1
17/08/2023,1.2
18/08/2023,0
19/08/2023,0
20/08/2023,0
21/08/2023,0
22/08/2023,0
23/08/2023,0
24/08/2023,0
25/08/2023,0
26/08/2023,0
27/08/2023,42.3
28/08/2023,2.7
29/08/2023,40.5
30/08/2023,44.4
31/08/2023,0
1/09/2023,0
2/09/2023,0
3/09/2023,0
4/09/2023,0
5/09/2023,0
6/09/2023,0
7/09/2023,0
8/09/2023,0
9/09/2023,37.7
10/09/2023,0
11/09/2023,0
12/09/2023,1.6
13/09/2023,0
14/09/2023,0
15/09/2023,0
16/09/2023,0
17/09/2023,6.4
18/09/2023,0
19/09/2023,0
20/09/2023,0
21/09/2023,0
22/09/2023,14.5
23/09/2023,1.3
24/09/2023,0
25/09/2023,0
26/09/2023,0
27/09/2023,0
28/09/2023,0
29/09/2023,0
30/09/2023,0
1/10/2023,0
2/10/2023,0
3/10/2023,0
4/10/2023,0
5/10/2023,0
6/10/2023,4.5
7/10/2023,0
8/10/2023,0
9/10/2023,0
10/10/2023,0
11/10/2023,6
12/10/2023,3.9
13/10/2023,4.7
14/10/2023,3.1
15/10/2023,0
16/10/2023,0
17/10/2023,0
18/10/2023,0
19/10/2023,0
20/10/2023,7
21/10/2023,0
22/10/2023,0
23/10/2023,0
24/10/2023,0
25/10/2023,0
26/10/2023,0
27/10/2023,0
28/10/2023,0
29/10/2023,0
30/10/2023,0
31/10/2023,0.9
1/11/2023,0
2/11/2023,0
3/11/2023,0
4/11/2023,0
5/11/2023,0
6/11/2023,0
7/11/2023,0
8/11/2023,0
9/11/2023,0
10/11/2023,1.7
11/11/2023,3.9
12/11/2023,0
13/11/2023,0
14/11/2023,0
15/11/2023,0
16/11/2023,0
17/11/2023,0
18/11/2023,0
19/11/2023,0
20/11/2023,0
21/11/2023,43.5
22/11/2023,5.4
23/11/2023,0
24/11/2023,0
25/11/2023,0
26/11/2023,1.9
27/11/2023,0
28/11/2023,0
29/11/2023,0
30/11/2023,0
1/12/2023,0
2/12/2023,0
3/12/2023,0
4/12/2023,0
5/12/2023,0
6/12/2023,0
7/12/2023,0
8/12/2023,0
9/12/2023,0
10/12/2023,24.1
11/12/2023,0
12/12/2023,0
13/12/2023,0
14/12/2023,0
15/12/2023,0
16/12/2023,2.9
17/12/2023,86.3
18/12/2023,0
19/12/2023,0
20/12/2023,0
21/12/2023,0
22/12/2023,0
23/12/2023,0
24/12/2023,0
25/12/2023,1.5
26/12/2023,37.4
27/12/2023,5.2
28/12/2023,0
29/12/2023,0
30/12/2023,0
31/12/2023,0
1/01/2024,0
2/01/2024,0
3/01/2024,0
4/01/2024,0
5/01/2024,7.4
6/01/2024,10.5
7/01/2024,0
8/01/2024,1.1
9/01/2024,42.2
10/01/2024,0
11/01/2024,0
12/01/2024,31.8
13/01/2024,0
14/01/2024,0
15/01/2024,0
16/01/2024,2.5
17/01/2024,0
18/01/2024,0
19/01/2024,0
20/01/2024,0
21/01/2024,0
22/01/2024,0
23/01/2024,0
24/01/2024,1.1
25/01/2024,2.9
26/01/2024,0.4
27/01/2024,0.8
28/01/2024,0
29/01/2024,0
30/01/2024,2.5
31/01/2024,1.7
1/02/2024,0
2/02/2024,0
3/02/2024,0
4/02/2024,0
5/02/2024,0
6/02/2024,0
7/02/2024,0
8/02/2024,0
9/02/2024,0
10/02/2024,0
11/02/2024,6.1
12/02/2024,8.8
13/02/2024,0
14/02/2024,0
15/02/2024,0
16/02/2024,0
17/02/2024,0
18/02/2024,0
19/02/2024,0
20/02/2024,0
21/02/2024,0
22/02/2024,4.6
23/02/2024,5.5
24/02/2024,0
25/02/2024,0
26/02/2024,0
27/02/2024,2.3
28/02/2024,3.3
29/02/2024,0
1/03/2024,25.1
2/03/2024,0
3/03/2024,0
4/03/2024,0
5/03/2024,0
6/03/2024,10.7
7/03/2024,0
8/03/2024,4.7
9/03/2024,14.2
10/03/2024,0
11/03/2024,0
12/03/2024,0
13/03/2024,0
14/03/2024,0
15/03/2024,0.9
16/03/2024,0
17/03/2024,0
18/03/2024,0
19/03/2024,0
20/03/2024,0
21/03/2024,0
22/03/2024,9.3
23/03/2024,1
24/03/2024,0
25/03/2024,0
26/03/2024,0.8
27/03/2024,53
28/03/2024,0.9
29/03/2024,0
30/03/2024,0
31/03/2024,0
1/04/2024,0
2/04/2024,11.5
3/04/2024,11.2
4/04/2024,0
5/04/2024,0
6/04/2024,0
7/04/2024,0
8/04/2024,0
9/04/2024,0.6
10/04/2024,0
11/04/2024,3.1
12/04/2024,2.4
13/04/2024,0
14/04/2024,0
15/04/2024,0
16/04/2024,1
17/04/2024,0
18/04/2024,0
19/04/2024,1
20/04/2024,2.1
21/04/2024,9
22/04/2024,0
23/04/2024,0
24/04/2024,0
25/04/2024,0
26/04/2024,0
27/04/2024,0
28/04/2024,0
29/04/2024,0
30/04/2024,0
1/05/2024,0
2/05/2024,0
3/05/2024,0
4/05/2024,9.6
5/05/2024,15.5
6/05/2024,0.3
7/05/2024,0
8/05/2024,10.6
9/05/2024,0.3
10/05/2024,8.8
11/05/2024,0.5
12/05/2024,0
13/05/2024,0.8
14/05/2024,42.1
15/05/2024,12.7
16/05/2024,0
17/05/2024,0.6
18/05/2024,12.1
19/05/2024,0
20/05/2024,0
21/05/2024,0
22/05/2024,0
23/05/2024,8.3
24/05/2024,0
25/05/2024,6.9
26/05/2024,10.8
27/05/2024,0.4
28/05/2024,0
29/05/2024,0
30/05/2024,0
31/05/2024,0
1/06/2024,0
2/06/2024,2.7
3/06/2024,5.2
4/06/2024,0
5/06/2024,0
6/06/2024,2.9
7/06/2024,0
8/06/2024,0
9/06/2024,9.7
10/06/2024,0
11/06/2024,0
12/06/2024,0
13/06/2024,0
14/06/2024,0
15/06/2024,0
16/06/2024,0
17/06/2024,0
18/06/2024,0
19/06/2024,0
20/06/2024,0
21/06/2024,0
22/06/2024,0
23/06/2024,0
24/06/2024,0
25/06/2024,2.9
26/06/2024,0
27/06/2024,0
28/06/2024,0
29/06/2024,0
30/06/2024,64.9
1/07/2024,0.3
2/07/2024,0
3/07/2024,0
4/07/2024,0
5/07/2024,1.2
6/07/2024,12.1
7/07/2024,1.6
8/07/2024,0.4
9/07/2024,0
10/07/2024,5.1
11/07/2024,0
12/07/2024,7.9
13/07/2024,0
14/07/2024,5.1
15/07/2024,6.3
16/07/2024,0
17/07/2024,0.5
18/07/2024,14.4
19/07/2024,11
20/07/2024,6.2
21/07/2024,35.4
22/07/2024,1.5
23/07/2024,59
24/07/2024,5.2
25/07/2024,29.5
26/07/2024,2
27/07/2024,0
28/07/2024,0
29/07/2024,14.2
30/07/2024,0
31/07/2024,0
1/08/2024,0
2/08/2024,0.5
3/08/2024,13.3
4/08/2024,27.2
5/08/2024,3.5
6/08/2024,31.4
7/08/2024,133.6
8/08/2024,15.9
9/08/2024,1.2
10/08/2024,24.1
11/08/2024,28.6
12/08/2024,1.8
13/08/2024,1.5
14/08/2024,0
15/08/2024,0
16/08/2024,0
17/08/2024,0
18/08/2024,7.1
19/08/2024,0
20/08/2024,0
21/08/2024,0
22/08/2024,0
23/08/2024,0
24/08/2024,0
25/08/2024,0
26/08/2024,0
27/08/2024,0
28/08/2024,0
29/08/2024,1.5
30/08/2024,35.5
31/08/2024,0
1/09/2024,28.3
2/09/2024,11.5
3/09/2024,0
4/09/2024,0
5/09/2024,0
6/09/2024,1.5
7/09/2024,0
8/09/2024,0
9/09/2024,0
10/09/2024,0
11/09/2024,0
12/09/2024,10.3
13/09/2024,27.7
14/09/2024,0
15/09/2024,0.8
16/09/2024,70.1
17/09/2024,0
18/09/2024,1
19/09/2024,2.6
20/09/2024,0
21/09/2024,2.1
22/09/2024,0
23/09/2024,0.9
24/09/2024,0.6
25/09/2024,0.9
26/09/2024,6.8
27/09/2024,48.1
28/09/2024,0
29/09/2024,1.6
30/09/2024,16.6
1/10/2024,0.5
2/10/2024,0
3/10/2024,0
4/10/2024,0
5/10/2024,0
6/10/2024,0
7/10/2024,0
8/10/2024,0
9/10/2024,0
10/10/2024,0
11/10/2024,0
12/10/2024,0
13/10/2024,0
14/10/2024,0
15/10/2024,0.5
16/10/2024,0
17/10/2024,0
18/10/2024,0
19/10/2024,0
20/10/2024,0
21/10/2024,0
22/10/2024,0
23/10/2024,0
24/10/2024,0
25/10/2024,0
26/10/2024,0.7
27/10/2024,0
28/10/2024,0
29/10/2024,0
30/10/2024,0
31/10/2024,0
1/11/2024,0
2/11/2024,0
3/11/2024,0
4/11/2024,0
5/11/2024,0
6/11/2024,5.6
7/11/2024,0.9
8/11/2024,1.2
9/11/2024,0
10/11/2024,5
11/11/2024,0
12/11/2024,0
13/11/2024,0
14/11/2024,29.3
15/11/2024,0
16/11/2024,0
17/11/2024,0
18/11/2024,0
19/11/2024,1.8
20/11/2024,19
21/11/2024,0
22/11/2024,0
23/11/2024,0
24/11/2024,0
25/11/2024,0
26/11/2024,2.7
27/11/2024,0.3
28/11/2024,0.9
29/11/2024,0
30/11/2024,0
1/12/2024,0
2/12/2024,0
3/12/2024,0
4/12/2024,0
5/12/2024,0
6/12/2024,0
7/12/2024,0
8/12/2024,5
9/12/2024,7.5
10/12/2024,4.2
11/12/2024,18.4
12/12/2024,0
13/12/2024,0
14/12/2024,0
15/12/2024,0
16/12/2024,0
17/12/2024,0
18/12/2024,0
19/12/2024,0
20/12/2024,1
21/12/2024,0
22/12/2024,0
23/12/2024,0
24/12/2024,0
25/12/2024,0
26/12/2024,0.5
27/12/2024,4
28/12/2024,3.6
29/12/2024,13.5
30/12/2024,0
31/12/2024,0
1/01/2025,0
2/01/2025,0
3/01/2025,0
4/01/2025,0
5/01/2025,2.7
6/01/2025,3.9
7/01/2025,0
8/01/2025,0
9/01/2025,0
10/01/2025,9.9
11/01/2025,0
12/01/2025,0
13/01/2025,0
14/01/2025,0
15/01/2025,0
16/01/2025,0
17/01/2025,0
18/01/2025,2.3
19/01/2025,1.2
20/01/2025,0
21/01/2025,1.7
22/01/2025,0
23/01/2025,0
24/01/2025,0
25/01/2025,0
26/01/2025,3.1
27/01/2025,7.9
28/01/2025,0
29/01/2025,0
30/01/2025,0
31/01/2025,7.7
1/02/2025,0
2/02/2025,0
3/02/2025,0
4/02/2025,0
5/02/2025,1.3
6/02/2025,0.7
7/02/2025,0.4
8/02/2025,0
9/02/2025,4.6
10/02/2025,0
11/02/2025,22.1
12/02/2025,12.4
13/02/2025,7.6
14/02/2025,0
15/02/2025,3.3
16/02/2025,7.2
17/02/2025,0
18/02/2025,0
19/02/2025,7.4
20/02/2025,0
21/02/2025,0
22/02/2025,0
23/02/2025,0
24/02/2025,0
25/02/2025,0
26/02/2025,0
27/02/2025,0
28/02/2025,0
1/03/2025,0
2/03/2025,0
3/03/2025,0
4/03/2025,0
5/03/2025,37.4
6/03/2025,0
7/03/2025,0
8/03/2025,0
9/03/2025,0
10/03/2025,0
11/03/2025,0
12/03/2025,0
13/03/2025,0
14/03/2025,0
15/03/2025,0
16/03/2025,44
17/03/2025,0.6
18/03/2025,0
19/03/2025,0
20/03/2025,6.9
21/03/2025,0
22/03/2025,0
23/03/2025,0
24/03/2025,2.5
25/03/2025,0
26/03/2025,0
27/03/2025,0
28/03/2025,0
29/03/2025,0
30/03/2025,0.7
31/03/2025,3.2
1/04/2025,0
2/04/2025,0
3/04/2025,0
4/04/2025,0
5/04/2025,0
6/04/2025,0.7
7/04/2025,29.2
8/04/2025,0
9/04/2025,0
10/04/2025,20.5
11/04/2025,2.9
12/04/2025,0
13/04/2025,0
14/04/2025,0
15/04/2025,0
16/04/2025,0
17/04/2025,0
18/04/2025,0
19/04/2025,0
20/04/2025,0
21/04/2025,0
22/04/2025,4.3
23/04/2025,3.3
24/04/2025,0
25/04/2025,0
26/04/2025,0
27/04/2025,0
28/04/2025,0
29/04/2025,0
30/04/2025,0
1/05/2025,0
2/05/2025,11.8
3/05/2025,13.7
4/05/2025,2
5/05/2025,0.8
6/05/2025,0
7/05/2025,2.6
8/05/2025,13.6
9/05/2025,0
10/05/2025,2.1
11/05/2025,29.1
12/05/2025,48.9
13/05/2025,6.5
14/05/2025,8.4
15/05/2025,0
16/05/2025,0
17/05/2025,0
18/05/2025,0
19/05/2025,0
20/05/2025,1.9
21/05/2025,0.3
22/05/2025,0
23/05/2025,0
24/05/2025,0
25/05/2025,0.4
26/05/2025,0.9
27/05/2025,35.7
28/05/2025,1
29/05/2025,21.3
30/05/2025,3
31/05/2025,1.1
1/06/2025,10.7
2/06/2025,0
3/06/2025,0
4/06/2025,0
5/06/2025,18.4
6/06/2025,1.1
7/06/2025,2.5
8/06/2025,0.4
9/06/2025,6.3
10/06/2025,0
11/06/2025,1.8
12/06/2025,3.5
13/06/2025,24.4
14/06/2025,0
15/06/2025,0.9
16/06/2025,9.6
17/06/2025,0
18/06/2025,0
19/06/2025,0
20/06/2025,0
21/06/2025,0
22/06/2025,0
23/06/2025,0
24/06/2025,0
25/06/2025,11
26/06/2025,0
27/06/2025,12.7
28/06/2025,0.8
29/06/2025,3.2
30/06/2025,0
1/07/2025,9.3
2/07/2025,3.9
3/07/2025,0
4/07/2025,0
5/07/2025,7.2
6/07/2025,74.9
7/07/2025,0
8/07/2025,0
9/07/2025,0.7
10/07/2025,18.5
11/07/2025,0
12/07/2025,1.5
13/07/2025,0.7
14/07/2025,9.3
15/07/2025,1.7
16/07/2025,11.5
17/07/2025,0
18/07/2025,3.9
19/07/2025,1.4
20/07/2025,0
21/07/2025,0
22/07/2025,0
23/07/2025,0
24/07/2025,0
25/07/2025,0.5
26/07/2025,0
27/07/2025,11.1
28/07/2025,0
29/07/2025,0
30/07/2025,3.7
31/07/2025,5
1/08/2025,12.6
2/08/2025,0.5
3/08/2025,0
4/08/2025,0
5/08/2025,4.4
6/08/2025,4.4
7/08/2025,4.1
8/08/2025,0
9/08/2025,0
10/08/2025,1.5
11/08/2025,11.7
12/08/2025,40.8
13/08/2025,34.3
14/08/2025,0.9
15/08/2025,0
16/08/2025,0
17/08/2025,0
18/08/2025,0
19/08/2025,0
20/08/2025,0
21/08/2025,0
22/08/2025,0
23/08/2025,0
24/08/2025,0
25/08/2025,0
26/08/2025,0
27/08/2025,0
28/08/2025,0
29/08/2025,0
30/08/2025,6.2
31/08/2025,0
1/09/2025,0
2/09/2025,0
3/09/2025,0
4/09/2025,0
5/09/2025,0
6/09/2025,42.5
7/09/2025,0
8/09/2025,0
9/09/2025,0
10/09/2025,4.4
11/09/2025,0
12/09/2025,0
13/09/2025,0
14/09/2025,0
15/09/2025,0
16/09/2025,0
17/09/2025,0
18/09/2025,0
19/09/2025,0
20/09/2025,0
21/09/2025,0
22/09/2025,0
23/09/2025,0
24/09/2025,0
25/09/2025,0
26/09/2025,14.5
27/09/2025,0.8
28/09/2025,0.9
29/09/2025,23.2
30/09/2025,3
1/10/2025,0
2/10/2025,0
3/10/2025,0
4/10/2025,0
5/10/2025,0
6/10/2025,0
7/10/2025,0
8/10/2025,0.4
9/10/2025,0
10/10/2025,0
11/10/2025,15.7
12/10/2025,3.4
13/10/2025,0
14/10/2025,0
15/10/2025,0
16/10/2025,0
17/10/2025,0
18/10/2025,0
19/10/2025,0
20/10/2025,0
21/10/2025,0
22/10/2025,0
23/10/2025,0
24/10/2025,0
25/10/2025,0
26/10/2025,3.6
27/10/2025,34.4
28/10/2025,14.9
29/10/2025,2.6
30/10/2025,0
31/10/2025,0
1/11/2025,0
2/11/2025,23.1
3/11/2025,0
4/11/2025,0
5/11/2025,0
6/11/2025,0
7/11/2025,1.9
8/11/2025,0
9/11/2025,0
10/11/2025,0
11/11/2025,0
12/11/2025,0
13/11/2025,0
14/11/2025,0
15/11/2025,0
16/11/2025,0
17/11/2025,0
18/11/2025,0
19/11/2025,0
20/11/2025,1
21/11/2025,1.1
22/11/2025,0
23/11/2025,0
24/11/2025,0
25/11/2025,0
26/11/2025,0
27/11/2025,0
28/11/2025,0
29/11/2025,0
30/11/2025,1.1
1/12/2025,16.1
2/12/2025,7.6
3/12/2025,0
4/12/2025,2.7
5/12/2025,5.9
6/12/2025,0
7/12/2025,0
8/12/2025,0.4
9/12/2025,0
10/12/2025,0
11/12/2025,0
12/12/2025,0
13/12/2025,0.7
14/12/2025,3.9
15/12/2025,0
16/12/2025,0
17/12/2025,0
18/12/2025,15.2
19/12/2025,0
20/12/2025,0
21/12/2025,0
22/12/2025,0
23/12/2025,0
24/12/2025,0
25/12/2025,0
26/12/2025,0
27/12/2025,0
28/12/2025,0
29/12/2025,0.4
30/12/2025,0
31/12/2025,0
1/01/2026,0
2/01/2026,0
3/01/2026,0.8
4/01/2026,0
5/01/2026,0
6/01/2026,0
7/01/2026,0
8/01/2026,0
9/01/2026,0
10/01/2026,0
11/01/2026,0
12/01/2026,0
13/01/2026,0
14/01/2026,0
15/01/2026,0
16/01/2026,0
17/01/2026,2.3
18/01/2026,19.7
19/01/2026,0
20/01/2026,0
21/01/2026,0
22/01/2026,0.6
23/01/2026,0
24/01/2026,1.8
25/01/2026,11.3
26/01/2026,0
27/01/2026,0
28/01/2026,0
29/01/2026,0
30/01/2026,0
31/01/2026,7.6
1/02/2026,0
2/02/2026,0
3/02/2026,0
4/02/2026,11.2
5/02/2026,0
6/02/2026,0
7/02/2026,0
8/02/2026,0
9/02/2026,0
10/02/2026,0
11/02/2026,0.5
12/02/2026,0
13/02/2026,0
14/02/2026,1.7
15/02/2026,27.6
16/02/2026,0
17/02/2026,0
18/02/2026,0
19/02/2026,0
20/02/2026,5.3
21/02/2026,9.5
22/02/2026,2
23/02/2026,0
24/02/2026,0
25/02/2026,2.5
26/02/2026,6.5
27/02/2026,4.5
28/02/2026,0
1/03/2026,0
2/03/2026,0
3/03/2026,0
4/03/2026,0
5/03/2026,0
6/03/2026,0
7/03/2026,0
8/03/2026,0
9/03/2026,0
10/03/2026,0
11/03/2026,0
12/03/2026,13
13/03/2026,0
14/03/2026,0
15/03/2026,9
16/03/2026,9.7
17/03/2026,0
18/03/2026,0
19/03/2026,0
20/03/2026,0
