,"(deg C) Mean Temperature (gridMET) at -79.1991E,35.1464N, 2015-01-01 to 2026-03-20"
1/01/2015,4.2964
2/01/2015,8.7213
3/01/2015,13.241
4/01/2015,13.4112
5/01/2015,5.1814
6/01/2015,5.7811
7/01/2015,-2.929
8/01/2015,-6.8484
9/01/2015,1.8412
10/01/2015,-1.4339
11/01/2015,0.8762
12/01/2015,7.4559
13/01/2015,2.4616
14/01/2015,0.1063
15/01/2015,1.8163
16/01/2015,5.2606
17/01/2015,5.5861
18/01/2015,7.5859
19/01/2015,8.3911
20/01/2015,10.7861
21/01/2015,7.6107
22/01/2015,7.236
23/01/2015,4.3761
24/01/2015,3.9415
25/01/2015,5.9008
26/01/2015,5.8312
27/01/2015,1.9267
28/01/2015,1.2812
29/01/2015,2.2466
30/01/2015,2.4706
31/01/2015,3.1496
1/02/2015,9.0245
2/02/2015,5.729
3/02/2015,1.5639
4/02/2015,5.0945
5/02/2015,2.2396
6/02/2015,-0.4901
7/02/2015,6.8946
8/02/2015,14.1098
9/02/2015,11.7043
10/02/2015,3.4695
11/02/2015,5.324
12/02/2015,5.3241
13/02/2015,-1.6105
14/02/2015,2.5144
15/02/2015,-3.7302
16/02/2015,-2.6207
17/02/2015,-1.7955
18/02/2015,-1.9205
19/02/2015,-8.1608
20/02/2015,-6.8256
21/02/2015,3.29
22/02/2015,10.6791
23/02/2015,1.9244
24/02/2015,-3.0358
25/02/2015,1.7344
26/02/2015,-0.0153
27/02/2015,3.6148
28/02/2015,2.1162
1/03/2015,2.0859
2/03/2015,11.2564
3/03/2015,4.3413
4/03/2015,16.5359
5/03/2015,10.3058
6/03/2015,-0.1438
7/03/2015,5.7808
8/03/2015,12.7462
9/03/2015,14.0064
10/03/2015,18.4811
11/03/2015,19.9263
12/03/2015,13.4159
13/03/2015,10.9713
14/03/2015,14.191
15/03/2015,14.1265
16/03/2015,16.5115
17/03/2015,18.391
18/03/2015,11.8865
19/03/2015,8.0713
20/03/2015,9.9116
21/03/2015,13.1363
22/03/2015,14.5658
23/03/2015,9.5409
24/03/2015,13.2214
25/03/2015,15.6865
26/03/2015,19.7359
27/03/2015,9.0867
28/03/2015,2.8959
29/03/2015,5.3411
30/03/2015,10.8616
31/03/2015,15.3877
1/04/2015,12.233
2/04/2015,15.7626
3/04/2015,22.6225
4/04/2015,10.9973
5/04/2015,13.6924
6/04/2015,18.8677
7/04/2015,19.6076
8/04/2015,23.123
9/04/2015,23.7176
10/04/2015,23.7328
11/04/2015,17.3878
12/04/2015,17.1774
13/04/2015,19.7923
14/04/2015,20.3724
15/04/2015,12.8277
16/04/2015,13.8926
17/04/2015,20.0675
18/04/2015,21.8026
19/04/2015,19.9576
20/04/2015,20.0876
21/04/2015,15.2876
22/04/2015,19.1374
23/04/2015,13.9624
24/04/2015,15.6475
25/04/2015,12.9424
26/04/2015,9.2823
27/04/2015,13.193
28/04/2015,14.053
29/04/2015,14.768
30/04/2015,16.8981
1/05/2015,12.1284
2/05/2015,15.7285
3/05/2015,19.0485
4/05/2015,19.7389
5/05/2015,19.5832
6/05/2015,20.6338
7/05/2015,21.4887
8/05/2015,22.4586
9/05/2015,23.5833
10/05/2015,21.8041
11/05/2015,25.9834
12/05/2015,25.4234
13/05/2015,20.8688
14/05/2015,18.6387
15/05/2015,20.0132
16/05/2015,22.7633
17/05/2015,24.979
18/05/2015,26.1784
19/05/2015,24.4737
20/05/2015,25.9781
21/05/2015,21.2185
22/05/2015,16.6439
23/05/2015,19.6331
24/05/2015,20.8634
25/05/2015,23.0086
26/05/2015,25.7332
27/05/2015,24.8488
28/05/2015,23.8534
29/05/2015,24.5084
30/05/2015,24.3486
31/05/2015,26.1569
1/06/2015,26.0316
2/06/2015,23.3318
3/06/2015,19.952
4/06/2015,19.832
5/06/2015,22.0318
6/06/2015,24.9415
7/06/2015,23.7123
8/06/2015,25.5767
9/06/2015,25.3421
10/06/2015,26.0565
11/06/2015,27.512
12/06/2015,27.7124
13/06/2015,28.852
14/06/2015,29.4272
15/06/2015,30.3015
16/06/2015,30.9669
17/06/2015,29.6023
18/06/2015,29.2215
19/06/2015,28.2917
20/06/2015,29.5222
21/06/2015,28.8924
22/06/2015,30.2871
23/06/2015,30.3615
24/06/2015,29.6518
25/06/2015,29.3821
26/06/2015,28.4868
27/06/2015,25.8166
28/06/2015,23.6215
29/06/2015,25.1422
30/06/2015,27.0654
1/07/2015,26.0399
2/07/2015,26.335
3/07/2015,24.1453
4/07/2015,26.5153
5/07/2015,27.1008
6/07/2015,26.7299
7/07/2015,27.9701
8/07/2015,28.4154
9/07/2015,30.0104
10/07/2015,29.1256
11/07/2015,27.1849
12/07/2015,27.0248
13/07/2015,26.8909
14/07/2015,27.8205
15/07/2015,26.8003
16/07/2015,26.3652
17/07/2015,27.7857
18/07/2015,28.2102
19/07/2015,29.025
20/07/2015,29.5754
21/07/2015,29.4504
22/07/2015,28.4904
23/07/2015,27.1003
24/07/2015,24.4354
25/07/2015,24.9501
26/07/2015,26.7758
27/07/2015,27.9098
28/07/2015,27.9402
29/07/2015,28.5052
30/07/2015,29.9706
31/07/2015,27.2528
1/08/2015,27.248
2/08/2015,28.1086
3/08/2015,28.4683
4/08/2015,28.6231
5/08/2015,29.7336
6/08/2015,28.0632
7/08/2015,24.3183
8/08/2015,24.2535
9/08/2015,25.7978
10/08/2015,26.6582
11/08/2015,25.0779
12/08/2015,24.1031
13/08/2015,24.7534
14/08/2015,25.1379
15/08/2015,25.9633
16/08/2015,26.8781
17/08/2015,28.1732
18/08/2015,25.6533
19/08/2015,27.5828
20/08/2015,27.1382
21/08/2015,25.9187
22/08/2015,24.6132
23/08/2015,26.5585
24/08/2015,26.7933
25/08/2015,26.223
26/08/2015,24.5678
27/08/2015,22.4786
28/08/2015,22.3827
29/08/2015,23.0885
30/08/2015,23.7528
31/08/2015,22.8684
1/09/2015,26.2833
2/09/2015,27.658
3/09/2015,26.653
4/09/2015,27.1782
5/09/2015,25.2783
6/09/2015,23.8535
7/09/2015,25.1138
8/09/2015,26.193
9/09/2015,27.2632
10/09/2015,26.988
11/09/2015,24.8685
12/09/2015,21.2536
13/09/2015,17.3879
14/09/2015,17.7033
15/09/2015,19.5285
16/09/2015,20.7036
17/09/2015,21.5036
18/09/2015,23.1782
19/09/2015,23.9683
20/09/2015,25.7385
21/09/2015,23.3234
22/09/2015,23.2581
23/09/2015,21.2584
24/09/2015,20.0436
25/09/2015,20.6031
26/09/2015,19.5432
27/09/2015,21.3181
28/09/2015,24.3735
29/09/2015,26.0032
30/09/2015,24.0905
1/10/2015,16.6003
2/10/2015,14.0205
3/10/2015,16.8953
4/10/2015,17.7754
5/10/2015,14.1352
6/10/2015,17.0207
7/10/2015,19.9108
8/10/2015,21.3256
9/10/2015,21.9756
10/10/2015,15.6655
11/10/2015,16.8906
12/10/2015,19.5408
13/10/2015,19.1502
14/10/2015,17.1607
15/10/2015,16.6507
16/10/2015,15.5054
17/10/2015,11.5207
18/10/2015,7.7958
19/10/2015,8.3256
20/10/2015,11.5957
21/10/2015,14.8909
22/10/2015,17.5704
23/10/2015,19.2504
24/10/2015,16.7956
25/10/2015,18.8755
26/10/2015,13.4357
27/10/2015,15.6257
28/10/2015,20.4008
29/10/2015,17.5459
30/10/2015,13.7302
31/10/2015,13.6556
1/11/2015,16.3061
2/11/2015,17.4511
3/11/2015,16.3103
4/11/2015,17.5655
5/11/2015,20.2862
6/11/2015,21.616
7/11/2015,18.4954
8/11/2015,11.3906
9/11/2015,11.8606
10/11/2015,14.1358
11/11/2015,13.9507
12/11/2015,16.1509
13/11/2015,10.8956
14/11/2015,7.8511
15/11/2015,9.2209
16/11/2015,9.8311
17/11/2015,11.9852
18/11/2015,18.0754
19/11/2015,16.2557
20/11/2015,9.6258
21/11/2015,9.2155
22/11/2015,5.0502
23/11/2015,3.271
24/11/2015,6.3506
25/11/2015,7.6557
26/11/2015,13.4607
27/11/2015,14.4312
28/11/2015,14.8909
29/11/2015,17.2159
30/11/2015,10.8486
1/12/2015,10.5589
2/12/2015,13.6187
3/12/2015,6.3434
4/12/2015,5.8388
5/12/2015,7.0187
6/12/2015,8.9435
7/12/2015,7.9089
8/12/2015,8.0134
9/12/2015,10.5789
10/12/2015,12.5885
11/12/2015,15.4741
12/12/2015,16.9235
13/12/2015,16.0637
14/12/2015,17.7587
15/12/2015,14.834
16/12/2015,13.4883
17/12/2015,16.1139
18/12/2015,6.699
19/12/2015,3.1038
20/12/2015,4.7838
21/12/2015,10.4233
22/12/2015,16.8736
23/12/2015,20.2384
24/12/2015,22.4983
25/12/2015,20.8888
26/12/2015,19.1439
27/12/2015,21.1438
28/12/2015,17.7237
29/12/2015,21.3387
30/12/2015,19.8536
31/12/2015,6.7726
1/01/2016,6.75
2/01/2016,5.35
3/01/2016,4.65
4/01/2016,1.4
5/01/2016,-1.45
6/01/2016,1.7
7/01/2016,5.85
8/01/2016,7.25
9/01/2016,11.1
10/01/2016,7.1
11/01/2016,2.75
12/01/2016,5
13/01/2016,2.5
14/01/2016,6.9
15/01/2016,5.95
16/01/2016,10.05
17/01/2016,1
18/01/2016,-2
19/01/2016,-3.6
20/01/2016,-0.3
21/01/2016,2.65
22/01/2016,-1.8
23/01/2016,-1.95
24/01/2016,1.95
25/01/2016,5.2
26/01/2016,9.15
27/01/2016,7.8
28/01/2016,4.15
29/01/2016,6
30/01/2016,6.4
31/01/2016,11.95
1/02/2016,15.55
2/02/2016,13.9
3/02/2016,17.6
4/02/2016,10.2
5/02/2016,3.35
6/02/2016,4.3
7/02/2016,2.6
8/02/2016,6.4
9/02/2016,1.5
10/02/2016,-1.45
11/02/2016,0.55
12/02/2016,-1.6
13/02/2016,-2
14/02/2016,-3.95
15/02/2016,5.8
16/02/2016,9.45
17/02/2016,7.85
18/02/2016,4.8
19/02/2016,5.8
20/02/2016,13
21/02/2016,15
22/02/2016,12.1
23/02/2016,9.5
24/02/2016,14.6
25/02/2016,6.65
26/02/2016,3.65
27/02/2016,4.55
28/02/2016,10.15
29/02/2016,14.45
1/03/2016,14.75
2/03/2016,5.8
3/03/2016,5.95
4/03/2016,6.6
5/03/2016,8.1
6/03/2016,8.1
7/03/2016,11.55
8/03/2016,17
9/03/2016,18.4
10/03/2016,20.65
11/03/2016,20.8
12/03/2016,20.8
13/03/2016,21.7
14/03/2016,20.55
15/03/2016,20.5
16/03/2016,20.2
17/03/2016,18.85
18/03/2016,16.5
19/03/2016,13.05
20/03/2016,4.95
21/03/2016,7.8
22/03/2016,12.75
23/03/2016,17.4
24/03/2016,19.9
25/03/2016,19.35
26/03/2016,16.3
27/03/2016,15.6
28/03/2016,15.95
29/03/2016,11.55
30/03/2016,14.45
31/03/2016,20.1
1/04/2016,20.4
2/04/2016,15.35
3/04/2016,12.2
4/04/2016,17
5/04/2016,5.7
6/04/2016,9.75
7/04/2016,15.75
8/04/2016,11.4
9/04/2016,6.45
10/04/2016,9.4
11/04/2016,16.7
12/04/2016,13.25
13/04/2016,11.9
14/04/2016,12.95
15/04/2016,11.85
16/04/2016,12.05
17/04/2016,13.35
18/04/2016,20.85
19/04/2016,22.45
20/04/2016,18.95
21/04/2016,20.85
22/04/2016,19.8
23/04/2016,18.85
24/04/2016,17.55
25/04/2016,20.45
26/04/2016,22.75
27/04/2016,24
28/04/2016,24
29/04/2016,22.5
30/04/2016,18.9
1/05/2016,20.8
2/05/2016,23.25
3/05/2016,20.85
4/05/2016,17.3
5/05/2016,12.15
6/05/2016,14.75
7/05/2016,20.5
8/05/2016,22.9
9/05/2016,24.1
10/05/2016,22.45
11/05/2016,23.65
12/05/2016,24.05
13/05/2016,19.85
14/05/2016,19.2
15/05/2016,13.5
16/05/2016,18.3
17/05/2016,20.35
18/05/2016,16.5
19/05/2016,15.45
20/05/2016,18
21/05/2016,20.85
22/05/2016,16.7
23/05/2016,15.15
24/05/2016,21.35
25/05/2016,24.4
26/05/2016,24.85
27/05/2016,21.85
28/05/2016,25.05
29/05/2016,22.2
30/05/2016,23.85
31/05/2016,24.8
1/06/2016,25.35
2/06/2016,25.55
3/06/2016,26.65
4/06/2016,28
5/06/2016,26.35
6/06/2016,23.2
7/06/2016,23.5
8/06/2016,20.85
9/06/2016,22.25
10/06/2016,25
11/06/2016,28.35
12/06/2016,27.85
13/06/2016,24.65
14/06/2016,26.8
15/06/2016,27.15
16/06/2016,28.1
17/06/2016,24.2
18/06/2016,21.5
19/06/2016,22.15
20/06/2016,25.4
21/06/2016,27.6
22/06/2016,29.2
23/06/2016,27.85
24/06/2016,26.3
25/06/2016,24.95
26/06/2016,24.65
27/06/2016,27.3
28/06/2016,22.4
29/06/2016,26.6
30/06/2016,26.35
1/07/2016,27.3
2/07/2016,27.55
3/07/2016,26.45
4/07/2016,27.15
5/07/2016,29.2
6/07/2016,27.9
7/07/2016,28.25
8/07/2016,28.05
9/07/2016,28
10/07/2016,27.8
11/07/2016,26.95
12/07/2016,27.6
13/07/2016,29.5
14/07/2016,30.15
15/07/2016,28.3
16/07/2016,25.55
17/07/2016,26.9
18/07/2016,28.75
19/07/2016,27.3
20/07/2016,26.4
21/07/2016,27.5
22/07/2016,27.85
23/07/2016,28.45
24/07/2016,29.85
25/07/2016,29.75
26/07/2016,30.65
27/07/2016,30.9
28/07/2016,30.7
29/07/2016,28.85
30/07/2016,29.2
31/07/2016,29.15
1/08/2016,27.6
2/08/2016,26.95
3/08/2016,25.7
4/08/2016,26.15
5/08/2016,27.1
6/08/2016,28.75
7/08/2016,27.05
8/08/2016,27.6
9/08/2016,27.35
10/08/2016,27.45
11/08/2016,28.1
12/08/2016,28.95
13/08/2016,29.3
14/08/2016,29.4
15/08/2016,29.5
16/08/2016,29.4
17/08/2016,29.35
18/08/2016,28.35
19/08/2016,28.1
20/08/2016,27.55
21/08/2016,28.05
22/08/2016,24.8
23/08/2016,25.05
24/08/2016,24.15
25/08/2016,27.6
26/08/2016,29
27/08/2016,28.55
28/08/2016,26.8
29/08/2016,26.25
30/08/2016,27
31/08/2016,26.55
1/09/2016,28
2/09/2016,19.9
3/09/2016,21.55
4/09/2016,21.35
5/09/2016,22.45
6/09/2016,25.85
7/09/2016,27.4
8/09/2016,27.7
9/09/2016,27.55
10/09/2016,27.05
11/09/2016,27.05
12/09/2016,25
13/09/2016,24.25
14/09/2016,25.1
15/09/2016,25.7
16/09/2016,23.8
17/09/2016,24.85
18/09/2016,25.9
19/09/2016,24
20/09/2016,22.6
21/09/2016,21.9
22/09/2016,23.6
23/09/2016,22.65
24/09/2016,25.4
25/09/2016,23
26/09/2016,22.9
27/09/2016,23.8
28/09/2016,23.55
29/09/2016,21.85
30/09/2016,22.5
1/10/2016,22
2/10/2016,21.55
3/10/2016,21.9
4/10/2016,20.05
5/10/2016,18.65
6/10/2016,19.2
7/10/2016,22.85
8/10/2016,16.75
9/10/2016,15.25
10/10/2016,13.5
11/10/2016,14.45
12/10/2016,17.1
13/10/2016,19.25
14/10/2016,16.9
15/10/2016,16.45
16/10/2016,19.1
17/10/2016,21.65
18/10/2016,22.75
19/10/2016,23.2
20/10/2016,22.65
21/10/2016,17.35
22/10/2016,10.75
23/10/2016,14.25
24/10/2016,17.65
25/10/2016,11.9
26/10/2016,13.5
27/10/2016,17.65
28/10/2016,16.95
29/10/2016,18.2
30/10/2016,20.95
31/10/2016,18.05
1/11/2016,14.85
2/11/2016,18.6
3/11/2016,21.2
4/11/2016,12.55
5/11/2016,10.6
6/11/2016,12.7
7/11/2016,9.5
8/11/2016,11.25
9/11/2016,11.9
10/11/2016,10.2
11/11/2016,12.85
12/11/2016,5.6
13/11/2016,5.6
14/11/2016,9.25
15/11/2016,10.05
16/11/2016,11.85
17/11/2016,12.3
18/11/2016,15.45
19/11/2016,12.05
20/11/2016,4.75
21/11/2016,5.55
22/11/2016,5.45
23/11/2016,7.7
24/11/2016,16.3
25/11/2016,15.7
26/11/2016,6.65
27/11/2016,5.6
28/11/2016,8.75
29/11/2016,19.45
30/11/2016,19.4
1/12/2016,10
2/12/2016,8.05
3/12/2016,7.05
4/12/2016,5.9
5/12/2016,10.85
6/12/2016,6.9
7/12/2016,9.7
8/12/2016,5.1
9/12/2016,0.35
10/12/2016,0.45
11/12/2016,1.55
12/12/2016,9.6
13/12/2016,7.65
14/12/2016,6.3
15/12/2016,1.55
16/12/2016,-2.65
17/12/2016,7.75
18/12/2016,13.4
19/12/2016,2.3
20/12/2016,2.05
21/12/2016,6.45
22/12/2016,10.2
23/12/2016,7.35
24/12/2016,12.2
25/12/2016,13.15
26/12/2016,11.1
27/12/2016,12.75
28/12/2016,10.45
29/12/2016,10.2
30/12/2016,2.65
31/12/2016,3.05
1/01/2017,8.5
2/01/2017,10.6
3/01/2017,12.1
4/01/2017,7.8
5/01/2017,3.65
6/01/2017,3.25
7/01/2017,-5.2
8/01/2017,-6.95
9/01/2017,-5.25
10/01/2017,2.85
11/01/2017,11.7
12/01/2017,16
13/01/2017,16.4
14/01/2017,8.25
15/01/2017,11
16/01/2017,8.55
17/01/2017,13.75
18/01/2017,12.95
19/01/2017,10.55
20/01/2017,14.95
21/01/2017,13.3
22/01/2017,13.6
23/01/2017,10.6
24/01/2017,10.2
25/01/2017,12.7
26/01/2017,11.15
27/01/2017,4.55
28/01/2017,5.05
29/01/2017,6.05
30/01/2017,3.95
31/01/2017,12.65
1/02/2017,14.35
2/02/2017,12.1
3/02/2017,2.3
4/02/2017,1.85
5/02/2017,7.45
6/02/2017,11.1
7/02/2017,16.6
8/02/2017,17.4
9/02/2017,4.95
10/02/2017,4.8
11/02/2017,15.5
12/02/2017,18.75
13/02/2017,7.75
14/02/2017,9.65
15/02/2017,7.4
16/02/2017,6.9
17/02/2017,11.15
18/02/2017,13.2
19/02/2017,13.55
20/02/2017,14.5
21/02/2017,13.1
22/02/2017,16.3
23/02/2017,16.55
24/02/2017,18
25/02/2017,14.4
26/02/2017,7.2
27/02/2017,11
28/02/2017,18.25
1/03/2017,18.3
2/03/2017,8.25
3/03/2017,5.75
4/03/2017,5.45
5/03/2017,6.45
6/03/2017,10.8
7/03/2017,16.5
8/03/2017,13.05
9/03/2017,15.15
10/03/2017,11.1
11/03/2017,5.95
12/03/2017,1.85
13/03/2017,1.95
14/03/2017,4.55
15/03/2017,0.35
16/03/2017,3
17/03/2017,7.5
18/03/2017,12.2
19/03/2017,7.6
20/03/2017,10.5
21/03/2017,20.9
22/03/2017,9.25
23/03/2017,7.55
24/03/2017,13.2
25/03/2017,17.4
26/03/2017,19.15
27/03/2017,20.5
28/03/2017,19.4
29/03/2017,17.95
30/03/2017,17.35
31/03/2017,18.25
1/04/2017,16.75
2/04/2017,15.3
3/04/2017,18.6
4/04/2017,20.95
5/04/2017,18.85
6/04/2017,13.2
7/04/2017,9.25
8/04/2017,11.65
9/04/2017,16.3
10/04/2017,18.55
11/04/2017,20.05
12/04/2017,20.25
13/04/2017,18.65
14/04/2017,19.8
15/04/2017,21.6
16/04/2017,21.7
17/04/2017,22.95
18/04/2017,18
19/04/2017,19.15
20/04/2017,23.05
21/04/2017,24
22/04/2017,21.85
23/04/2017,13.1
24/04/2017,13.9
25/04/2017,16.45
26/04/2017,21.6
27/04/2017,22.65
28/04/2017,26.75
29/04/2017,26.05
30/04/2017,24.85
1/05/2017,22.35
2/05/2017,18.85
3/05/2017,20.55
4/05/2017,21.65
5/05/2017,17.55
6/05/2017,13.25
7/05/2017,14.35
8/05/2017,15.75
9/05/2017,17.25
10/05/2017,23.45
11/05/2017,22.65
12/05/2017,15.05
13/05/2017,16.15
14/05/2017,21.4
15/05/2017,22.95
16/05/2017,25.25
17/05/2017,25.5
18/05/2017,24.7
19/05/2017,26.15
20/05/2017,25.75
21/05/2017,22.75
22/05/2017,23.95
23/05/2017,19.75
24/05/2017,20.15
25/05/2017,19.25
26/05/2017,22
27/05/2017,26.05
28/05/2017,25.05
29/05/2017,24.95
30/05/2017,24.2
31/05/2017,23.9
1/06/2017,24.5
2/06/2017,22.95
3/06/2017,24.75
4/06/2017,25.95
5/06/2017,24.5
6/06/2017,23.65
7/06/2017,18.4
8/06/2017,18
9/06/2017,23.05
10/06/2017,24.95
11/06/2017,25.1
12/06/2017,25.7
13/06/2017,25.05
14/06/2017,27.2
15/06/2017,26.2
16/06/2017,26.55
17/06/2017,26.55
18/06/2017,27.7
19/06/2017,26.35
20/06/2017,21.35
21/06/2017,24.95
22/06/2017,24.75
23/06/2017,28.3
24/06/2017,26.5
25/06/2017,23.95
26/06/2017,23.3
27/06/2017,21.4
28/06/2017,22.4
29/06/2017,25.2
30/06/2017,25.5
1/07/2017,26.3
2/07/2017,27.45
3/07/2017,27.1
4/07/2017,26.95
5/07/2017,27.45
6/07/2017,28.9
7/07/2017,28.45
8/07/2017,27.2
9/07/2017,26.75
10/07/2017,26.4
11/07/2017,28.25
12/07/2017,28.95
13/07/2017,29.55
14/07/2017,30.05
15/07/2017,28.5
16/07/2017,26.9
17/07/2017,26.5
18/07/2017,25.8
19/07/2017,27.35
20/07/2017,29.25
21/07/2017,29.75
22/07/2017,30.05
23/07/2017,28.65
24/07/2017,27.7
25/07/2017,27.5
26/07/2017,26.05
27/07/2017,27.85
28/07/2017,28.15
29/07/2017,24.05
30/07/2017,22.05
31/07/2017,22.55
1/08/2017,24.45
2/08/2017,26.65
3/08/2017,26.2
4/08/2017,26.8
5/08/2017,26.35
6/08/2017,27.75
7/08/2017,26.85
8/08/2017,23.35
9/08/2017,22.55
10/08/2017,25.4
11/08/2017,27.4
12/08/2017,27.8
13/08/2017,26.65
14/08/2017,27.75
15/08/2017,28.2
16/08/2017,28.35
17/08/2017,28.7
18/08/2017,29.45
19/08/2017,27.65
20/08/2017,28.45
21/08/2017,27.5
22/08/2017,28.8
23/08/2017,28.8
24/08/2017,24.45
25/08/2017,24.75
26/08/2017,23.95
27/08/2017,23
28/08/2017,22.1
29/08/2017,19.2
30/08/2017,23.7
31/08/2017,24.75
1/09/2017,25.65
2/09/2017,23.35
3/09/2017,22.75
4/09/2017,25.1
5/09/2017,25.2
6/09/2017,19.7
7/09/2017,18.25
8/09/2017,18.8
9/09/2017,19.25
10/09/2017,17.7
11/09/2017,18
12/09/2017,21.8
13/09/2017,23.25
14/09/2017,23.2
15/09/2017,23.75
16/09/2017,24.4
17/09/2017,24.05
18/09/2017,23.35
19/09/2017,23.55
20/09/2017,25.3
21/09/2017,24.85
22/09/2017,24.35
23/09/2017,24.05
24/09/2017,23.8
25/09/2017,23.85
26/09/2017,25.45
27/09/2017,26.05
28/09/2017,26.1
29/09/2017,21.25
30/09/2017,18.2
1/10/2017,16.6
2/10/2017,18.2
3/10/2017,18.65
4/10/2017,20.2
5/10/2017,21.45
6/10/2017,22.45
7/10/2017,23.45
8/10/2017,25.9
9/10/2017,27.4
10/10/2017,27.05
11/10/2017,26.4
12/10/2017,23.85
13/10/2017,19.55
14/10/2017,21
15/10/2017,22.3
16/10/2017,14.2
17/10/2017,11.1
18/10/2017,13
19/10/2017,15.55
20/10/2017,17.5
21/10/2017,18
22/10/2017,19.15
23/10/2017,18.6
24/10/2017,14.75
25/10/2017,12.35
26/10/2017,10.55
27/10/2017,14.65
28/10/2017,17.05
29/10/2017,11.45
30/10/2017,9.15
31/10/2017,13.2
1/11/2017,17.25
2/11/2017,18.55
3/11/2017,20.15
4/11/2017,18.1
5/11/2017,15.9
6/11/2017,18.25
7/11/2017,14.45
8/11/2017,7.7
9/11/2017,7.9
10/11/2017,7.1
11/11/2017,3.6
12/11/2017,6.2
13/11/2017,9.8
14/11/2017,6.9
15/11/2017,6.7
16/11/2017,10.8
17/11/2017,7.3
18/11/2017,11.4
19/11/2017,6.8
20/11/2017,6.45
21/11/2017,9.75
22/11/2017,10.15
23/11/2017,3.25
24/11/2017,6.45
25/11/2017,10.25
26/11/2017,8
27/11/2017,7.25
28/11/2017,9.35
29/11/2017,12.15
30/11/2017,12.25
1/12/2017,13.8
2/12/2017,9.65
3/12/2017,10.45
4/12/2017,9.45
5/12/2017,14.7
6/12/2017,9.85
7/12/2017,6.35
8/12/2017,3.15
9/12/2017,0.35
10/12/2017,2.4
11/12/2017,5.25
12/12/2017,3.9
13/12/2017,2.05
14/12/2017,7.85
15/12/2017,3.5
16/12/2017,3.6
17/12/2017,5.7
18/12/2017,12.65
19/12/2017,14.65
20/12/2017,9.5
21/12/2017,7.9
22/12/2017,10.6
23/12/2017,15.9
24/12/2017,9.25
25/12/2017,2.9
26/12/2017,3.25
27/12/2017,1.8
28/12/2017,-2.5
29/12/2017,0.7
30/12/2017,4.75
31/12/2017,5.55
1/01/2018,-6.95
2/01/2018,-6.45
3/01/2018,-4.9
4/01/2018,-6.15
5/01/2018,-6.45
6/01/2018,-8.2
7/01/2018,-7.65
8/01/2018,0.25
9/01/2018,9.45
10/01/2018,9.55
11/01/2018,15.75
12/01/2018,14.15
13/01/2018,2.4
14/01/2018,-2.4
15/01/2018,-1.5
16/01/2018,1.85
17/01/2018,-3.45
18/01/2018,-4
19/01/2018,4
20/01/2018,6.65
21/01/2018,11.15
22/01/2018,10.9
23/01/2018,11.2
24/01/2018,5.55
25/01/2018,3.35
26/01/2018,5.45
27/01/2018,10.8
28/01/2018,13.25
29/01/2018,5.55
30/01/2018,0.25
31/01/2018,1.7
1/02/2018,9.8
2/02/2018,1.1
3/02/2018,-0.5
4/02/2018,8.25
5/02/2018,5.45
6/02/2018,8.9
7/02/2018,13
8/02/2018,5.35
9/02/2018,7.95
10/02/2018,16
11/02/2018,19.75
12/02/2018,13.35
13/02/2018,5.8
14/02/2018,9.95
15/02/2018,20.25
16/02/2018,19.4
17/02/2018,9.75
18/02/2018,11.95
19/02/2018,9.1
20/02/2018,18.4
21/02/2018,21.35
22/02/2018,19.4
23/02/2018,19.6
24/02/2018,21.4
25/02/2018,20.65
26/02/2018,10.15
27/02/2018,9.8
28/02/2018,10.45
1/03/2018,14.5
2/03/2018,8.25
3/03/2018,8.4
4/03/2018,6.4
5/03/2018,7.2
6/03/2018,7.8
7/03/2018,5.55
8/03/2018,2.8
9/03/2018,5.45
10/03/2018,11
11/03/2018,8.15
12/03/2018,1.6
13/03/2018,5.85
14/03/2018,2.3
15/03/2018,9.5
16/03/2018,12.45
17/03/2018,13.25
18/03/2018,12.8
19/03/2018,14.2
20/03/2018,10.5
21/03/2018,4.4
22/03/2018,6
23/03/2018,7.15
24/03/2018,6.05
25/03/2018,7.05
26/03/2018,7.9
27/03/2018,6.3
28/03/2018,16.1
29/03/2018,20.75
30/03/2018,12.85
31/03/2018,11.95
1/04/2018,16.55
2/04/2018,18.7
3/04/2018,18.55
4/04/2018,13.95
5/04/2018,10.4
6/04/2018,15.95
7/04/2018,8.2
8/04/2018,6.9
9/04/2018,8.6
10/04/2018,10.55
11/04/2018,11.3
12/04/2018,16.35
13/04/2018,19.7
14/04/2018,22.1
15/04/2018,17.8
16/04/2018,8
17/04/2018,11.5
18/04/2018,20.5
19/04/2018,14.25
20/04/2018,10.65
21/04/2018,12.8
22/04/2018,16.45
23/04/2018,15.9
24/04/2018,16.55
25/04/2018,16.25
26/04/2018,18.1
27/04/2018,16.85
28/04/2018,18.35
29/04/2018,12.1
30/04/2018,15.25
1/05/2018,20.15
2/05/2018,21.4
3/05/2018,22
4/05/2018,22.65
5/05/2018,22.6
6/05/2018,22.75
7/05/2018,18.8
8/05/2018,18.1
9/05/2018,21.25
10/05/2018,24
11/05/2018,26
12/05/2018,27.2
13/05/2018,27.45
14/05/2018,27.4
15/05/2018,24.95
16/05/2018,24.95
17/05/2018,23.15
18/05/2018,24.2
19/05/2018,22.65
20/05/2018,24.45
21/05/2018,24.95
22/05/2018,25.4
23/05/2018,25.75
24/05/2018,24.15
25/05/2018,24.45
26/05/2018,25.4
27/05/2018,25.6
28/05/2018,22.8
29/05/2018,25.7
30/05/2018,25.95
31/05/2018,25
1/06/2018,26.85
2/06/2018,25.1
3/06/2018,25.95
4/06/2018,23.05
5/06/2018,21.85
6/06/2018,24.75
7/06/2018,24.75
8/06/2018,25.2
9/06/2018,25.35
10/06/2018,27
11/06/2018,24.55
12/06/2018,19.9
13/06/2018,25.25
14/06/2018,27.15
15/06/2018,25.4
16/06/2018,26.7
17/06/2018,28.75
18/06/2018,29.6
19/06/2018,29.7
20/06/2018,28.1
21/06/2018,29.05
22/06/2018,28.8
23/06/2018,28.7
24/06/2018,29.2
25/06/2018,26.95
26/06/2018,24.3
27/06/2018,25.6
28/06/2018,27.8
29/06/2018,28.2
30/06/2018,28.15
1/07/2018,28.9
2/07/2018,29.4
3/07/2018,28.5
4/07/2018,27.45
5/07/2018,27.35
6/07/2018,28.1
7/07/2018,21.6
8/07/2018,22.6
9/07/2018,23.45
10/07/2018,26.55
11/07/2018,29.1
12/07/2018,26.9
13/07/2018,25.6
14/07/2018,25.7
15/07/2018,28.05
16/07/2018,27.4
17/07/2018,28.4
18/07/2018,25.3
19/07/2018,25.85
20/07/2018,24.85
21/07/2018,26.2
22/07/2018,26.7
23/07/2018,26.45
24/07/2018,26.1
25/07/2018,24.95
26/07/2018,27.25
27/07/2018,28.25
28/07/2018,26.85
29/07/2018,26.25
30/07/2018,25.1
31/07/2018,26.7
1/08/2018,27.05
2/08/2018,26.3
3/08/2018,24.55
4/08/2018,26.85
5/08/2018,26.8
6/08/2018,27.4
7/08/2018,27.75
8/08/2018,27.65
9/08/2018,26.6
10/08/2018,26.75
11/08/2018,26.45
12/08/2018,25.55
13/08/2018,24.6
14/08/2018,25.7
15/08/2018,27.35
16/08/2018,28.25
17/08/2018,27.8
18/08/2018,26.9
19/08/2018,26.2
20/08/2018,27.1
21/08/2018,26.5
22/08/2018,25.6
23/08/2018,20.75
24/08/2018,22.25
25/08/2018,23.05
26/08/2018,26.3
27/08/2018,27.65
28/08/2018,27.9
29/08/2018,27.95
30/08/2018,28.1
31/08/2018,27.8
1/09/2018,28.3
2/09/2018,27.15
3/09/2018,28.05
4/09/2018,28.05
5/09/2018,27.75
6/09/2018,28
7/09/2018,27.9
8/09/2018,27.75
9/09/2018,27.1
10/09/2018,27.15
11/09/2018,27.35
12/09/2018,27.45
13/09/2018,25.9
14/09/2018,23.1
15/09/2018,22.95
16/09/2018,23.15
17/09/2018,26.5
18/09/2018,25.45
19/09/2018,25.8
20/09/2018,25.65
21/09/2018,24.25
22/09/2018,25.65
23/09/2018,24.15
24/09/2018,22.15
25/09/2018,24.75
26/09/2018,25.95
27/09/2018,25.2
28/09/2018,24.05
29/09/2018,23.55
30/09/2018,21.3
1/10/2018,22.25
2/10/2018,23.75
3/10/2018,25.35
4/10/2018,26.1
5/10/2018,27.55
6/10/2018,23.9
7/10/2018,25.4
8/10/2018,25.2
9/10/2018,24.85
10/10/2018,24.25
11/10/2018,19.05
12/10/2018,16.35
13/10/2018,16.15
14/10/2018,16.65
15/10/2018,22.5
16/10/2018,23.3
17/10/2018,16.75
18/10/2018,11.75
19/10/2018,14.8
20/10/2018,14.75
21/10/2018,8.3
22/10/2018,10.4
23/10/2018,13.1
24/10/2018,10.2
25/10/2018,9.4
26/10/2018,9.1
27/10/2018,10.75
28/10/2018,13
29/10/2018,11.55
30/10/2018,11.75
31/10/2018,15.85
1/11/2018,18.8
2/11/2018,14.55
3/11/2018,9.85
4/11/2018,12.65
5/11/2018,16.8
6/11/2018,17.9
7/11/2018,17.05
8/11/2018,14.4
9/11/2018,11.3
10/11/2018,5.85
11/11/2018,5.65
12/11/2018,7.8
13/11/2018,9.5
14/11/2018,5.6
15/11/2018,4.85
16/11/2018,6.8
17/11/2018,7.65
18/11/2018,9
19/11/2018,13.4
20/11/2018,9.4
21/11/2018,7.5
22/11/2018,4.8
23/11/2018,3.4
24/11/2018,6.7
25/11/2018,11.15
26/11/2018,9.5
27/11/2018,2.8
28/11/2018,0.95
29/11/2018,4
30/11/2018,13.45
1/12/2018,14
2/12/2018,18.65
3/12/2018,13.45
4/12/2018,8
5/12/2018,2.9
6/12/2018,2.95
7/12/2018,5.7
8/12/2018,3.75
9/12/2018,1.55
10/12/2018,2.25
11/12/2018,3.75
12/12/2018,5.2
13/12/2018,7.8
14/12/2018,10.7
15/12/2018,9.65
16/12/2018,10.75
17/12/2018,10.3
18/12/2018,6.9
19/12/2018,6.85
20/12/2018,13.45
21/12/2018,11.5
22/12/2018,6.85
23/12/2018,7.9
24/12/2018,5.4
25/12/2018,4.95
26/12/2018,5.45
27/12/2018,9.65
28/12/2018,17.95
29/12/2018,14.5
30/12/2018,12.35
31/12/2018,5.55
1/01/2019,16.9
2/01/2019,12.5
3/01/2019,11.9
4/01/2019,11.85
5/01/2019,10.2
6/01/2019,12
7/01/2019,9.55
8/01/2019,13.7
9/01/2019,5.8
10/01/2019,-0.1
11/01/2019,0.65
12/01/2019,2.95
13/01/2019,2.5
14/01/2019,3.55
15/01/2019,2.8
16/01/2019,5.5
17/01/2019,5.1
18/01/2019,8.6
19/01/2019,10.95
20/01/2019,3.15
21/01/2019,-3.5
22/01/2019,-1.1
23/01/2019,10.05
24/01/2019,9.2
25/01/2019,3.1
26/01/2019,4.25
27/01/2019,4.75
28/01/2019,6.95
29/01/2019,5
30/01/2019,1.35
31/01/2019,0.45
1/02/2019,6.6
2/02/2019,9.05
3/02/2019,9.05
4/02/2019,12.05
5/02/2019,16.5
6/02/2019,17.1
7/02/2019,21.1
8/02/2019,15.6
9/02/2019,3.55
10/02/2019,3.75
11/02/2019,6.4
12/02/2019,11.05
13/02/2019,7.4
14/02/2019,9.75
15/02/2019,15.1
16/02/2019,7.95
17/02/2019,4.4
18/02/2019,11.1
19/02/2019,3.95
20/02/2019,2.95
21/02/2019,9.8
22/02/2019,7.6
23/02/2019,5.65
24/02/2019,12.65
25/02/2019,8.8
26/02/2019,10.5
27/02/2019,12.25
28/02/2019,13.95
1/03/2019,7.8
2/03/2019,10.55
3/03/2019,9.1
4/03/2019,5.2
5/03/2019,2.1
6/03/2019,1.75
7/03/2019,5.45
8/03/2019,8.75
9/03/2019,9.45
10/03/2019,17.5
11/03/2019,13.05
12/03/2019,8.85
13/03/2019,11.35
14/03/2019,17.2
15/03/2019,17.4
16/03/2019,7.8
17/03/2019,7.7
18/03/2019,9.55
19/03/2019,7.9
20/03/2019,7.5
21/03/2019,10.95
22/03/2019,10.05
23/03/2019,9.65
24/03/2019,14.1
25/03/2019,15.8
26/03/2019,7.7
27/03/2019,7.35
28/03/2019,11.7
29/03/2019,16.65
30/03/2019,18.6
31/03/2019,11.25
1/04/2019,6.75
2/04/2019,2.9
3/04/2019,12.8
4/04/2019,17.4
5/04/2019,13.9
6/04/2019,16.65
7/04/2019,18.05
8/04/2019,22.35
9/04/2019,19.15
10/04/2019,17.9
11/04/2019,20.65
12/04/2019,20.95
13/04/2019,22.8
14/04/2019,20.5
15/04/2019,12.7
16/04/2019,14.85
17/04/2019,20.6
18/04/2019,22
19/04/2019,17.45
20/04/2019,12.15
21/04/2019,12.35
22/04/2019,16.05
23/04/2019,22.3
24/04/2019,23.4
25/04/2019,24.15
26/04/2019,17.3
27/04/2019,19.5
28/04/2019,22.35
29/04/2019,20.8
30/04/2019,23.45
1/05/2019,23.35
2/05/2019,23.25
3/05/2019,23.1
4/05/2019,24.05
5/05/2019,21.65
6/05/2019,20.9
7/05/2019,21.75
8/05/2019,21.65
9/05/2019,22.45
10/05/2019,21.75
11/05/2019,23.55
12/05/2019,21.75
13/05/2019,19.05
14/05/2019,14.35
15/05/2019,17.05
16/05/2019,21.75
17/05/2019,25.3
18/05/2019,27.2
19/05/2019,26.1
20/05/2019,25
21/05/2019,25.9
22/05/2019,21.35
23/05/2019,25.3
24/05/2019,28.15
25/05/2019,29
26/05/2019,28
27/05/2019,27.25
28/05/2019,29.15
29/05/2019,28.45
30/05/2019,29.2
31/05/2019,25.3
1/06/2019,22.85
2/06/2019,25.65
3/06/2019,22.95
4/06/2019,23.8
5/06/2019,26.2
6/06/2019,26.4
7/06/2019,23.65
8/06/2019,25.3
9/06/2019,23.7
10/06/2019,25
11/06/2019,21.75
12/06/2019,19.75
13/06/2019,20.4
14/06/2019,19.1
15/06/2019,23.25
16/06/2019,26.45
17/06/2019,27.65
18/06/2019,27.35
19/06/2019,26.95
20/06/2019,27.35
21/06/2019,24.95
22/06/2019,25.7
23/06/2019,23.9
24/06/2019,27.9
25/06/2019,26.8
26/06/2019,25.9
27/06/2019,27.05
28/06/2019,27.7
29/06/2019,28.85
30/06/2019,29.5
1/07/2019,26.8
2/07/2019,29.2
3/07/2019,29.3
4/07/2019,28.2
5/07/2019,27
6/07/2019,28.3
7/07/2019,28.25
8/07/2019,28.1
9/07/2019,25.4
10/07/2019,27.6
11/07/2019,28.1
12/07/2019,28
13/07/2019,27.85
14/07/2019,28.4
15/07/2019,29.35
16/07/2019,30.1
17/07/2019,29.7
18/07/2019,29.2
19/07/2019,28.1
20/07/2019,29.15
21/07/2019,29.8
22/07/2019,29.5
23/07/2019,24.85
24/07/2019,23.3
25/07/2019,24.3
26/07/2019,23.9
27/07/2019,24.55
28/07/2019,25.5
29/07/2019,26
30/07/2019,27.15
31/07/2019,26.4
1/08/2019,27.15
2/08/2019,25.65
3/08/2019,26.05
4/08/2019,26.3
5/08/2019,24.3
6/08/2019,27.05
7/08/2019,26.95
8/08/2019,27.15
9/08/2019,27.95
10/08/2019,26.3
11/08/2019,26.3
12/08/2019,27.95
13/08/2019,28.95
14/08/2019,28.35
15/08/2019,27.8
16/08/2019,26.8
17/08/2019,26.85
18/08/2019,28.65
19/08/2019,28.15
20/08/2019,27.8
21/08/2019,27.6
22/08/2019,28.5
23/08/2019,27.35
24/08/2019,19.5
25/08/2019,21.2
26/08/2019,23.35
27/08/2019,24.4
28/08/2019,24.65
29/08/2019,22.65
30/08/2019,23.95
31/08/2019,24.55
1/09/2019,25.9
2/09/2019,25.8
3/09/2019,26.75
4/09/2019,26.8
5/09/2019,22.75
6/09/2019,25.2
7/09/2019,26.7
8/09/2019,27.95
9/09/2019,26.5
10/09/2019,26.15
11/09/2019,26.8
12/09/2019,28.15
13/09/2019,25.5
14/09/2019,24.75
15/09/2019,25.45
16/09/2019,25.45
17/09/2019,24.95
18/09/2019,19.75
19/09/2019,17.35
20/09/2019,19.7
21/09/2019,23.2
22/09/2019,24.05
23/09/2019,25.2
24/09/2019,23.2
25/09/2019,24.35
26/09/2019,27.45
27/09/2019,25.95
28/09/2019,27.05
29/09/2019,28.8
30/09/2019,25.65
1/10/2019,25.35
2/10/2019,28.25
3/10/2019,29.25
4/10/2019,26.6
5/10/2019,17.05
6/10/2019,21.8
7/10/2019,22.75
8/10/2019,17.5
9/10/2019,18.4
10/10/2019,17.4
11/10/2019,18.8
12/10/2019,22.9
13/10/2019,20.5
14/10/2019,17.9
15/10/2019,18.5
16/10/2019,13.75
17/10/2019,12.05
18/10/2019,12.65
19/10/2019,14.05
20/10/2019,15.65
21/10/2019,18.45
22/10/2019,18.15
23/10/2019,13.4
24/10/2019,15.1
25/10/2019,18.5
26/10/2019,19.35
27/10/2019,21.05
28/10/2019,19.45
29/10/2019,16.95
30/10/2019,20.1
31/10/2019,16.55
1/11/2019,8.4
2/11/2019,9.65
3/11/2019,8.25
4/11/2019,9.9
5/11/2019,15.9
6/11/2019,12.9
7/11/2019,14.8
8/11/2019,5.1
9/11/2019,4.3
10/11/2019,9.45
11/11/2019,13
12/11/2019,4.05
13/11/2019,0
14/11/2019,3.2
15/11/2019,6.8
16/11/2019,6.85
17/11/2019,8.45
18/11/2019,6.3
19/11/2019,7.6
20/11/2019,8.35
21/11/2019,8.25
22/11/2019,13.35
23/11/2019,12.1
24/11/2019,7.4
25/11/2019,8.65
26/11/2019,10.5
27/11/2019,13
28/11/2019,8.75
29/11/2019,7.6
30/11/2019,10.5
1/12/2019,12.75
2/12/2019,5.75
3/12/2019,5.9
4/12/2019,7.6
5/12/2019,7.2
6/12/2019,7.95
7/12/2019,5.75
8/12/2019,5.15
9/12/2019,11.7
10/12/2019,15.45
11/12/2019,3.15
12/12/2019,3.7
13/12/2019,7.55
14/12/2019,7.2
15/12/2019,9.05
16/12/2019,13.4
17/12/2019,10.1
18/12/2019,3.1
19/12/2019,1.2
20/12/2019,4.85
21/12/2019,3.4
22/12/2019,3.65
23/12/2019,8.3
24/12/2019,10.65
25/12/2019,8.75
26/12/2019,11.45
27/12/2019,12.95
28/12/2019,16.1
29/12/2019,18.85
30/12/2019,13.75
31/12/2019,5.55
1/01/2020,7.2
2/01/2020,7.75
3/01/2020,15.65
4/01/2020,10.3
5/01/2020,5.9
6/01/2020,8.2
7/01/2020,6.35
8/01/2020,7.35
9/01/2020,6.05
10/01/2020,12.05
11/01/2020,19.3
12/01/2020,18.65
13/01/2020,18.3
14/01/2020,17.1
15/01/2020,17.1
16/01/2020,11.05
17/01/2020,5.1
18/01/2020,7.3
19/01/2020,5.55
20/01/2020,-0.5
21/01/2020,-0.35
22/01/2020,2.35
23/01/2020,3.7
24/01/2020,12.3
25/01/2020,6.45
26/01/2020,6.25
27/01/2020,7.65
28/01/2020,5.6
29/01/2020,5.4
30/01/2020,5.4
31/01/2020,3.85
1/02/2020,4.8
2/02/2020,10
3/02/2020,15.1
4/02/2020,17.65
5/02/2020,16.9
6/02/2020,18.65
7/02/2020,5.45
8/02/2020,2.7
9/02/2020,6.8
10/02/2020,11.95
11/02/2020,18.6
12/02/2020,16.45
13/02/2020,15.35
14/02/2020,5.8
15/02/2020,3.7
16/02/2020,7.05
17/02/2020,10.7
18/02/2020,11.1
19/02/2020,8.8
20/02/2020,3.05
21/02/2020,-1.1
22/02/2020,4.05
23/02/2020,8.7
24/02/2020,10.85
25/02/2020,15.3
26/02/2020,11.55
27/02/2020,4.2
28/02/2020,5.95
29/02/2020,3.2
1/03/2020,6.2
2/03/2020,12.65
3/03/2020,14
4/03/2020,11.5
5/03/2020,8.3
6/03/2020,8.35
7/03/2020,5.75
8/03/2020,8.55
9/03/2020,13.4
10/03/2020,16.5
11/03/2020,17.35
12/03/2020,18.45
13/03/2020,17.6
14/03/2020,15.4
15/03/2020,12.05
16/03/2020,11.6
17/03/2020,11.85
18/03/2020,16
19/03/2020,22.15
20/03/2020,23.75
21/03/2020,17.4
22/03/2020,10.6
23/03/2020,9.75
24/03/2020,12.75
25/03/2020,13.35
26/03/2020,14.05
27/03/2020,21.45
28/03/2020,25.45
29/03/2020,23.45
30/03/2020,19.75
31/03/2020,11
1/04/2020,9.6
2/04/2020,12.35
3/04/2020,14.1
4/04/2020,15.45
5/04/2020,16.95
6/04/2020,20.05
7/04/2020,22.65
8/04/2020,21.75
9/04/2020,18.75
10/04/2020,8.35
11/04/2020,13.2
12/04/2020,19.05
13/04/2020,19.1
14/04/2020,16.35
15/04/2020,7.6
16/04/2020,11.6
17/04/2020,16.9
18/04/2020,12.7
19/04/2020,15.15
20/04/2020,13
21/04/2020,15.4
22/04/2020,16
23/04/2020,16.55
24/04/2020,20
25/04/2020,16.3
26/04/2020,16.9
27/04/2020,13.75
28/04/2020,19.35
29/04/2020,19.75
30/04/2020,16.4
1/05/2020,13.95
2/05/2020,18.85
3/05/2020,24.3
4/05/2020,20.75
5/05/2020,18.65
6/05/2020,14.35
7/05/2020,13.25
8/05/2020,12.95
9/05/2020,10.3
10/05/2020,15.6
11/05/2020,11.65
12/05/2020,13.05
13/05/2020,16.75
14/05/2020,20.95
15/05/2020,21.7
16/05/2020,23.35
17/05/2020,24.05
18/05/2020,21.2
19/05/2020,15.4
20/05/2020,16.05
21/05/2020,19.45
22/05/2020,22.95
23/05/2020,24.2
24/05/2020,24.95
25/05/2020,21.65
26/05/2020,21.5
27/05/2020,21.55
28/05/2020,25.9
29/05/2020,23.75
30/05/2020,24.6
31/05/2020,19.25
1/06/2020,20.1
2/06/2020,23.95
3/06/2020,26.6
4/06/2020,27.05
5/06/2020,26.3
6/06/2020,26.8
7/06/2020,27.05
8/06/2020,26.15
9/06/2020,27.6
10/06/2020,28.05
11/06/2020,24.35
12/06/2020,23.25
13/06/2020,22.6
14/06/2020,20.15
15/06/2020,15.6
16/06/2020,16.1
17/06/2020,19.3
18/06/2020,22.4
19/06/2020,23.45
20/06/2020,23.45
21/06/2020,26.35
22/06/2020,27.2
23/06/2020,26.2
24/06/2020,26
25/06/2020,24.05
26/06/2020,26.05
27/06/2020,26.7
28/06/2020,27.15
29/06/2020,27.5
30/06/2020,26.65
1/07/2020,26.3
2/07/2020,26
3/07/2020,27.65
4/07/2020,28.45
5/07/2020,26.45
6/07/2020,27.05
7/07/2020,25.05
8/07/2020,26.55
9/07/2020,26.8
10/07/2020,27.2
11/07/2020,26.8
12/07/2020,27.6
13/07/2020,26.35
14/07/2020,28.05
15/07/2020,28.5
16/07/2020,27.75
17/07/2020,28.2
18/07/2020,28.05
19/07/2020,30.1
20/07/2020,29.25
21/07/2020,28.7
22/07/2020,29.5
23/07/2020,28.15
24/07/2020,27
25/07/2020,27.7
26/07/2020,28.75
27/07/2020,29.4
28/07/2020,28.95
29/07/2020,27.1
30/07/2020,27.5
31/07/2020,28.95
1/08/2020,28.65
2/08/2020,28.55
3/08/2020,24.4
4/08/2020,26.45
5/08/2020,26.4
6/08/2020,26.75
7/08/2020,26.1
8/08/2020,26.85
9/08/2020,27.45
10/08/2020,26.6
11/08/2020,26.65
12/08/2020,27.85
13/08/2020,26.7
14/08/2020,26.15
15/08/2020,25.25
16/08/2020,21.1
17/08/2020,25
18/08/2020,25.55
19/08/2020,25.45
20/08/2020,25.1
21/08/2020,25
22/08/2020,25.65
23/08/2020,26.15
24/08/2020,25.9
25/08/2020,25.8
26/08/2020,26.8
27/08/2020,28.65
28/08/2020,29.35
29/08/2020,26.65
30/08/2020,27.05
31/08/2020,27.1
1/09/2020,26.9
2/09/2020,29.2
3/09/2020,29
4/09/2020,27.7
5/09/2020,21.75
6/09/2020,21.35
7/09/2020,22.25
8/09/2020,23.9
9/09/2020,25.25
10/09/2020,25.8
11/09/2020,26.95
12/09/2020,22.05
13/09/2020,24.15
14/09/2020,23.55
15/09/2020,19.3
16/09/2020,20.75
17/09/2020,21.1
18/09/2020,19.2
19/09/2020,14.3
20/09/2020,15.25
21/09/2020,13.65
22/09/2020,15.25
23/09/2020,18.8
24/09/2020,20.25
25/09/2020,19.4
26/09/2020,19.55
27/09/2020,20.45
28/09/2020,22.3
29/09/2020,20.55
30/09/2020,17.1
1/10/2020,19.75
2/10/2020,15.15
3/10/2020,15.5
4/10/2020,14.3
5/10/2020,16.45
6/10/2020,18.8
7/10/2020,21.05
8/10/2020,22.45
9/10/2020,19.95
10/10/2020,22.6
11/10/2020,20.95
12/10/2020,20.8
13/10/2020,18.85
14/10/2020,17.2
15/10/2020,19.8
16/10/2020,14.5
17/10/2020,11.1
18/10/2020,14.15
19/10/2020,17.8
20/10/2020,20.2
21/10/2020,21.3
22/10/2020,21.2
23/10/2020,21.15
24/10/2020,22.4
25/10/2020,14.8
26/10/2020,16.1
27/10/2020,18.4
28/10/2020,19.55
29/10/2020,21.45
30/10/2020,13.65
31/10/2020,12.15
1/11/2020,8.95
2/11/2020,6.2
3/11/2020,9.95
4/11/2020,12.05
5/11/2020,15.6
6/11/2020,17.2
7/11/2020,18.9
8/11/2020,18.9
9/11/2020,17.45
10/11/2020,20
11/11/2020,22.5
12/11/2020,17.85
13/11/2020,14.25
14/11/2020,14.3
15/11/2020,15.4
16/11/2020,10
17/11/2020,8.8
18/11/2020,4
19/11/2020,5.9
20/11/2020,11.8
21/11/2020,13.75
22/11/2020,14
23/11/2020,8.45
24/11/2020,6.3
25/11/2020,11.75
26/11/2020,16.85
27/11/2020,15.2
28/11/2020,11.35
29/11/2020,11.45
30/11/2020,12
1/12/2020,3.3
2/12/2020,3.3
3/12/2020,5.6
4/12/2020,12.15
5/12/2020,5.9
6/12/2020,5.55
7/12/2020,3.1
8/12/2020,2.05
9/12/2020,5.2
10/12/2020,8.75
11/12/2020,10.9
12/12/2020,13.15
13/12/2020,16.1
14/12/2020,8.45
15/12/2020,3.8
16/12/2020,3.4
17/12/2020,6.1
18/12/2020,2.45
19/12/2020,3.2
20/12/2020,6.45
21/12/2020,8.85
22/12/2020,6.05
23/12/2020,6.95
24/12/2020,10.1
25/12/2020,-1.95
26/12/2020,-0.35
27/12/2020,3.1
28/12/2020,7.9
29/12/2020,5.8
30/12/2020,2.65
31/12/2020,9.6
1/01/2021,7.95
2/01/2021,12.4
3/01/2021,11.35
4/01/2021,5.25
5/01/2021,5.15
6/01/2021,3.85
7/01/2021,3.75
8/01/2021,2
9/01/2021,3.1
10/01/2021,3.8
11/01/2021,4.35
12/01/2021,5.7
13/01/2021,5.9
14/01/2021,5.5
15/01/2021,6.2
16/01/2021,2.45
17/01/2021,3.55
18/01/2021,4.25
19/01/2021,6.75
20/01/2021,7.45
21/01/2021,8
22/01/2021,7.2
23/01/2021,3.45
24/01/2021,4.8
25/01/2021,6.8
26/01/2021,9.3
27/01/2021,6.9
28/01/2021,1.35
29/01/2021,0.65
30/01/2021,2.25
31/01/2021,3.35
1/02/2021,4.85
2/02/2021,2.95
3/02/2021,3.85
4/02/2021,4.2
5/02/2021,5.85
6/02/2021,6.6
7/02/2021,4.2
8/02/2021,5.85
9/02/2021,12.5
10/02/2021,10.4
11/02/2021,8.1
12/02/2021,1.95
13/02/2021,2.35
14/02/2021,3.1
15/02/2021,8.7
16/02/2021,7.55
17/02/2021,4.15
18/02/2021,1.65
19/02/2021,3.05
20/02/2021,2.6
21/02/2021,3.25
22/02/2021,9.6
23/02/2021,9.75
24/02/2021,12.25
25/02/2021,17
26/02/2021,9.4
27/02/2021,4.25
28/02/2021,8.45
1/03/2021,11.15
2/03/2021,7.25
3/03/2021,9.6
4/03/2021,11.45
5/03/2021,7.5
6/03/2021,6.75
7/03/2021,5.05
8/03/2021,8.15
9/03/2021,12.25
10/03/2021,14.75
11/03/2021,17
12/03/2021,19.95
13/03/2021,15.55
14/03/2021,17.9
15/03/2021,8.15
16/03/2021,5.6
17/03/2021,9.25
18/03/2021,17.5
19/03/2021,5.3
20/03/2021,6.65
21/03/2021,12.8
22/03/2021,15.1
23/03/2021,14.95
24/03/2021,17.75
25/03/2021,19.4
26/03/2021,19.4
27/03/2021,22.5
28/03/2021,17.95
29/03/2021,10.8
30/03/2021,15.95
31/03/2021,16.8
1/04/2021,7.1
2/04/2021,4.05
3/04/2021,8.2
4/04/2021,14.7
5/04/2021,17.35
6/04/2021,20
7/04/2021,21.5
8/04/2021,21.45
9/04/2021,21.9
10/04/2021,20.9
11/04/2021,18.4
12/04/2021,18.65
13/04/2021,18.25
14/04/2021,21.1
15/04/2021,12.65
16/04/2021,14.3
17/04/2021,15.1
18/04/2021,16.95
19/04/2021,13.85
20/04/2021,16.7
21/04/2021,13.2
22/04/2021,8.55
23/04/2021,13.1
24/04/2021,13.9
25/04/2021,15
26/04/2021,18.1
27/04/2021,21.65
28/04/2021,24.05
29/04/2021,25.25
30/04/2021,18.2
1/05/2021,17.3
2/05/2021,21.45
3/05/2021,23.2
4/05/2021,25.25
5/05/2021,21
6/05/2021,16.15
7/05/2021,12.3
8/05/2021,16.65
9/05/2021,21.05
10/05/2021,20.1
11/05/2021,17.55
12/05/2021,8.25
13/05/2021,13.95
14/05/2021,14.75
15/05/2021,16.7
16/05/2021,19.3
17/05/2021,20.15
18/05/2021,18.8
19/05/2021,20.55
20/05/2021,22.2
21/05/2021,20.25
22/05/2021,23.55
23/05/2021,25.7
24/05/2021,26.95
25/05/2021,25.05
26/05/2021,27.05
27/05/2021,27.05
28/05/2021,27.25
29/05/2021,20.85
30/05/2021,14.1
31/05/2021,17.9
1/06/2021,22.25
2/06/2021,23.35
3/06/2021,23.3
4/06/2021,24.5
5/06/2021,25.35
6/06/2021,26.15
7/06/2021,25.95
8/06/2021,25.3
9/06/2021,26.4
10/06/2021,25.75
11/06/2021,26.15
12/06/2021,23.45
13/06/2021,24.05
14/06/2021,27.05
15/06/2021,23.85
16/06/2021,22.95
17/06/2021,21.6
18/06/2021,26.25
19/06/2021,27.1
20/06/2021,25.05
21/06/2021,27.9
22/06/2021,21.4
23/06/2021,20.75
24/06/2021,21.3
25/06/2021,21.3
26/06/2021,25.15
27/06/2021,25.75
28/06/2021,26
29/06/2021,26.4
30/06/2021,27.75
1/07/2021,27.05
2/07/2021,21.7
3/07/2021,22.1
4/07/2021,24.15
5/07/2021,26.25
6/07/2021,26
7/07/2021,27.75
8/07/2021,23.55
9/07/2021,27.1
10/07/2021,27.45
11/07/2021,27.35
12/07/2021,27.05
13/07/2021,26.4
14/07/2021,27.55
15/07/2021,27.55
16/07/2021,27.95
17/07/2021,27.45
18/07/2021,26.7
19/07/2021,22.4
20/07/2021,25.1
21/07/2021,26.65
22/07/2021,26.05
23/07/2021,25.15
24/07/2021,25.3
25/07/2021,26.6
26/07/2021,27.85
27/07/2021,28.2
28/07/2021,26.75
29/07/2021,27.95
30/07/2021,28.75
31/07/2021,28.1
1/08/2021,27.25
2/08/2021,25.65
3/08/2021,20.65
4/08/2021,22.2
5/08/2021,24.05
6/08/2021,24.2
7/08/2021,23.95
8/08/2021,26.5
9/08/2021,27.55
10/08/2021,27.8
11/08/2021,28.95
12/08/2021,29.15
13/08/2021,29
14/08/2021,28.4
15/08/2021,27.2
16/08/2021,27
17/08/2021,25.95
18/08/2021,28.3
19/08/2021,28.35
20/08/2021,26
21/08/2021,26.3
22/08/2021,26.95
23/08/2021,27.2
24/08/2021,28.2
25/08/2021,27.7
26/08/2021,26.9
27/08/2021,28.35
28/08/2021,28.3
29/08/2021,28.15
30/08/2021,28.5
31/08/2021,28.5
1/09/2021,24.55
2/09/2021,20.5
3/09/2021,20.8
4/09/2021,22.55
5/09/2021,24.35
6/09/2021,24.3
7/09/2021,26.55
8/09/2021,26.95
9/09/2021,20.95
10/09/2021,20.2
11/09/2021,21.95
12/09/2021,24.45
13/09/2021,25.45
14/09/2021,26.35
15/09/2021,26
16/09/2021,25.35
17/09/2021,25.45
18/09/2021,25.4
19/09/2021,25.5
20/09/2021,24.8
21/09/2021,22.4
22/09/2021,21.1
23/09/2021,17.55
24/09/2021,17.2
25/09/2021,18.65
26/09/2021,19.1
27/09/2021,21.85
28/09/2021,23
29/09/2021,23.55
30/09/2021,22.25
1/10/2021,21.65
2/10/2021,23.3
3/10/2021,25.05
4/10/2021,25.6
5/10/2021,26.2
6/10/2021,26.15
7/10/2021,22.85
8/10/2021,21.9
9/10/2021,21.15
10/10/2021,22.4
11/10/2021,21.35
12/10/2021,19.75
13/10/2021,22.7
14/10/2021,23.1
15/10/2021,24.25
16/10/2021,21.1
17/10/2021,13.95
18/10/2021,15.35
19/10/2021,17.1
20/10/2021,18.65
21/10/2021,20.5
22/10/2021,19.55
23/10/2021,17.1
24/10/2021,19.95
25/10/2021,21.95
26/10/2021,15.25
27/10/2021,15.2
28/10/2021,15.4
29/10/2021,15.2
30/10/2021,13.2
31/10/2021,13.9
1/11/2021,13.6
2/11/2021,14.4
3/11/2021,9.4
4/11/2021,4.2
5/11/2021,6.25
6/11/2021,8.8
7/11/2021,9.3
8/11/2021,12.3
9/11/2021,15.9
10/11/2021,15.6
11/11/2021,15.4
12/11/2021,13.75
13/11/2021,9.9
14/11/2021,8.45
15/11/2021,7.45
16/11/2021,10.4
17/11/2021,15.8
18/11/2021,14.3
19/11/2021,5.5
20/11/2021,6.3
21/11/2021,11.45
22/11/2021,6.35
23/11/2021,2.35
24/11/2021,4.15
25/11/2021,8.85
26/11/2021,5.95
27/11/2021,5.85
28/11/2021,9.4
29/11/2021,3.2
30/11/2021,6.85
1/12/2021,10.7
2/12/2021,13.6
3/12/2021,15.7
4/12/2021,14.3
5/12/2021,11.6
6/12/2021,14.65
7/12/2021,7.95
8/12/2021,3.7
9/12/2021,3.9
10/12/2021,10.4
11/12/2021,15.1
12/12/2021,5.35
13/12/2021,7.1
14/12/2021,7.95
15/12/2021,7.75
16/12/2021,12.35
17/12/2021,17.8
18/12/2021,19.3
19/12/2021,7.8
20/12/2021,2.55
21/12/2021,4.25
22/12/2021,6.45
23/12/2021,4.5
24/12/2021,8.75
25/12/2021,16.95
26/12/2021,15.95
27/12/2021,15.45
28/12/2021,17.25
29/12/2021,20.8
30/12/2021,18.1
31/12/2021,18.85
1/01/2022,22.8
2/01/2022,17.8
3/01/2022,6.25
4/01/2022,2.6
5/01/2022,8.65
6/01/2022,9.05
7/01/2022,2
8/01/2022,1.5
9/01/2022,12.2
10/01/2022,3.75
11/01/2022,0.75
12/01/2022,3.85
13/01/2022,5.9
14/01/2022,6.2
15/01/2022,2.2
16/01/2022,0.55
17/01/2022,2
18/01/2022,4
19/01/2022,7.4
20/01/2022,5.3
21/01/2022,-2.65
22/01/2022,-2.9
23/01/2022,1.2
24/01/2022,5.35
25/01/2022,8.05
26/01/2022,1.05
27/01/2022,1.05
28/01/2022,3.1
29/01/2022,-2.25
30/01/2022,1.3
31/01/2022,5.3
1/02/2022,4.55
2/02/2022,7.25
3/02/2022,17.05
4/02/2022,12.2
5/02/2022,2.05
6/02/2022,2.4
7/02/2022,3.25
8/02/2022,4
9/02/2022,7
10/02/2022,10.45
11/02/2022,11.6
12/02/2022,12.7
13/02/2022,4
14/02/2022,3.8
15/02/2022,5.35
16/02/2022,9.55
17/02/2022,18.1
18/02/2022,11.05
19/02/2022,6.55
20/02/2022,5.35
21/02/2022,11.9
22/02/2022,18.5
23/02/2022,17.05
24/02/2022,12
25/02/2022,16.55
26/02/2022,9.15
27/02/2022,4.05
28/02/2022,7.9
1/03/2022,10.7
2/03/2022,15
3/03/2022,16.9
4/03/2022,10.8
5/03/2022,15.55
6/03/2022,21.1
7/03/2022,20
8/03/2022,13.95
9/03/2022,10.85
10/03/2022,7.4
11/03/2022,12.2
12/03/2022,5.1
13/03/2022,3.45
14/03/2022,10
15/03/2022,13.4
16/03/2022,15.7
17/03/2022,15.7
18/03/2022,18.2
19/03/2022,17.05
20/03/2022,11.1
21/03/2022,13.6
22/03/2022,16.6
23/03/2022,19.7
24/03/2022,15.55
25/03/2022,13.05
26/03/2022,8.6
27/03/2022,7.75
28/03/2022,9.35
29/03/2022,7.65
30/03/2022,15.8
31/03/2022,17.75
1/04/2022,12.65
2/04/2022,12.8
3/04/2022,13.15
4/04/2022,14.15
5/04/2022,18.55
6/04/2022,22
7/04/2022,18.4
8/04/2022,13
9/04/2022,7.35
10/04/2022,11.55
11/04/2022,19.7
12/04/2022,21.75
13/04/2022,22.7
14/04/2022,20.8
15/04/2022,16.5
16/04/2022,18.4
17/04/2022,16.7
18/04/2022,7.05
19/04/2022,8.75
20/04/2022,12.1
21/04/2022,17.2
22/04/2022,20.55
23/04/2022,21.05
24/04/2022,21.55
25/04/2022,22.65
26/04/2022,19.65
27/04/2022,14.8
28/04/2022,15.3
29/04/2022,17.95
30/04/2022,19.2
1/05/2022,22.6
2/05/2022,24
3/05/2022,24.1
4/05/2022,24.75
5/05/2022,20
6/05/2022,22.85
7/05/2022,16.35
8/05/2022,9.55
9/05/2022,14.6
10/05/2022,17.95
11/05/2022,20
12/05/2022,18.75
13/05/2022,20.75
14/05/2022,21
15/05/2022,23.95
16/05/2022,22.5
17/05/2022,21.4
18/05/2022,25.45
19/05/2022,27.25
20/05/2022,28.8
21/05/2022,25.8
22/05/2022,24.8
23/05/2022,24.25
24/05/2022,21.15
25/05/2022,20.1
26/05/2022,22.85
27/05/2022,22.25
28/05/2022,22.4
29/05/2022,25.05
30/05/2022,25.7
31/05/2022,26.85
1/06/2022,27.85
2/06/2022,28.15
3/06/2022,24.7
4/06/2022,22.05
5/06/2022,21.4
6/06/2022,23.45
7/06/2022,26.55
8/06/2022,26.6
9/06/2022,25.35
10/06/2022,23.05
11/06/2022,24.3
12/06/2022,27.15
13/06/2022,30.1
14/06/2022,28.95
15/06/2022,27.85
16/06/2022,26.4
17/06/2022,27.95
18/06/2022,23.35
19/06/2022,20.15
20/06/2022,21.95
21/06/2022,24.1
22/06/2022,28.6
23/06/2022,26.5
24/06/2022,25.75
25/06/2022,26.1
26/06/2022,28.05
27/06/2022,25.9
28/06/2022,26
29/06/2022,24.2
30/06/2022,26.5
1/07/2022,25.55
2/07/2022,27.05
3/07/2022,29.2
4/07/2022,27.5
5/07/2022,28
6/07/2022,29.5
7/07/2022,29.1
8/07/2022,28
9/07/2022,27
10/07/2022,20.15
11/07/2022,23.7
12/07/2022,27.2
13/07/2022,26.2
14/07/2022,26.05
15/07/2022,26.2
16/07/2022,26.4
17/07/2022,27.3
18/07/2022,28.05
19/07/2022,27.25
20/07/2022,27.95
21/07/2022,27.55
22/07/2022,28.05
23/07/2022,28.35
24/07/2022,28.95
25/07/2022,28.35
26/07/2022,28.6
27/07/2022,29.85
28/07/2022,30.15
29/07/2022,29.4
30/07/2022,28.55
31/07/2022,28.85
1/08/2022,27.95
2/08/2022,28.95
3/08/2022,29.3
4/08/2022,29.2
5/08/2022,29
6/08/2022,28.2
7/08/2022,27.7
8/08/2022,28.65
9/08/2022,29.65
10/08/2022,29.5
11/08/2022,26.55
12/08/2022,22.4
13/08/2022,22.75
14/08/2022,24.6
15/08/2022,23.6
16/08/2022,21.95
17/08/2022,22.9
18/08/2022,24.1
19/08/2022,22.05
20/08/2022,24.5
21/08/2022,24.9
22/08/2022,25.55
23/08/2022,24.4
24/08/2022,25.95
25/08/2022,24.8
26/08/2022,25.35
27/08/2022,26.9
28/08/2022,26.75
29/08/2022,26.4
30/08/2022,26.65
31/08/2022,25.35
1/09/2022,25
2/09/2022,26.15
3/09/2022,26.85
4/09/2022,26.45
5/09/2022,26.45
6/09/2022,27
7/09/2022,26.35
8/09/2022,22.35
9/09/2022,23.4
10/09/2022,23.8
11/09/2022,27
12/09/2022,26.35
13/09/2022,22.15
14/09/2022,21.4
15/09/2022,22.05
16/09/2022,21.8
17/09/2022,22.35
18/09/2022,23.7
19/09/2022,24.5
20/09/2022,25.75
21/09/2022,26.35
22/09/2022,23.85
23/09/2022,16.5
24/09/2022,19.1
25/09/2022,21.75
26/09/2022,21.1
27/09/2022,18.65
28/09/2022,17.6
29/09/2022,16.25
30/09/2022,15.65
1/10/2022,15.5
2/10/2022,15.25
3/10/2022,13.1
4/10/2022,14.2
5/10/2022,16.25
6/10/2022,19.5
7/10/2022,20.75
8/10/2022,13.95
9/10/2022,15.1
10/10/2022,15.75
11/10/2022,17.05
12/10/2022,19.5
13/10/2022,18.35
14/10/2022,15.5
15/10/2022,18.5
16/10/2022,21
17/10/2022,17.2
18/10/2022,7.1
19/10/2022,7.75
20/10/2022,10.4
21/10/2022,12.15
22/10/2022,15.35
23/10/2022,15
24/10/2022,15.75
25/10/2022,16.4
26/10/2022,16.55
27/10/2022,14.7
28/10/2022,14.7
29/10/2022,13.8
30/10/2022,15
31/10/2022,18.95
1/11/2022,18.7
2/11/2022,17.25
3/11/2022,16.95
4/11/2022,19.1
5/11/2022,22.2
6/11/2022,21.95
7/11/2022,21.5
8/11/2022,14.45
9/11/2022,14.4
10/11/2022,17.55
11/11/2022,22.35
12/11/2022,16.8
13/11/2022,6.8
14/11/2022,6.35
15/11/2022,8.65
16/11/2022,7.3
17/11/2022,3.6
18/11/2022,4.7
19/11/2022,7.35
20/11/2022,2.5
21/11/2022,5.6
22/11/2022,8.7
23/11/2022,11.65
24/11/2022,11.3
25/11/2022,11.4
26/11/2022,11.1
27/11/2022,16.7
28/11/2022,11.65
29/11/2022,11.6
30/11/2022,10.1
1/12/2022,5.25
2/12/2022,6.65
3/12/2022,12.9
4/12/2022,5.85
5/12/2022,6.2
6/12/2022,13.25
7/12/2022,17.2
8/12/2022,14.3
9/12/2022,10
10/12/2022,9.15
11/12/2022,9.2
12/12/2022,5.9
13/12/2022,4.1
14/12/2022,3.95
15/12/2022,9.25
16/12/2022,6.55
17/12/2022,5.05
18/12/2022,3.8
19/12/2022,3.2
20/12/2022,2.25
21/12/2022,4.15
22/12/2022,8.6
23/12/2022,-0.55
24/12/2022,-6.6
25/12/2022,-2.05
26/12/2022,-0.75
27/12/2022,2.9
28/12/2022,5.35
29/12/2022,8.1
30/12/2022,12.95
31/12/2022,15.3
1/01/2023,12.7
2/01/2023,13.45
3/01/2023,16.3
4/01/2023,16.8
5/01/2023,11.5
6/01/2023,7.9
7/01/2023,6.9
8/01/2023,5.65
9/01/2023,5.9
10/01/2023,6.8
11/01/2023,8.1
12/01/2023,15.75
13/01/2023,7.8
14/01/2023,1.75
15/01/2023,3.1
16/01/2023,5.65
17/01/2023,10.25
18/01/2023,14.45
19/01/2023,15.65
20/01/2023,8.65
21/01/2023,4.8
22/01/2023,6.2
23/01/2023,4.7
24/01/2023,5.5
25/01/2023,11.7
26/01/2023,5.45
27/01/2023,4.5
28/01/2023,7.35
29/01/2023,8.4
30/01/2023,12.25
31/01/2023,13
1/02/2023,7.25
2/02/2023,5.35
3/02/2023,3.8
4/02/2023,1.75
5/02/2023,4.95
6/02/2023,9.25
7/02/2023,10.6
8/02/2023,15.3
9/02/2023,17.25
10/02/2023,16.95
11/02/2023,8.7
12/02/2023,6.35
13/02/2023,10.4
14/02/2023,12.25
15/02/2023,16.1
16/02/2023,19.5
17/02/2023,9.85
18/02/2023,5.35
19/02/2023,8.9
20/02/2023,14.5
21/02/2023,17.6
22/02/2023,19.65
23/02/2023,23.4
24/02/2023,7.75
25/02/2023,6.9
26/02/2023,14.35
27/02/2023,14.1
28/02/2023,13.2
1/03/2023,7.55
2/03/2023,17.6
3/03/2023,20.1
4/03/2023,13.05
5/03/2023,12.35
6/03/2023,15.4
7/03/2023,15.05
8/03/2023,9.2
9/03/2023,10.95
10/03/2023,9.45
11/03/2023,8.9
12/03/2023,4.9
13/03/2023,7.2
14/03/2023,5.4
15/03/2023,6.1
16/03/2023,11.45
17/03/2023,15.75
18/03/2023,10.25
19/03/2023,5.75
20/03/2023,5.35
21/03/2023,9.8
22/03/2023,12.35
23/03/2023,20.1
24/03/2023,23.35
25/03/2023,20.8
26/03/2023,18.55
27/03/2023,18.35
28/03/2023,15.1
29/03/2023,9.75
30/03/2023,14
31/03/2023,17.35
1/04/2023,17.05
2/04/2023,13.6
3/04/2023,15.95
4/04/2023,20.95
5/04/2023,23.2
6/04/2023,24.55
7/04/2023,13.3
8/04/2023,5.9
9/04/2023,9.7
10/04/2023,9.95
11/04/2023,14.75
12/04/2023,18.7
13/04/2023,20.8
14/04/2023,20.85
15/04/2023,20.15
16/04/2023,19.7
17/04/2023,14.45
18/04/2023,18.2
19/04/2023,22
20/04/2023,22.45
21/04/2023,22.2
22/04/2023,15.25
23/04/2023,16.95
24/04/2023,12.45
25/04/2023,15.15
26/04/2023,16.9
27/04/2023,16.5
28/04/2023,20.6
29/04/2023,21.15
30/04/2023,14.8
1/05/2023,14.6
2/05/2023,14.55
3/05/2023,12.8
4/05/2023,14.2
5/05/2023,16.85
6/05/2023,20.15
7/05/2023,22.6
8/05/2023,22.95
9/05/2023,23
10/05/2023,18.6
11/05/2023,20.85
12/05/2023,22.65
13/05/2023,24.05
14/05/2023,19.55
15/05/2023,21.9
16/05/2023,24.15
17/05/2023,21.55
18/05/2023,19.35
19/05/2023,17.15
20/05/2023,21.3
21/05/2023,17.3
22/05/2023,20.35
23/05/2023,19.45
24/05/2023,19.2
25/05/2023,19.55
26/05/2023,15.75
27/05/2023,13.3
28/05/2023,17.25
29/05/2023,18.6
30/05/2023,20.55
31/05/2023,20.85
1/06/2023,21.55
2/06/2023,21.8
3/06/2023,23.75
4/06/2023,17.15
5/06/2023,20.4
6/06/2023,21.85
7/06/2023,21.05
8/06/2023,18.55
9/06/2023,19.45
10/06/2023,22.6
11/06/2023,24.65
12/06/2023,23.05
13/06/2023,21.8
14/06/2023,23.85
15/06/2023,24.9
16/06/2023,24.15
17/06/2023,22.65
18/06/2023,25.95
19/06/2023,25.9
20/06/2023,21.65
21/06/2023,20.8
22/06/2023,23.5
23/06/2023,23.95
24/06/2023,25
25/06/2023,26.65
26/06/2023,25.55
27/06/2023,25.35
28/06/2023,24.8
29/06/2023,25.7
30/06/2023,26.5
1/07/2023,26.35
2/07/2023,28.6
3/07/2023,28.75
4/07/2023,28.45
5/07/2023,27.35
6/07/2023,27.1
7/07/2023,27.95
8/07/2023,26.3
9/07/2023,26.6
10/07/2023,23.5
11/07/2023,27
12/07/2023,28.05
13/07/2023,29.1
14/07/2023,26.5
15/07/2023,27.6
16/07/2023,27.3
17/07/2023,25.85
18/07/2023,28.85
19/07/2023,28.2
20/07/2023,28.05
21/07/2023,28.4
22/07/2023,25.2
23/07/2023,26.5
24/07/2023,26.05
25/07/2023,27.85
26/07/2023,29.15
27/07/2023,29.25
28/07/2023,29.15
29/07/2023,27.55
30/07/2023,27.4
31/07/2023,25.2
1/08/2023,24.6
2/08/2023,24.1
3/08/2023,23.7
4/08/2023,23.3
5/08/2023,27.05
6/08/2023,27.95
7/08/2023,27.85
8/08/2023,26.75
9/08/2023,27.35
10/08/2023,25.95
11/08/2023,26.85
12/08/2023,28.55
13/08/2023,30.35
14/08/2023,30
15/08/2023,29.7
16/08/2023,27.95
17/08/2023,26.3
18/08/2023,26.1
19/08/2023,25.85
20/08/2023,28.5
21/08/2023,28.6
22/08/2023,27.85
23/08/2023,24.15
24/08/2023,27.95
25/08/2023,28.85
26/08/2023,29.65
27/08/2023,28.65
28/08/2023,26.9
29/08/2023,27
30/08/2023,23.5
31/08/2023,21.4
1/09/2023,20.95
2/09/2023,22.1
3/09/2023,25.75
4/09/2023,27.55
5/09/2023,28.4
6/09/2023,29.05
7/09/2023,26.55
8/09/2023,26.55
9/09/2023,24.1
10/09/2023,24.35
11/09/2023,25.35
12/09/2023,26.1
13/09/2023,24.8
14/09/2023,22.4
15/09/2023,18.8
16/09/2023,22
17/09/2023,20.25
18/09/2023,19.85
19/09/2023,21.1
20/09/2023,21.85
21/09/2023,22
22/09/2023,17.9
23/09/2023,16.75
24/09/2023,22.75
25/09/2023,23.7
26/09/2023,20.8
27/09/2023,17.7
28/09/2023,20.55
29/09/2023,19.25
30/09/2023,18.85
1/10/2023,20.4
2/10/2023,21.25
3/10/2023,20.75
4/10/2023,20.65
5/10/2023,22.6
6/10/2023,20.9
7/10/2023,15.05
8/10/2023,12.15
9/10/2023,15.75
10/10/2023,19.35
11/10/2023,19.1
12/10/2023,16.75
13/10/2023,19.35
14/10/2023,15.2
15/10/2023,13.25
16/10/2023,11.4
17/10/2023,13.55
18/10/2023,14.4
19/10/2023,16.3
20/10/2023,15.35
21/10/2023,15
22/10/2023,13.75
23/10/2023,11.7
24/10/2023,13.45
25/10/2023,17.2
26/10/2023,19.15
27/10/2023,19.7
28/10/2023,21.45
29/10/2023,22.05
30/10/2023,21.45
31/10/2023,8.9
1/11/2023,3.55
2/11/2023,4.65
3/11/2023,8.15
4/11/2023,12.45
5/11/2023,14.15
6/11/2023,15.3
7/11/2023,17.7
8/11/2023,18.75
9/11/2023,20.3
10/11/2023,15.4
11/11/2023,9.45
12/11/2023,9.4
13/11/2023,9.95
14/11/2023,11.8
15/11/2023,10.05
16/11/2023,14.95
17/11/2023,16.65
18/11/2023,13.9
19/11/2023,8.45
20/11/2023,10.1
21/11/2023,14.9
22/11/2023,9.75
23/11/2023,8.55
24/11/2023,8.85
25/11/2023,6.2
26/11/2023,5.45
27/11/2023,6.65
28/11/2023,2.7
29/11/2023,2.15
30/11/2023,6.95
1/12/2023,11.3
2/12/2023,19.05
3/12/2023,15.55
4/12/2023,11.05
5/12/2023,9.5
6/12/2023,4.85
7/12/2023,5.7
8/12/2023,9.85
9/12/2023,14.95
10/12/2023,12.8
11/12/2023,3.1
12/12/2023,4.4
13/12/2023,7.2
14/12/2023,4.65
15/12/2023,6.45
16/12/2023,7.45
17/12/2023,10.85
18/12/2023,7.8
19/12/2023,1.95
20/12/2023,2.55
21/12/2023,6.85
22/12/2023,7.4
23/12/2023,9.5
24/12/2023,11.35
25/12/2023,12.6
26/12/2023,15.8
27/12/2023,14.1
28/12/2023,8.9
29/12/2023,6.55
30/12/2023,4.6
31/12/2023,5.15
1/01/2024,5.05
2/01/2024,3.55
3/01/2024,4.3
4/01/2024,3.2
5/01/2024,2.05
6/01/2024,10.35
7/01/2024,6.45
8/01/2024,4.35
9/01/2024,12
10/01/2024,5.2
11/01/2024,6.3
12/01/2024,9.2
13/01/2024,5.55
14/01/2024,6.7
15/01/2024,8.95
16/01/2024,-0.2
17/01/2024,-2.45
18/01/2024,3.45
19/01/2024,3.75
20/01/2024,-4.25
21/01/2024,-2.35
22/01/2024,1.65
23/01/2024,7.5
24/01/2024,16
25/01/2024,19.15
26/01/2024,18.7
27/01/2024,17.6
28/01/2024,11.75
29/01/2024,7.2
30/01/2024,6.45
31/01/2024,3.75
1/02/2024,6.8
2/02/2024,9.65
3/02/2024,5.2
4/02/2024,5.95
5/02/2024,8.15
6/02/2024,5.2
7/02/2024,4.85
8/02/2024,6.7
9/02/2024,11.1
10/02/2024,17.2
11/02/2024,16.2
12/02/2024,13.4
13/02/2024,8.2
14/02/2024,9.45
15/02/2024,11.65
16/02/2024,10.95
17/02/2024,5.35
18/02/2024,2.9
19/02/2024,6.05
20/02/2024,6.25
21/02/2024,6.85
22/02/2024,10.25
23/02/2024,9.6
24/02/2024,7.35
25/02/2024,6.55
26/02/2024,13.95
27/02/2024,13.75
28/02/2024,12.9
29/02/2024,7.1
1/03/2024,10.5
2/03/2024,15
3/03/2024,16
4/03/2024,15.5
5/03/2024,16.75
6/03/2024,13.95
7/03/2024,15.75
8/03/2024,14
9/03/2024,15.4
10/03/2024,9.9
11/03/2024,9.35
12/03/2024,13.9
13/03/2024,15.65
14/03/2024,19.1
15/03/2024,19.4
16/03/2024,17.95
17/03/2024,17.25
18/03/2024,8.5
19/03/2024,7.8
20/03/2024,13.7
21/03/2024,13.25
22/03/2024,14
23/03/2024,11.05
24/03/2024,7.05
25/03/2024,10.2
26/03/2024,12.6
27/03/2024,13.95
28/03/2024,9.85
29/03/2024,13.95
30/03/2024,17.45
31/03/2024,21.75
1/04/2024,22.5
2/04/2024,23.8
3/04/2024,15.95
4/04/2024,10.4
5/04/2024,10.45
6/04/2024,10.15
7/04/2024,12.8
8/04/2024,17.65
9/04/2024,16.6
10/04/2024,20.85
11/04/2024,18.8
12/04/2024,15.4
13/04/2024,15.35
14/04/2024,21.05
15/04/2024,23.65
16/04/2024,22.9
17/04/2024,21.85
18/04/2024,22.55
19/04/2024,21.05
20/04/2024,20.5
21/04/2024,10.4
22/04/2024,10
23/04/2024,16.1
24/04/2024,17.4
25/04/2024,17.6
26/04/2024,16.4
27/04/2024,19.3
28/04/2024,19.35
29/04/2024,22.05
30/04/2024,22.3
1/05/2024,21.8
2/05/2024,24.85
3/05/2024,25.05
4/05/2024,22.55
5/05/2024,22.7
6/05/2024,22.5
7/05/2024,25.2
8/05/2024,25.15
9/05/2024,22.3
10/05/2024,18.65
11/05/2024,17.8
12/05/2024,18.4
13/05/2024,20.45
14/05/2024,19.05
15/05/2024,21.3
16/05/2024,22.1
17/05/2024,23.7
18/05/2024,21.6
19/05/2024,18.4
20/05/2024,19.85
21/05/2024,22.4
22/05/2024,24.55
23/05/2024,25.6
24/05/2024,24.9
25/05/2024,25.25
26/05/2024,26.1
27/05/2024,25.8
28/05/2024,23.85
29/05/2024,22.85
30/05/2024,20.35
31/05/2024,17.6
1/06/2024,22.15
2/06/2024,23.2
3/06/2024,23.9
4/06/2024,25.95
5/06/2024,25.45
6/06/2024,26.4
7/06/2024,23.9
8/06/2024,24.4
9/06/2024,25.45
10/06/2024,22.65
11/06/2024,23.05
12/06/2024,24.35
13/06/2024,24.45
14/06/2024,27.45
15/06/2024,27.55
16/06/2024,26.35
17/06/2024,25.4
18/06/2024,24.9
19/06/2024,25.15
20/06/2024,24.95
21/06/2024,28.3
22/06/2024,29.5
23/06/2024,30.25
24/06/2024,28.35
25/06/2024,29.55
26/06/2024,30.95
27/06/2024,26.7
28/06/2024,28.75
29/06/2024,30.3
30/06/2024,28.75
1/07/2024,22.2
2/07/2024,24.25
3/07/2024,27.2
4/07/2024,29.75
5/07/2024,31.75
6/07/2024,30.15
7/07/2024,28.5
8/07/2024,28.45
9/07/2024,30.35
10/07/2024,29.55
11/07/2024,27.3
12/07/2024,25.1
13/07/2024,28.95
14/07/2024,30.1
15/07/2024,30.1
16/07/2024,29.8
17/07/2024,28.95
18/07/2024,28.15
19/07/2024,25.9
20/07/2024,26.75
21/07/2024,26.7
22/07/2024,26.9
23/07/2024,27.65
24/07/2024,27.85
25/07/2024,25.8
26/07/2024,24.3
27/07/2024,24.2
28/07/2024,25.7
29/07/2024,22.85
30/07/2024,26.8
31/07/2024,28.7
1/08/2024,30.6
2/08/2024,29.35
3/08/2024,27.7
4/08/2024,27.55
5/08/2024,26.55
6/08/2024,24.8
7/08/2024,25.2
8/08/2024,25.1
9/08/2024,27.95
10/08/2024,28.75
11/08/2024,28.2
12/08/2024,25.9
13/08/2024,23.4
14/08/2024,24.8
15/08/2024,25.2
16/08/2024,27.55
17/08/2024,27.2
18/08/2024,26.35
19/08/2024,26.45
20/08/2024,22.15
21/08/2024,19.35
22/08/2024,19.95
23/08/2024,20.05
24/08/2024,21.8
25/08/2024,23.45
26/08/2024,25.4
27/08/2024,26.95
28/08/2024,29
29/08/2024,29.7
30/08/2024,28.25
31/08/2024,26.9
1/09/2024,26.8
2/09/2024,23.05
3/09/2024,21.2
4/09/2024,22
5/09/2024,20.7
6/09/2024,22.9
7/09/2024,22.15
8/09/2024,18.4
9/09/2024,18.85
10/09/2024,20.7
11/09/2024,21.25
12/09/2024,22.95
13/09/2024,21.9
14/09/2024,23.8
15/09/2024,22.85
16/09/2024,19.65
17/09/2024,20.4
18/09/2024,23.65
19/09/2024,22.85
20/09/2024,23
21/09/2024,24.05
22/09/2024,25.5
23/09/2024,22.7
24/09/2024,25.8
25/09/2024,26.05
26/09/2024,24.2
27/09/2024,24.15
28/09/2024,24.05
29/09/2024,24.95
30/09/2024,23.95
1/10/2024,21.85
2/10/2024,22.35
3/10/2024,21.75
4/10/2024,21.85
5/10/2024,23.25
6/10/2024,21.45
7/10/2024,21.7
8/10/2024,16.4
9/10/2024,16.65
10/10/2024,13.35
11/10/2024,14.1
12/10/2024,17.45
13/10/2024,19.1
14/10/2024,15.6
15/10/2024,12.7
16/10/2024,9.15
17/10/2024,9.65
18/10/2024,11.9
19/10/2024,13.7
20/10/2024,14.35
21/10/2024,15.8
22/10/2024,17.3
23/10/2024,19.25
24/10/2024,15.85
25/10/2024,16.1
26/10/2024,19.8
27/10/2024,11.1
28/10/2024,14
29/10/2024,15.25
30/10/2024,19.85
31/10/2024,19.85
1/11/2024,21.9
2/11/2024,15.7
3/11/2024,14.85
4/11/2024,17.5
5/11/2024,19.8
6/11/2024,22
7/11/2024,22.05
8/11/2024,18.65
9/11/2024,13.5
10/11/2024,13.95
11/11/2024,17.2
12/11/2024,12.7
13/11/2024,10.3
14/11/2024,9.7
15/11/2024,11.5
16/11/2024,10.95
17/11/2024,12.15
18/11/2024,14.85
19/11/2024,14.05
20/11/2024,11.15
21/11/2024,7.2
22/11/2024,5.55
23/11/2024,8
24/11/2024,10.55
25/11/2024,13.05
26/11/2024,11.9
27/11/2024,11.65
28/11/2024,10.9
29/11/2024,3.75
30/11/2024,3.1
1/12/2024,4.8
2/12/2024,3
3/12/2024,-0.25
4/12/2024,2.15
5/12/2024,5.8
6/12/2024,-1.1
7/12/2024,2.25
8/12/2024,10.3
9/12/2024,11.8
10/12/2024,18.5
11/12/2024,8.85
12/12/2024,4.55
13/12/2024,6.65
14/12/2024,7.05
15/12/2024,9.95
16/12/2024,12.55
17/12/2024,16.45
18/12/2024,15.95
19/12/2024,10.05
20/12/2024,6.75
21/12/2024,3.55
22/12/2024,-0.25
23/12/2024,0.7
24/12/2024,6.95
25/12/2024,5.95
26/12/2024,5.85
27/12/2024,6.5
28/12/2024,14.85
29/12/2024,15.1
30/12/2024,11
31/12/2024,11.8
1/01/2025,0.8
2/01/2025,-0.7
3/01/2025,0.1
4/01/2025,-1.05
5/01/2025,-2.25
6/01/2025,6.05
7/01/2025,-0.9
8/01/2025,-1.15
9/01/2025,-2.25
10/01/2025,-1.95
11/01/2025,0.65
12/01/2025,1.1
13/01/2025,3.85
14/01/2025,3.1
15/01/2025,-1.6
16/01/2025,3.05
17/01/2025,5.6
18/01/2025,7.5
19/01/2025,5.6
20/01/2025,-1.7
21/01/2025,-4.45
22/01/2025,-5.55
23/01/2025,-2.75
24/01/2025,-0.5
25/01/2025,2
26/01/2025,5
27/01/2025,6.35
28/01/2025,8.4
29/01/2025,10.35
30/01/2025,9.1
31/01/2025,15.75
1/02/2025,11.9
2/02/2025,7.5
3/02/2025,11.5
4/02/2025,16.1
5/02/2025,8.8
6/02/2025,13.25
7/02/2025,16.8
8/02/2025,13.55
9/02/2025,15.3
10/02/2025,4.15
11/02/2025,3.05
12/02/2025,4.1
13/02/2025,7.5
14/02/2025,5.25
15/02/2025,10.5
16/02/2025,10.5
17/02/2025,3.2
18/02/2025,4.9
19/02/2025,-1.05
20/02/2025,-2.6
21/02/2025,0
22/02/2025,3.9
23/02/2025,6.75
24/02/2025,8.9
25/02/2025,12.1
26/02/2025,14.4
27/02/2025,14.3
28/02/2025,11.85
1/03/2025,12.2
2/03/2025,2.75
3/03/2025,5.85
4/03/2025,10.85
5/03/2025,13
6/03/2025,5.65
7/03/2025,6.55
8/03/2025,15.05
9/03/2025,9.4
10/03/2025,9.25
11/03/2025,14.2
12/03/2025,17.3
13/03/2025,16.45
14/03/2025,13
15/03/2025,17.75
16/03/2025,17.9
17/03/2025,10.15
18/03/2025,12.9
19/03/2025,17.35
20/03/2025,13.95
21/03/2025,11.1
22/03/2025,13.7
23/03/2025,15.75
24/03/2025,14
25/03/2025,14.7
26/03/2025,11.15
27/03/2025,12.6
28/03/2025,18.7
29/03/2025,20.15
30/03/2025,20.8
31/03/2025,20
1/04/2025,17
2/04/2025,19.35
3/04/2025,25.55
4/04/2025,24.75
5/04/2025,24.8
6/04/2025,24.6
7/04/2025,16.65
8/04/2025,11.05
9/04/2025,10.95
10/04/2025,14.55
11/04/2025,13.4
12/04/2025,8.6
13/04/2025,12.95
14/04/2025,21.75
15/04/2025,14.9
16/04/2025,13.35
17/04/2025,16.05
18/04/2025,20.3
19/04/2025,23.25
20/04/2025,23
21/04/2025,22.3
22/04/2025,22.7
23/04/2025,20.85
24/04/2025,21.1
25/04/2025,22.9
26/04/2025,21.1
27/04/2025,16.1
28/04/2025,18.35
29/04/2025,21.7
30/04/2025,23.8
1/05/2025,24.35
2/05/2025,24.5
3/05/2025,22.85
4/05/2025,18.75
5/05/2025,19.4
6/05/2025,19.65
7/05/2025,21.95
8/05/2025,22.4
9/05/2025,19.75
10/05/2025,18.15
11/05/2025,16.8
12/05/2025,20.3
13/05/2025,23.05
14/05/2025,22.6
15/05/2025,25.35
16/05/2025,28.05
17/05/2025,24.45
18/05/2025,24
19/05/2025,23.65
20/05/2025,24.2
21/05/2025,23.2
22/05/2025,20.8
23/05/2025,18.05
24/05/2025,19.85
25/05/2025,21.3
26/05/2025,16.7
27/05/2025,15.65
28/05/2025,20.5
29/05/2025,23.55
30/05/2025,19.8
31/05/2025,20
1/06/2025,21.1
2/06/2025,18.7
3/06/2025,22.7
4/06/2025,24.3
5/06/2025,22.35
6/06/2025,26.05
7/06/2025,26.4
8/06/2025,25.4
9/06/2025,26.15
10/06/2025,23.95
11/06/2025,25.9
12/06/2025,26.8
13/06/2025,25.45
14/06/2025,26.75
15/06/2025,26.9
16/06/2025,27.2
17/06/2025,27.45
18/06/2025,28.15
19/06/2025,27.45
20/06/2025,25.15
21/06/2025,26.9
22/06/2025,28.6
23/06/2025,30.15
24/06/2025,30.7
25/06/2025,28.65
26/06/2025,28.65
27/06/2025,28
28/06/2025,27.85
29/06/2025,28.45
30/06/2025,28.35
1/07/2025,28.15
2/07/2025,25.7
3/07/2025,27
4/07/2025,27
5/07/2025,26.5
6/07/2025,23.45
7/07/2025,29.2
8/07/2025,28.85
9/07/2025,27.75
10/07/2025,26.05
11/07/2025,26.65
12/07/2025,28.25
13/07/2025,28.35
14/07/2025,28.1
15/07/2025,28.35
16/07/2025,28
17/07/2025,28.7
18/07/2025,29.75
19/07/2025,30.1
20/07/2025,29.95
21/07/2025,29.3
22/07/2025,25.5
23/07/2025,27
24/07/2025,28.4
25/07/2025,30.2
26/07/2025,31.35
27/07/2025,30.25
28/07/2025,29.9
29/07/2025,28.7
30/07/2025,29
31/07/2025,27.95
1/08/2025,25.8
2/08/2025,21.7
3/08/2025,22.7
4/08/2025,24.15
5/08/2025,21.6
6/08/2025,21.85
7/08/2025,21
8/08/2025,22.85
9/08/2025,24.65
10/08/2025,24.95
11/08/2025,26.5
12/08/2025,24.25
13/08/2025,27.5
14/08/2025,27
15/08/2025,28
16/08/2025,26.7
17/08/2025,27.95
18/08/2025,27.85
19/08/2025,25.5
20/08/2025,25.4
21/08/2025,26.1
22/08/2025,23.45
23/08/2025,23.75
24/08/2025,26.35
25/08/2025,25.25
26/08/2025,21.3
27/08/2025,20.75
28/08/2025,21.65
29/08/2025,22.05
30/08/2025,24.1
31/08/2025,20.05
1/09/2025,20.25
2/09/2025,19.65
3/09/2025,21.7
4/09/2025,24.45
5/09/2025,26.6
6/09/2025,27.15
7/09/2025,20.5
8/09/2025,19.9
9/09/2025,20.35
10/09/2025,21.5
11/09/2025,21.1
12/09/2025,21.05
13/09/2025,20.8
14/09/2025,20.55
15/09/2025,21.8
16/09/2025,19.8
17/09/2025,22.35
18/09/2025,23.45
19/09/2025,24.6
20/09/2025,23.4
21/09/2025,22.15
22/09/2025,22.5
23/09/2025,25.15
24/09/2025,27.25
25/09/2025,27.85
26/09/2025,25.6
27/09/2025,24
28/09/2025,22.8
29/09/2025,20.25
30/09/2025,20
1/10/2025,18.5
2/10/2025,16.95
3/10/2025,18
4/10/2025,20.2
5/10/2025,21.35
6/10/2025,21.25
7/10/2025,22.2
8/10/2025,20.6
9/10/2025,17.15
10/10/2025,16.95
11/10/2025,16.5
12/10/2025,17.05
13/10/2025,16.8
14/10/2025,17.55
15/10/2025,18
16/10/2025,13.85
17/10/2025,14
18/10/2025,18.7
19/10/2025,16.9
20/10/2025,13.55
21/10/2025,16.2
22/10/2025,14.15
23/10/2025,13.65
24/10/2025,11.9
25/10/2025,11.1
26/10/2025,13.05
27/10/2025,11.05
28/10/2025,9.65
29/10/2025,11.85
30/10/2025,11.35
31/10/2025,10.25
1/11/2025,9.75
2/11/2025,10.6
3/11/2025,11.8
4/11/2025,11.25
5/11/2025,13.75
6/11/2025,12.75
7/11/2025,14.35
8/11/2025,18.5
9/11/2025,15.25
10/11/2025,3.9
11/11/2025,2.8
12/11/2025,9.7
13/11/2025,10.45
14/11/2025,11
15/11/2025,14.9
16/11/2025,14.4
17/11/2025,9.55
18/11/2025,11.35
19/11/2025,15.05
20/11/2025,12.55
21/11/2025,16.1
22/11/2025,18.7
23/11/2025,12.4
24/11/2025,11.8
25/11/2025,15.6
26/11/2025,14.2
27/11/2025,4.5
28/11/2025,1.45
29/11/2025,1.4
30/11/2025,8.6
1/12/2025,6.3
2/12/2025,2.8
3/12/2025,4.1
4/12/2025,4.75
5/12/2025,3.7
6/12/2025,2.65
7/12/2025,2.4
8/12/2025,2
9/12/2025,1.4
10/12/2025,5.95
11/12/2025,4.35
12/12/2025,3.05
13/12/2025,8.15
14/12/2025,1.95
15/12/2025,-3.35
16/12/2025,4
17/12/2025,7.85
18/12/2025,11.95
19/12/2025,8.85
20/12/2025,6.5
21/12/2025,8.15
22/12/2025,5.4
23/12/2025,11.8
24/12/2025,14.8
25/12/2025,16.05
26/12/2025,8.9
27/12/2025,14
28/12/2025,10
29/12/2025,9.4
30/12/2025,1.55
31/12/2025,3.5
1/01/2026,9
2/01/2026,8
3/01/2026,3
4/01/2026,5.15
5/01/2026,8.8
6/01/2026,13
7/01/2026,14.2
8/01/2026,11.95
9/01/2026,15.6
10/01/2026,20.55
11/01/2026,5.95
12/01/2026,2.8
13/01/2026,5.95
14/01/2026,6.7
15/01/2026,-1.7
16/01/2026,-0.4
17/01/2026,7.9
18/01/2026,1.3
19/01/2026,1.6
20/01/2026,1
21/01/2026,3.05
22/01/2026,11.25
23/01/2026,5.8
24/01/2026,-2.45
25/01/2026,-2.45
26/01/2026,-2.25
27/01/2026,-2.4
28/01/2026,0.55
29/01/2026,-1.4
30/01/2026,-0.8
31/01/2026,-5.9
1/02/2026,-5.25
2/02/2026,-3.1
3/02/2026,2.35
4/02/2026,3.65
5/02/2026,-0.7
6/02/2026,2.95
7/02/2026,-0.15
8/02/2026,-1.85
9/02/2026,1.8
10/02/2026,9.75
11/02/2026,10.65
12/02/2026,5.65
13/02/2026,3.85
14/02/2026,6.65
15/02/2026,9.85
16/02/2026,7
17/02/2026,9.15
18/02/2026,16.25
19/02/2026,18.7
20/02/2026,17.75
21/02/2026,12.5
22/02/2026,3.95
23/02/2026,1.6
24/02/2026,2.75
25/02/2026,10.8
26/02/2026,12.3
27/02/2026,9.65
28/02/2026,10.9
1/03/2026,15.05
2/03/2026,7.9
3/03/2026,11.8
4/03/2026,17
5/03/2026,19.6
6/03/2026,22.35
7/03/2026,22.7
8/03/2026,20.2
9/03/2026,18.9
10/03/2026,22.4
11/03/2026,25.05
12/03/2026,10.6
13/03/2026,8.55
14/03/2026,16.2
15/03/2026,17.1
16/03/2026,10
17/03/2026,4
18/03/2026,5.15
19/03/2026,9.8
20/03/2026,14.3
