,"(mm) Precipitation (gridMET) at -78.2999E,34.0820N, 2015-01-01 to 2026-03-20"
1/01/2015,0
2/01/2015,6.1509
3/01/2015,15.1854
4/01/2015,1.0826
5/01/2015,0
6/01/2015,0
7/01/2015,0
8/01/2015,0
9/01/2015,0
10/01/2015,0
11/01/2015,5.216
12/01/2015,44.1783
13/01/2015,2.5588
14/01/2015,0.2756
15/01/2015,0.6594
16/01/2015,0
17/01/2015,5.6884
18/01/2015,4.1826
19/01/2015,0
20/01/2015,0
21/01/2015,0
22/01/2015,0
23/01/2015,59.6097
24/01/2015,6.2887
25/01/2015,0
26/01/2015,0.7775
27/01/2015,0
28/01/2015,0
29/01/2015,1.5156
30/01/2015,0
31/01/2015,0
1/02/2015,7.5976
2/02/2015,5.3242
3/02/2015,0
4/02/2015,10.6386
5/02/2015,0
6/02/2015,0
7/02/2015,0
8/02/2015,0
9/02/2015,3.8972
10/02/2015,5.7474
11/02/2015,0
12/02/2015,0
13/02/2015,0
14/02/2015,0
15/02/2015,0
16/02/2015,16.199
17/02/2015,0.8759
18/02/2015,0
19/02/2015,0
20/02/2015,0
21/02/2015,3.4445
22/02/2015,4.4877
23/02/2015,10.4418
24/02/2015,12.4691
25/02/2015,32.9787
26/02/2015,0
27/02/2015,0
28/02/2015,0
1/03/2015,1.7616
2/03/2015,0
3/03/2015,1.3089
4/03/2015,0
5/03/2015,9.8218
6/03/2015,0
7/03/2015,0
8/03/2015,0
9/03/2015,0
10/03/2015,0.8956
11/03/2015,0
12/03/2015,0
13/03/2015,0
14/03/2015,15.7857
15/03/2015,0
16/03/2015,0
17/03/2015,0
18/03/2015,0
19/03/2015,8.5621
20/03/2015,0
21/03/2015,0
22/03/2015,14.9098
23/03/2015,1.181
24/03/2015,0
25/03/2015,0.9448
26/03/2015,3.8086
27/03/2015,16.8584
28/03/2015,0
29/03/2015,0
30/03/2015,0
31/03/2015,0
1/04/2015,0
2/04/2015,0
3/04/2015,0
4/04/2015,0
5/04/2015,0
6/04/2015,0
7/04/2015,1.4861
8/04/2015,0
9/04/2015,16.1006
10/04/2015,0
11/04/2015,3.4839
12/04/2015,0
13/04/2015,1.5746
14/04/2015,6.1804
15/04/2015,7.076
16/04/2015,1.0235
17/04/2015,1.1219
18/04/2015,7.3712
19/04/2015,14.8212
20/04/2015,0
21/04/2015,0
22/04/2015,0
23/04/2015,0
24/04/2015,0
25/04/2015,1.4369
26/04/2015,2.4308
27/04/2015,0
28/04/2015,0
29/04/2015,12.2624
30/04/2015,0
1/05/2015,2.0667
2/05/2015,0
3/05/2015,0
4/05/2015,0
5/05/2015,0
6/05/2015,0.4625
7/05/2015,0
8/05/2015,4.6944
9/05/2015,32.959
10/05/2015,125.1832
11/05/2015,4.6452
12/05/2015,0
13/05/2015,0
14/05/2015,0
15/05/2015,0
16/05/2015,0
17/05/2015,0
18/05/2015,0
19/05/2015,4.9207
20/05/2015,1.0334
21/05/2015,9.31
22/05/2015,0
23/05/2015,0
24/05/2015,0
25/05/2015,0
26/05/2015,0
27/05/2015,0
28/05/2015,0
29/05/2015,0
30/05/2015,0
31/05/2015,0
1/06/2015,0
2/06/2015,50.9197
3/06/2015,8.1487
4/06/2015,1.1121
5/06/2015,0
6/06/2015,0
7/06/2015,0
8/06/2015,0
9/06/2015,25.2925
10/06/2015,0
11/06/2015,0
12/06/2015,0
13/06/2015,0
14/06/2015,0
15/06/2015,0
16/06/2015,0
17/06/2015,0
18/06/2015,23.5211
19/06/2015,26.8967
20/06/2015,0
21/06/2015,0
22/06/2015,0
23/06/2015,0
24/06/2015,7.2827
25/06/2015,0
26/06/2015,0
27/06/2015,6.6823
28/06/2015,2.3521
29/06/2015,0
30/06/2015,0
1/07/2015,0
2/07/2015,5.1569
3/07/2015,2.7458
4/07/2015,0
5/07/2015,0
6/07/2015,0
7/07/2015,0
8/07/2015,0
9/07/2015,0
10/07/2015,0
11/07/2015,0
12/07/2015,0
13/07/2015,64.9634
14/07/2015,0
15/07/2015,0
16/07/2015,0
17/07/2015,0
18/07/2015,0
19/07/2015,0
20/07/2015,0
21/07/2015,3.2772
22/07/2015,0
23/07/2015,12.105
24/07/2015,0
25/07/2015,0
26/07/2015,0
27/07/2015,0
28/07/2015,0
29/07/2015,0
30/07/2015,0
31/07/2015,5.7966
1/08/2015,0
2/08/2015,2.6867
3/08/2015,20.4899
4/08/2015,19.6337
5/08/2015,0
6/08/2015,39.8579
7/08/2015,5.0585
8/08/2015,0
9/08/2015,0
10/08/2015,2.4997
11/08/2015,6.8496
12/08/2015,0
13/08/2015,0
14/08/2015,0
15/08/2015,0
16/08/2015,0
17/08/2015,0
18/08/2015,4.3401
19/08/2015,1.3188
20/08/2015,0
21/08/2015,22.5271
22/08/2015,0
23/08/2015,0
24/08/2015,0
25/08/2015,24.0525
26/08/2015,0
27/08/2015,2.0273
28/08/2015,0
29/08/2015,1.6238
30/08/2015,6.269
31/08/2015,22.7337
1/09/2015,0
2/09/2015,0
3/09/2015,1.24
4/09/2015,0
5/09/2015,1.5648
6/09/2015,42.4265
7/09/2015,0
8/09/2015,0
9/09/2015,1.988
10/09/2015,1.1121
11/09/2015,0
12/09/2015,0.807
13/09/2015,0
14/09/2015,0
15/09/2015,0
16/09/2015,0
17/09/2015,0
18/09/2015,0
19/09/2015,0
20/09/2015,0
21/09/2015,0
22/09/2015,0
23/09/2015,0
24/09/2015,22.0055
25/09/2015,4.2909
26/09/2015,0.7479
27/09/2015,16.1105
28/09/2015,4.901
29/09/2015,0
30/09/2015,0
1/10/2015,51.1559
2/10/2015,78.1805
3/10/2015,23.1569
4/10/2015,106.7699
5/10/2015,27.3002
6/10/2015,0
7/10/2015,0
8/10/2015,0
9/10/2015,0
10/10/2015,18.2362
11/10/2015,0.3346
12/10/2015,0.3444
13/10/2015,0
14/10/2015,0
15/10/2015,0
16/10/2015,0
17/10/2015,0
18/10/2015,0
19/10/2015,0
20/10/2015,0
21/10/2015,0
22/10/2015,0
23/10/2015,0
24/10/2015,0
25/10/2015,0
26/10/2015,5.1766
27/10/2015,16.3368
28/10/2015,12.8332
29/10/2015,0
30/10/2015,0
31/10/2015,0
1/11/2015,3.4445
2/11/2015,82.6386
3/11/2015,18.1083
4/11/2015,1.5746
5/11/2015,0
6/11/2015,0
7/11/2015,14.0733
8/11/2015,10.8256
9/11/2015,22.2909
10/11/2015,2.5489
11/11/2015,0
12/11/2015,0
13/11/2015,0
14/11/2015,0
15/11/2015,0
16/11/2015,0
17/11/2015,0
18/11/2015,1.1613
19/11/2015,42.8005
20/11/2015,0
21/11/2015,1.4664
22/11/2015,4.4287
23/11/2015,0
24/11/2015,0
25/11/2015,0
26/11/2015,0
27/11/2015,0
28/11/2015,0
29/11/2015,0
30/11/2015,1.2302
1/12/2015,0.5413
2/12/2015,3.0115
3/12/2015,0
4/12/2015,0
5/12/2015,0
6/12/2015,1.9978
7/12/2015,18.3838
8/12/2015,0
9/12/2015,0.561
10/12/2015,0
11/12/2015,0
12/12/2015,0
13/12/2015,1.86
14/12/2015,6.4855
15/12/2015,0
16/12/2015,0
17/12/2015,7.4205
18/12/2015,0.3641
19/12/2015,0
20/12/2015,0
21/12/2015,0
22/12/2015,33.9432
23/12/2015,10.3926
24/12/2015,0
25/12/2015,0
26/12/2015,0
27/12/2015,0
28/12/2015,56.2242
29/12/2015,0
30/12/2015,2.9721
31/12/2015,0
1/01/2016,0
2/01/2016,0
3/01/2016,0
4/01/2016,0
5/01/2016,0
6/01/2016,0
7/01/2016,0
8/01/2016,0
9/01/2016,6.4
10/01/2016,0
11/01/2016,0
12/01/2016,0
13/01/2016,0
14/01/2016,0
15/01/2016,28.1
16/01/2016,0
17/01/2016,6.9
18/01/2016,0
19/01/2016,0
20/01/2016,0
21/01/2016,0.5
22/01/2016,43.2
23/01/2016,0
24/01/2016,0
25/01/2016,0
26/01/2016,0
27/01/2016,0
28/01/2016,5.3
29/01/2016,0
30/01/2016,0
31/01/2016,0
1/02/2016,0
2/02/2016,0
3/02/2016,74.2
4/02/2016,49.6
5/02/2016,0
6/02/2016,29.1
7/02/2016,39.7
8/02/2016,0.9
9/02/2016,0
10/02/2016,0
11/02/2016,0
12/02/2016,0
13/02/2016,0
14/02/2016,0
15/02/2016,30.4
16/02/2016,1.3
17/02/2016,0
18/02/2016,0
19/02/2016,0
20/02/2016,0
21/02/2016,0
22/02/2016,6.3
23/02/2016,10.3
24/02/2016,5
25/02/2016,0
26/02/2016,0
27/02/2016,0
28/02/2016,0
29/02/2016,0
1/03/2016,4.7
2/03/2016,0.3
3/03/2016,22.9
4/03/2016,0
5/03/2016,0
6/03/2016,0
7/03/2016,0
8/03/2016,0
9/03/2016,0
10/03/2016,0
11/03/2016,0
12/03/2016,0
13/03/2016,0.3
14/03/2016,3
15/03/2016,0
16/03/2016,0
17/03/2016,0
18/03/2016,0
19/03/2016,0
20/03/2016,12
21/03/2016,0
22/03/2016,0
23/03/2016,0
24/03/2016,2
25/03/2016,0
26/03/2016,5.5
27/03/2016,20
28/03/2016,0
29/03/2016,0
30/03/2016,0
31/03/2016,9
1/04/2016,13.4
2/04/2016,0.9
3/04/2016,0
4/04/2016,0
5/04/2016,0
6/04/2016,1.4
7/04/2016,9.2
8/04/2016,1.1
9/04/2016,0
10/04/2016,0
11/04/2016,0
12/04/2016,5.7
13/04/2016,0
14/04/2016,0
15/04/2016,0
16/04/2016,0
17/04/2016,0
18/04/2016,0
19/04/2016,0
20/04/2016,0
21/04/2016,0.6
22/04/2016,23.7
23/04/2016,0
24/04/2016,0
25/04/2016,0
26/04/2016,0
27/04/2016,1.5
28/04/2016,1
29/04/2016,0
30/04/2016,0
1/05/2016,5.1
2/05/2016,2.5
3/05/2016,30.4
4/05/2016,1.5
5/05/2016,0
6/05/2016,0.8
7/05/2016,0
8/05/2016,0
9/05/2016,0
10/05/2016,0
11/05/2016,0
12/05/2016,31.4
13/05/2016,2.8
14/05/2016,0
15/05/2016,0
16/05/2016,0
17/05/2016,10.2
18/05/2016,0.9
19/05/2016,1.1
20/05/2016,1.4
21/05/2016,0.7
22/05/2016,1
23/05/2016,0
24/05/2016,0
25/05/2016,0
26/05/2016,0
27/05/2016,0
28/05/2016,7.8
29/05/2016,3.5
30/05/2016,0.8
31/05/2016,20.8
1/06/2016,6.3
2/06/2016,0
3/06/2016,0
4/06/2016,0
5/06/2016,2.2
6/06/2016,50.7
7/06/2016,0
8/06/2016,0
9/06/2016,0
10/06/2016,0
11/06/2016,0
12/06/2016,0
13/06/2016,0
14/06/2016,2.5
15/06/2016,25.3
16/06/2016,0
17/06/2016,0
18/06/2016,0
19/06/2016,0
20/06/2016,0
21/06/2016,0
22/06/2016,0
23/06/2016,0
24/06/2016,4.8
25/06/2016,0
26/06/2016,0
27/06/2016,0
28/06/2016,3.6
29/06/2016,0
30/06/2016,0.9
1/07/2016,1.1
2/07/2016,0
3/07/2016,6.1
4/07/2016,0.8
5/07/2016,0
6/07/2016,0
7/07/2016,3.6
8/07/2016,21.2
9/07/2016,0
10/07/2016,13.7
11/07/2016,4.3
12/07/2016,10.6
13/07/2016,0
14/07/2016,0.4
15/07/2016,1.7
16/07/2016,8.5
17/07/2016,0
18/07/2016,0
19/07/2016,50.5
20/07/2016,0.3
21/07/2016,0
22/07/2016,19.9
23/07/2016,29.6
24/07/2016,0
25/07/2016,0
26/07/2016,0
27/07/2016,0
28/07/2016,0
29/07/2016,0
30/07/2016,0.7
31/07/2016,0
1/08/2016,0.8
2/08/2016,9.3
3/08/2016,2.1
4/08/2016,2.2
5/08/2016,8
6/08/2016,0
7/08/2016,0
8/08/2016,0
9/08/2016,2.8
10/08/2016,0
11/08/2016,0.3
12/08/2016,0
13/08/2016,0.3
14/08/2016,0
15/08/2016,0
16/08/2016,6
17/08/2016,0
18/08/2016,7.8
19/08/2016,8
20/08/2016,4.9
21/08/2016,0
22/08/2016,0
23/08/2016,0
24/08/2016,0
25/08/2016,0
26/08/2016,0
27/08/2016,0
28/08/2016,2.9
29/08/2016,0.8
30/08/2016,0
31/08/2016,0.3
1/09/2016,39.5
2/09/2016,124.9
3/09/2016,0
4/09/2016,0
5/09/2016,0
6/09/2016,0
7/09/2016,0
8/09/2016,0
9/09/2016,0
10/09/2016,0
11/09/2016,0
12/09/2016,7.5
13/09/2016,0
14/09/2016,4.1
15/09/2016,3.6
16/09/2016,2.8
17/09/2016,0.3
18/09/2016,0.8
19/09/2016,32.4
20/09/2016,0.9
21/09/2016,0.7
22/09/2016,5.1
23/09/2016,20.4
24/09/2016,0
25/09/2016,0
26/09/2016,0
27/09/2016,0
28/09/2016,0
29/09/2016,33.7
30/09/2016,7.5
1/10/2016,2.6
2/10/2016,0
3/10/2016,0
4/10/2016,0
5/10/2016,0
6/10/2016,13.8
7/10/2016,62.8
8/10/2016,150.8
9/10/2016,0
10/10/2016,0
11/10/2016,0
12/10/2016,0
13/10/2016,0
14/10/2016,0
15/10/2016,0
16/10/2016,0
17/10/2016,0
18/10/2016,0
19/10/2016,0
20/10/2016,0
21/10/2016,2.3
22/10/2016,0
23/10/2016,0
24/10/2016,0
25/10/2016,0
26/10/2016,0
27/10/2016,0
28/10/2016,0
29/10/2016,0
30/10/2016,0
31/10/2016,0
1/11/2016,0
2/11/2016,0
3/11/2016,0
4/11/2016,1.6
5/11/2016,0
6/11/2016,0
7/11/2016,0
8/11/2016,0
9/11/2016,0
10/11/2016,0
11/11/2016,0
12/11/2016,0
13/11/2016,32
14/11/2016,0
15/11/2016,0
16/11/2016,0
17/11/2016,0
18/11/2016,0
19/11/2016,0
20/11/2016,0
21/11/2016,0
22/11/2016,0
23/11/2016,0
24/11/2016,0
25/11/2016,1.2
26/11/2016,0
27/11/2016,0
28/11/2016,0
29/11/2016,1.2
30/11/2016,8.1
1/12/2016,0
2/12/2016,0
3/12/2016,0
4/12/2016,23.2
5/12/2016,19.8
6/12/2016,10.3
7/12/2016,0
8/12/2016,0
9/12/2016,0
10/12/2016,0
11/12/2016,5.5
12/12/2016,21.3
13/12/2016,9.3
14/12/2016,0.3
15/12/2016,0
16/12/2016,6.3
17/12/2016,0.3
18/12/2016,1.4
19/12/2016,8.2
20/12/2016,0.4
21/12/2016,0
22/12/2016,0
23/12/2016,0
24/12/2016,0.3
25/12/2016,0
26/12/2016,3.3
27/12/2016,0
28/12/2016,0
29/12/2016,5.3
30/12/2016,0
31/12/2016,0.3
1/01/2017,3.1
2/01/2017,12.7
3/01/2017,1.2
4/01/2017,0
5/01/2017,0
6/01/2017,7.4
7/01/2017,2.5
8/01/2017,0
9/01/2017,0
10/01/2017,1.3
11/01/2017,0.4
12/01/2017,0
13/01/2017,0
14/01/2017,0
15/01/2017,0
16/01/2017,0
17/01/2017,0
18/01/2017,0
19/01/2017,0
20/01/2017,0
21/01/2017,3.7
22/01/2017,25.5
23/01/2017,1.7
24/01/2017,0
25/01/2017,0
26/01/2017,1
27/01/2017,0
28/01/2017,0
29/01/2017,0
30/01/2017,0
31/01/2017,0
1/02/2017,0
2/02/2017,0
3/02/2017,2.8
4/02/2017,0
5/02/2017,0
6/02/2017,0
7/02/2017,14
8/02/2017,3.7
9/02/2017,1
10/02/2017,0
11/02/2017,0
12/02/2017,0
13/02/2017,0
14/02/2017,0
15/02/2017,14.9
16/02/2017,0
17/02/2017,0
18/02/2017,0
19/02/2017,0
20/02/2017,0
21/02/2017,0
22/02/2017,0
23/02/2017,0
24/02/2017,0
25/02/2017,0
26/02/2017,0
27/02/2017,2.7
28/02/2017,0
1/03/2017,2.1
2/03/2017,0
3/03/2017,0
4/03/2017,0
5/03/2017,0
6/03/2017,0
7/03/2017,0
8/03/2017,0
9/03/2017,0
10/03/2017,0
11/03/2017,2.1
12/03/2017,8.7
13/03/2017,24.5
14/03/2017,0.7
15/03/2017,0
16/03/2017,0
17/03/2017,0
18/03/2017,3
19/03/2017,0
20/03/2017,0
21/03/2017,3.4
22/03/2017,0
23/03/2017,0
24/03/2017,0
25/03/2017,0
26/03/2017,0
27/03/2017,0
28/03/2017,0.8
29/03/2017,0
30/03/2017,8.1
31/03/2017,5.4
1/04/2017,0
2/04/2017,0
3/04/2017,22.7
4/04/2017,0
5/04/2017,64.8
6/04/2017,1.2
7/04/2017,0
8/04/2017,0
9/04/2017,0
10/04/2017,0
11/04/2017,0
12/04/2017,0
13/04/2017,8.8
14/04/2017,0.3
15/04/2017,0
16/04/2017,0
17/04/2017,0
18/04/2017,0
19/04/2017,4.5
20/04/2017,0
21/04/2017,0
22/04/2017,1.4
23/04/2017,12.9
24/04/2017,88
25/04/2017,0
26/04/2017,0
27/04/2017,0
28/04/2017,0
29/04/2017,0
30/04/2017,0
1/05/2017,3.9
2/05/2017,0
3/05/2017,0
4/05/2017,27.3
5/05/2017,2.3
6/05/2017,2.7
7/05/2017,0
8/05/2017,0
9/05/2017,0
10/05/2017,0
11/05/2017,0
12/05/2017,0
13/05/2017,3.9
14/05/2017,0
15/05/2017,0
16/05/2017,0
17/05/2017,0
18/05/2017,0
19/05/2017,0
20/05/2017,1
21/05/2017,0
22/05/2017,42.4
23/05/2017,36.4
24/05/2017,4.8
25/05/2017,0.6
26/05/2017,0
27/05/2017,0
28/05/2017,31.3
29/05/2017,1.9
30/05/2017,0
31/05/2017,0
1/06/2017,0.5
2/06/2017,0
3/06/2017,0
4/06/2017,0
5/06/2017,8.3
6/06/2017,24.9
7/06/2017,17.9
8/06/2017,3.7
9/06/2017,0
10/06/2017,0
11/06/2017,0
12/06/2017,0
13/06/2017,0
14/06/2017,0
15/06/2017,19.6
16/06/2017,2.4
17/06/2017,0
18/06/2017,0.6
19/06/2017,0.5
20/06/2017,15.8
21/06/2017,1.6
22/06/2017,10.2
23/06/2017,0
24/06/2017,3
25/06/2017,9.1
26/06/2017,0
27/06/2017,0
28/06/2017,0
29/06/2017,0
30/06/2017,48.9
1/07/2017,0
2/07/2017,0
3/07/2017,0.8
4/07/2017,0
5/07/2017,0
6/07/2017,0
7/07/2017,3.9
8/07/2017,3.8
9/07/2017,4.8
10/07/2017,3.4
11/07/2017,0.4
12/07/2017,0
13/07/2017,0
14/07/2017,0
15/07/2017,21
16/07/2017,8.9
17/07/2017,7
18/07/2017,27
19/07/2017,7.5
20/07/2017,0.5
21/07/2017,0
22/07/2017,0
23/07/2017,0
24/07/2017,0
25/07/2017,0
26/07/2017,0
27/07/2017,0
28/07/2017,1.3
29/07/2017,11.9
30/07/2017,0
31/07/2017,0
1/08/2017,0
2/08/2017,0
3/08/2017,1.1
4/08/2017,1.1
5/08/2017,0.6
6/08/2017,32.1
7/08/2017,6.6
8/08/2017,43.8
9/08/2017,6.7
10/08/2017,21.4
11/08/2017,4.5
12/08/2017,32
13/08/2017,3.5
14/08/2017,8
15/08/2017,8.2
16/08/2017,41.4
17/08/2017,9.6
18/08/2017,0
19/08/2017,23.3
20/08/2017,1.8
21/08/2017,3.1
22/08/2017,2.1
23/08/2017,25.4
24/08/2017,12.7
25/08/2017,0
26/08/2017,0
27/08/2017,0
28/08/2017,10.5
29/08/2017,0.8
30/08/2017,0
31/08/2017,25.2
1/09/2017,23.9
2/09/2017,2.8
3/09/2017,0
4/09/2017,0
5/09/2017,22.8
6/09/2017,14.1
7/09/2017,0
8/09/2017,0
9/09/2017,0
10/09/2017,0
11/09/2017,60.8
12/09/2017,3.9
13/09/2017,0
14/09/2017,10
15/09/2017,0
16/09/2017,0
17/09/2017,0
18/09/2017,0
19/09/2017,0
20/09/2017,0
21/09/2017,1.1
22/09/2017,0
23/09/2017,0
24/09/2017,0
25/09/2017,0
26/09/2017,0
27/09/2017,0
28/09/2017,0
29/09/2017,0
30/09/2017,0
1/10/2017,0
2/10/2017,0
3/10/2017,0
4/10/2017,0.3
5/10/2017,0
6/10/2017,0
7/10/2017,2.9
8/10/2017,0.4
9/10/2017,2.6
10/10/2017,5
11/10/2017,4.6
12/10/2017,7
13/10/2017,0
14/10/2017,0
15/10/2017,0
16/10/2017,1.4
17/10/2017,0
18/10/2017,0
19/10/2017,0
20/10/2017,0
21/10/2017,0
22/10/2017,0
23/10/2017,53.7
24/10/2017,0
25/10/2017,0
26/10/2017,0
27/10/2017,0
28/10/2017,23.4
29/10/2017,5.6
30/10/2017,0
31/10/2017,0
1/11/2017,0
2/11/2017,0
3/11/2017,0
4/11/2017,0
5/11/2017,0.9
6/11/2017,0
7/11/2017,0
8/11/2017,0
9/11/2017,22
10/11/2017,0
11/11/2017,0
12/11/2017,0
13/11/2017,0
14/11/2017,0
15/11/2017,0
16/11/2017,0
17/11/2017,0
18/11/2017,0.8
19/11/2017,0
20/11/2017,0
21/11/2017,5.7
22/11/2017,0
23/11/2017,0
24/11/2017,0
25/11/2017,0
26/11/2017,0
27/11/2017,0
28/11/2017,0
29/11/2017,0
30/11/2017,0
1/12/2017,0
2/12/2017,0
3/12/2017,0
4/12/2017,4.8
5/12/2017,1.8
6/12/2017,8.6
7/12/2017,13.7
8/12/2017,28.6
9/12/2017,1.2
10/12/2017,0
11/12/2017,0
12/12/2017,0
13/12/2017,0
14/12/2017,0
15/12/2017,0
16/12/2017,0
17/12/2017,0
18/12/2017,0
19/12/2017,0
20/12/2017,36.2
21/12/2017,1
22/12/2017,3.9
23/12/2017,2.2
24/12/2017,5
25/12/2017,0
26/12/2017,0
27/12/2017,3.2
28/12/2017,0
29/12/2017,0
30/12/2017,0
31/12/2017,0
1/01/2018,0
2/01/2018,0
3/01/2018,8.8
4/01/2018,0
5/01/2018,0
6/01/2018,0
7/01/2018,0
8/01/2018,0
9/01/2018,0
10/01/2018,0.4
11/01/2018,15.8
12/01/2018,37.5
13/01/2018,0
14/01/2018,0
15/01/2018,0
16/01/2018,0
17/01/2018,2.5
18/01/2018,0
19/01/2018,0
20/01/2018,0
21/01/2018,0
22/01/2018,11.6
23/01/2018,6.1
24/01/2018,0
25/01/2018,0
26/01/2018,0
27/01/2018,1.4
28/01/2018,54.3
29/01/2018,1.7
30/01/2018,0
31/01/2018,0
1/02/2018,2.4
2/02/2018,0
3/02/2018,0.9
4/02/2018,12.9
5/02/2018,0
6/02/2018,0
7/02/2018,0.7
8/02/2018,0
9/02/2018,10.5
10/02/2018,0
11/02/2018,2.1
12/02/2018,1.4
13/02/2018,0
14/02/2018,0
15/02/2018,0
16/02/2018,0
17/02/2018,0
18/02/2018,0
19/02/2018,1.6
20/02/2018,0
21/02/2018,0
22/02/2018,0
23/02/2018,0.4
24/02/2018,0
25/02/2018,0
26/02/2018,2.5
27/02/2018,0
28/02/2018,19.7
1/03/2018,10.7
2/03/2018,0
3/03/2018,0
4/03/2018,0
5/03/2018,0
6/03/2018,6.8
7/03/2018,0
8/03/2018,0
9/03/2018,0
10/03/2018,0
11/03/2018,7.5
12/03/2018,7.4
13/03/2018,0
14/03/2018,0
15/03/2018,0
16/03/2018,0
17/03/2018,0
18/03/2018,0
19/03/2018,13.2
20/03/2018,14.6
21/03/2018,1.3
22/03/2018,0
23/03/2018,0
24/03/2018,5.7
25/03/2018,1.4
26/03/2018,0
27/03/2018,0
28/03/2018,0
29/03/2018,0
30/03/2018,0
31/03/2018,0
1/04/2018,0
2/04/2018,0
3/04/2018,1.7
4/04/2018,0
5/04/2018,0
6/04/2018,0
7/04/2018,29.2
8/04/2018,1.5
9/04/2018,12
10/04/2018,1.1
11/04/2018,0
12/04/2018,0
13/04/2018,0
14/04/2018,0
15/04/2018,24.8
16/04/2018,0
17/04/2018,0
18/04/2018,0
19/04/2018,0
20/04/2018,0
21/04/2018,0
22/04/2018,1.3
23/04/2018,57.8
24/04/2018,9.7
25/04/2018,0
26/04/2018,2.5
27/04/2018,0
28/04/2018,0
29/04/2018,0
30/04/2018,0
1/05/2018,0
2/05/2018,0
3/05/2018,0
4/05/2018,0
5/05/2018,15.9
6/05/2018,1.2
7/05/2018,0
8/05/2018,0
9/05/2018,0
10/05/2018,0
11/05/2018,0
12/05/2018,0
13/05/2018,0
14/05/2018,0
15/05/2018,2.3
16/05/2018,5.2
17/05/2018,0.3
18/05/2018,5.3
19/05/2018,73.4
20/05/2018,0.6
21/05/2018,5.7
22/05/2018,0
23/05/2018,12.2
24/05/2018,0
25/05/2018,0.7
26/05/2018,0
27/05/2018,31.4
28/05/2018,86.2
29/05/2018,0.5
30/05/2018,2.8
31/05/2018,0
1/06/2018,0
2/06/2018,0.9
3/06/2018,0
4/06/2018,0
5/06/2018,0
6/06/2018,0
7/06/2018,39.3
8/06/2018,0.6
9/06/2018,18.3
10/06/2018,0.3
11/06/2018,27.6
12/06/2018,15.2
13/06/2018,0
14/06/2018,32.6
15/06/2018,10.9
16/06/2018,0
17/06/2018,9.1
18/06/2018,4.5
19/06/2018,0
20/06/2018,9.7
21/06/2018,0
22/06/2018,0
23/06/2018,0
24/06/2018,2.9
25/06/2018,30.1
26/06/2018,12.3
27/06/2018,0
28/06/2018,0
29/06/2018,7.6
30/06/2018,6
1/07/2018,9.9
2/07/2018,0
3/07/2018,0
4/07/2018,0
5/07/2018,1
6/07/2018,0.3
7/07/2018,0.6
8/07/2018,0
9/07/2018,0
10/07/2018,0
11/07/2018,0
12/07/2018,49.6
13/07/2018,0
14/07/2018,0
15/07/2018,0
16/07/2018,2.4
17/07/2018,8.4
18/07/2018,0
19/07/2018,0
20/07/2018,23.1
21/07/2018,1.4
22/07/2018,1.1
23/07/2018,25.5
24/07/2018,27.9
25/07/2018,1.5
26/07/2018,44.2
27/07/2018,8.5
28/07/2018,5.9
29/07/2018,14
30/07/2018,31.3
31/07/2018,28
1/08/2018,14.7
2/08/2018,52.3
3/08/2018,8
4/08/2018,3.8
5/08/2018,0.5
6/08/2018,0
7/08/2018,0
8/08/2018,10.9
9/08/2018,0
10/08/2018,1.7
11/08/2018,0
12/08/2018,0
13/08/2018,4.9
14/08/2018,0
15/08/2018,0
16/08/2018,0
17/08/2018,1.7
18/08/2018,0
19/08/2018,0
20/08/2018,0
21/08/2018,1.8
22/08/2018,0
23/08/2018,0
24/08/2018,0
25/08/2018,0
26/08/2018,0
27/08/2018,0
28/08/2018,2.2
29/08/2018,0
30/08/2018,0
31/08/2018,0
1/09/2018,0
2/09/2018,0
3/09/2018,0
4/09/2018,0
5/09/2018,0
6/09/2018,0
7/09/2018,0.5
8/09/2018,0.9
9/09/2018,0
10/09/2018,0.4
11/09/2018,26.7
12/09/2018,0
13/09/2018,93.7
14/09/2018,220.3
15/09/2018,346.5
16/09/2018,50.7
17/09/2018,14.5
18/09/2018,2.2
19/09/2018,0
20/09/2018,0
21/09/2018,0
22/09/2018,0
23/09/2018,0
24/09/2018,1.5
25/09/2018,8.6
26/09/2018,0
27/09/2018,3.1
28/09/2018,1.2
29/09/2018,4.9
30/09/2018,0
1/10/2018,0
2/10/2018,0
3/10/2018,0
4/10/2018,0
5/10/2018,0
6/10/2018,7.8
7/10/2018,0
8/10/2018,1.8
9/10/2018,0
10/10/2018,11.5
11/10/2018,3
12/10/2018,0
13/10/2018,0
14/10/2018,0
15/10/2018,0
16/10/2018,11.5
17/10/2018,0
18/10/2018,0
19/10/2018,0
20/10/2018,0
21/10/2018,0
22/10/2018,0
23/10/2018,0
24/10/2018,0
25/10/2018,0
26/10/2018,39.2
27/10/2018,0
28/10/2018,0
29/10/2018,0
30/10/2018,0
31/10/2018,0
1/11/2018,4.8
2/11/2018,2.1
3/11/2018,0
4/11/2018,7
5/11/2018,2.8
6/11/2018,1.7
7/11/2018,7.8
8/11/2018,0
9/11/2018,4.2
10/11/2018,0
11/11/2018,0
12/11/2018,24.6
13/11/2018,0.4
14/11/2018,4.6
15/11/2018,12.6
16/11/2018,0
17/11/2018,0
18/11/2018,9.1
19/11/2018,0.7
20/11/2018,0.6
21/11/2018,0
22/11/2018,0
23/11/2018,3.1
24/11/2018,43.7
25/11/2018,0
26/11/2018,4.1
27/11/2018,0
28/11/2018,0
29/11/2018,0
30/11/2018,0
1/12/2018,15.9
2/12/2018,3.2
3/12/2018,0.3
4/12/2018,0
5/12/2018,0
6/12/2018,0
7/12/2018,0.4
8/12/2018,25.5
9/12/2018,23.9
10/12/2018,1.8
11/12/2018,0
12/12/2018,0
13/12/2018,1.2
14/12/2018,73.7
15/12/2018,6.2
16/12/2018,0
17/12/2018,0
18/12/2018,0
19/12/2018,0
20/12/2018,20.2
21/12/2018,0.3
22/12/2018,0
23/12/2018,0
24/12/2018,0
25/12/2018,0
26/12/2018,0
27/12/2018,4.2
28/12/2018,28.6
29/12/2018,0.5
30/12/2018,3.1
31/12/2018,0.4
1/01/2019,8.4
2/01/2019,1.2
3/01/2019,1.5
4/01/2019,4.2
5/01/2019,0
6/01/2019,0
7/01/2019,0
8/01/2019,0
9/01/2019,0
10/01/2019,0
11/01/2019,0
12/01/2019,0
13/01/2019,2.1
14/01/2019,0
15/01/2019,0
16/01/2019,0
17/01/2019,0.9
18/01/2019,0
19/01/2019,7.4
20/01/2019,0
21/01/2019,0
22/01/2019,0
23/01/2019,35.3
24/01/2019,6.2
25/01/2019,0
26/01/2019,0
27/01/2019,0
28/01/2019,0
29/01/2019,0
30/01/2019,0
31/01/2019,0
1/02/2019,0
2/02/2019,6.2
3/02/2019,1.4
4/02/2019,0
5/02/2019,0
6/02/2019,0
7/02/2019,0
8/02/2019,0
9/02/2019,0
10/02/2019,0
11/02/2019,7.1
12/02/2019,1.7
13/02/2019,0
14/02/2019,0
15/02/2019,4.8
16/02/2019,3.4
17/02/2019,0
18/02/2019,0
19/02/2019,1.4
20/02/2019,8.2
21/02/2019,0.3
22/02/2019,2
23/02/2019,0
24/02/2019,0
25/02/2019,0
26/02/2019,0
27/02/2019,0
28/02/2019,0
1/03/2019,7.6
2/03/2019,1.4
3/03/2019,25.9
4/03/2019,5.9
5/03/2019,2.8
6/03/2019,0
7/03/2019,0
8/03/2019,3.4
9/03/2019,0
10/03/2019,0
11/03/2019,1.1
12/03/2019,0
13/03/2019,0
14/03/2019,0
15/03/2019,0
16/03/2019,0
17/03/2019,0
18/03/2019,0
19/03/2019,0
20/03/2019,8.4
21/03/2019,0.8
22/03/2019,0
23/03/2019,0
24/03/2019,0
25/03/2019,0.4
26/03/2019,1
27/03/2019,0
28/03/2019,0
29/03/2019,0
30/03/2019,0
31/03/2019,1
1/04/2019,6.5
2/04/2019,20.7
3/04/2019,0
4/04/2019,0
5/04/2019,30
6/04/2019,0
7/04/2019,0
8/04/2019,1
9/04/2019,0.4
10/04/2019,0
11/04/2019,1.3
12/04/2019,17.6
13/04/2019,4.9
14/04/2019,7.2
15/04/2019,0
16/04/2019,0
17/04/2019,0
18/04/2019,1
19/04/2019,39.1
20/04/2019,0
21/04/2019,0
22/04/2019,0
23/04/2019,0
24/04/2019,0
25/04/2019,0
26/04/2019,0
27/04/2019,0
28/04/2019,0
29/04/2019,0
30/04/2019,0
1/05/2019,0
2/05/2019,0
3/05/2019,3.9
4/05/2019,5.1
5/05/2019,0
6/05/2019,0
7/05/2019,0
8/05/2019,0
9/05/2019,0
10/05/2019,0
11/05/2019,0
12/05/2019,9.3
13/05/2019,0
14/05/2019,0
15/05/2019,0
16/05/2019,0
17/05/2019,0
18/05/2019,0
19/05/2019,0
20/05/2019,0
21/05/2019,0
22/05/2019,0
23/05/2019,0
24/05/2019,0
25/05/2019,0
26/05/2019,0
27/05/2019,0
28/05/2019,0
29/05/2019,0
30/05/2019,0
31/05/2019,12
1/06/2019,0
2/06/2019,0
3/06/2019,0
4/06/2019,0
5/06/2019,1.5
6/06/2019,1.2
7/06/2019,18.5
8/06/2019,53.3
9/06/2019,0.5
10/06/2019,0
11/06/2019,0
12/06/2019,2.5
13/06/2019,0
14/06/2019,0
15/06/2019,0
16/06/2019,0
17/06/2019,0
18/06/2019,2.7
19/06/2019,0
20/06/2019,14
21/06/2019,0.4
22/06/2019,3.6
23/06/2019,0.5
24/06/2019,0
25/06/2019,0
26/06/2019,0
27/06/2019,0
28/06/2019,0
29/06/2019,0
30/06/2019,0
1/07/2019,0
2/07/2019,0
3/07/2019,15.5
4/07/2019,12.7
5/07/2019,20.8
6/07/2019,0.4
7/07/2019,0
8/07/2019,4.7
9/07/2019,29.5
10/07/2019,20.9
11/07/2019,0.3
12/07/2019,0
13/07/2019,32.3
14/07/2019,0
15/07/2019,0
16/07/2019,2
17/07/2019,0
18/07/2019,3
19/07/2019,0
20/07/2019,0
21/07/2019,0
22/07/2019,0
23/07/2019,11.8
24/07/2019,0
25/07/2019,0
26/07/2019,0
27/07/2019,0
28/07/2019,0
29/07/2019,0
30/07/2019,0
31/07/2019,0.4
1/08/2019,8.7
2/08/2019,7
3/08/2019,0
4/08/2019,0
5/08/2019,9.7
6/08/2019,0
7/08/2019,0
8/08/2019,0
9/08/2019,0
10/08/2019,5.1
11/08/2019,2
12/08/2019,0
13/08/2019,0
14/08/2019,4.8
15/08/2019,48.7
16/08/2019,14.8
17/08/2019,59.1
18/08/2019,0
19/08/2019,0
20/08/2019,0.4
21/08/2019,0
22/08/2019,0
23/08/2019,0
24/08/2019,0.7
25/08/2019,0
26/08/2019,0
27/08/2019,0
28/08/2019,0
29/08/2019,0
30/08/2019,0
31/08/2019,0
1/09/2019,0
2/09/2019,0.4
3/09/2019,0
4/09/2019,29.6
5/09/2019,113.2
6/09/2019,0
7/09/2019,0
8/09/2019,0
9/09/2019,0
10/09/2019,0
11/09/2019,0
12/09/2019,0
13/09/2019,2.3
14/09/2019,0
15/09/2019,0
16/09/2019,0
17/09/2019,0
18/09/2019,0
19/09/2019,0
20/09/2019,0
21/09/2019,0
22/09/2019,0
23/09/2019,0
24/09/2019,0
25/09/2019,0
26/09/2019,0
27/09/2019,0
28/09/2019,0
29/09/2019,0
30/09/2019,0
1/10/2019,0
2/10/2019,0
3/10/2019,0
4/10/2019,0
5/10/2019,0.3
6/10/2019,0
7/10/2019,0.3
8/10/2019,0
9/10/2019,0
10/10/2019,0
11/10/2019,0
12/10/2019,0
13/10/2019,22.2
14/10/2019,0
15/10/2019,4.2
16/10/2019,11
17/10/2019,0
18/10/2019,0
19/10/2019,39.9
20/10/2019,0
21/10/2019,0
22/10/2019,0
23/10/2019,0
24/10/2019,0
25/10/2019,0
26/10/2019,9.1
27/10/2019,0.7
28/10/2019,0
29/10/2019,1.1
30/10/2019,0
31/10/2019,5.7
1/11/2019,0
2/11/2019,0
3/11/2019,0
4/11/2019,1
5/11/2019,35.4
6/11/2019,0
7/11/2019,32.7
8/11/2019,0
9/11/2019,0
10/11/2019,0
11/11/2019,0
12/11/2019,9.8
13/11/2019,0
14/11/2019,18.6
15/11/2019,21.1
16/11/2019,8.5
17/11/2019,0
18/11/2019,0.6
19/11/2019,0
20/11/2019,0
21/11/2019,0
22/11/2019,0
23/11/2019,8.3
24/11/2019,0
25/11/2019,0
26/11/2019,0
27/11/2019,0
28/11/2019,0
29/11/2019,0
30/11/2019,0
1/12/2019,16.1
2/12/2019,0
3/12/2019,0
4/12/2019,0
5/12/2019,0
6/12/2019,0.9
7/12/2019,0
8/12/2019,9.1
9/12/2019,0
10/12/2019,0
11/12/2019,0
12/12/2019,0
13/12/2019,27.5
14/12/2019,0
15/12/2019,0
16/12/2019,0
17/12/2019,0
18/12/2019,0
19/12/2019,0
20/12/2019,0
21/12/2019,0
22/12/2019,12
23/12/2019,32.9
24/12/2019,0
25/12/2019,0
26/12/2019,0
27/12/2019,0
28/12/2019,0
29/12/2019,8.9
30/12/2019,0.3
31/12/2019,0
1/01/2020,0
2/01/2020,0
3/01/2020,5.2
4/01/2020,6.9
5/01/2020,0
6/01/2020,0
7/01/2020,0
8/01/2020,0
9/01/2020,0
10/01/2020,0
11/01/2020,2.5
12/01/2020,0.4
13/01/2020,4.7
14/01/2020,0
15/01/2020,1.3
16/01/2020,1.6
17/01/2020,0
18/01/2020,0
19/01/2020,0
20/01/2020,0
21/01/2020,0
22/01/2020,0
23/01/2020,0
24/01/2020,8.6
25/01/2020,0
26/01/2020,0.4
27/01/2020,0.6
28/01/2020,0
29/01/2020,1.9
30/01/2020,0.3
31/01/2020,26.1
1/02/2020,0.7
2/02/2020,0
3/02/2020,0
4/02/2020,0
5/02/2020,0
6/02/2020,64.1
7/02/2020,0
8/02/2020,0
9/02/2020,0
10/02/2020,1.4
11/02/2020,0
12/02/2020,0
13/02/2020,6
14/02/2020,0
15/02/2020,0
16/02/2020,6.2
17/02/2020,0
18/02/2020,14.4
19/02/2020,2.9
20/02/2020,38
21/02/2020,0
22/02/2020,0
23/02/2020,0
24/02/2020,8.7
25/02/2020,13.6
26/02/2020,5
27/02/2020,0
28/02/2020,0
29/02/2020,0
1/03/2020,0
2/03/2020,13.6
3/03/2020,1.2
4/03/2020,10.7
5/03/2020,34.4
6/03/2020,0
7/03/2020,0
8/03/2020,0
9/03/2020,0
10/03/2020,0
11/03/2020,0
12/03/2020,0
13/03/2020,0
14/03/2020,0
15/03/2020,0
16/03/2020,0
17/03/2020,14
18/03/2020,0
19/03/2020,0
20/03/2020,0
21/03/2020,0
22/03/2020,1.8
23/03/2020,10.6
24/03/2020,40
25/03/2020,0.4
26/03/2020,0
27/03/2020,0
28/03/2020,0
29/03/2020,0
30/03/2020,0
31/03/2020,19.7
1/04/2020,0
2/04/2020,0
3/04/2020,0
4/04/2020,0
5/04/2020,0
6/04/2020,2.9
7/04/2020,0
8/04/2020,3.1
9/04/2020,0
10/04/2020,0
11/04/2020,0
12/04/2020,0.4
13/04/2020,27.7
14/04/2020,0
15/04/2020,6.7
16/04/2020,0
17/04/2020,0
18/04/2020,0
19/04/2020,11.1
20/04/2020,4.4
21/04/2020,0
22/04/2020,0
23/04/2020,16.2
24/04/2020,0
25/04/2020,5.9
26/04/2020,0
27/04/2020,0
28/04/2020,0
29/04/2020,1.3
30/04/2020,31.8
1/05/2020,0
2/05/2020,0
3/05/2020,0
4/05/2020,5.2
5/05/2020,11.1
6/05/2020,0.9
7/05/2020,0
8/05/2020,0
9/05/2020,0
10/05/2020,0
11/05/2020,0
12/05/2020,0
13/05/2020,0
14/05/2020,0
15/05/2020,0
16/05/2020,0
17/05/2020,2.9
18/05/2020,24
19/05/2020,4
20/05/2020,103
21/05/2020,5.7
22/05/2020,19.5
23/05/2020,0
24/05/2020,0.3
25/05/2020,0
26/05/2020,1.4
27/05/2020,30.1
28/05/2020,13.1
29/05/2020,1.5
30/05/2020,5.7
31/05/2020,0
1/06/2020,0
2/06/2020,0
3/06/2020,0
4/06/2020,11.3
5/06/2020,0.9
6/06/2020,0
7/06/2020,27.6
8/06/2020,5.1
9/06/2020,0
10/06/2020,1.2
11/06/2020,3.7
12/06/2020,79.4
13/06/2020,7.8
14/06/2020,13.3
15/06/2020,19.7
16/06/2020,1.5
17/06/2020,0
18/06/2020,0
19/06/2020,4
20/06/2020,1.6
21/06/2020,0
22/06/2020,0
23/06/2020,1.5
24/06/2020,0
25/06/2020,10.3
26/06/2020,0
27/06/2020,0
28/06/2020,5.7
29/06/2020,0
30/06/2020,13.2
1/07/2020,0.5
2/07/2020,14.1
3/07/2020,0
4/07/2020,40.5
5/07/2020,0
6/07/2020,1.7
7/07/2020,35.2
8/07/2020,3.8
9/07/2020,0.5
10/07/2020,2.5
11/07/2020,6.7
12/07/2020,1.8
13/07/2020,1.9
14/07/2020,0
15/07/2020,46.7
16/07/2020,0
17/07/2020,0
18/07/2020,0
19/07/2020,0
20/07/2020,0
21/07/2020,0
22/07/2020,0
23/07/2020,0
24/07/2020,3.1
25/07/2020,0
26/07/2020,0
27/07/2020,0
28/07/2020,6.5
29/07/2020,3.3
30/07/2020,0.9
31/07/2020,0
1/08/2020,23.6
2/08/2020,12
3/08/2020,103.3
4/08/2020,0
5/08/2020,7.5
6/08/2020,4.4
7/08/2020,7.5
8/08/2020,4.7
9/08/2020,0
10/08/2020,3.8
11/08/2020,0
12/08/2020,2
13/08/2020,8.6
14/08/2020,7.8
15/08/2020,24.3
16/08/2020,0.6
17/08/2020,0
18/08/2020,0
19/08/2020,3.8
20/08/2020,3
21/08/2020,3.5
22/08/2020,0
23/08/2020,26.6
24/08/2020,4.9
25/08/2020,0
26/08/2020,0
27/08/2020,0
28/08/2020,0
29/08/2020,0
30/08/2020,0
31/08/2020,0
1/09/2020,5.1
2/09/2020,12
3/09/2020,0
4/09/2020,0
5/09/2020,0
6/09/2020,0
7/09/2020,0
8/09/2020,7
9/09/2020,18.7
10/09/2020,1.6
11/09/2020,27.4
12/09/2020,0
13/09/2020,0
14/09/2020,0
15/09/2020,0
16/09/2020,15.8
17/09/2020,93
18/09/2020,0.3
19/09/2020,0
20/09/2020,0
21/09/2020,0
22/09/2020,0
23/09/2020,0
24/09/2020,0
25/09/2020,13
26/09/2020,0
27/09/2020,0.7
28/09/2020,1.5
29/09/2020,4.9
30/09/2020,0
1/10/2020,0
2/10/2020,0
3/10/2020,1.5
4/10/2020,1.4
5/10/2020,0
6/10/2020,0
7/10/2020,0
8/10/2020,0
9/10/2020,0
10/10/2020,42.5
11/10/2020,21.3
12/10/2020,0
13/10/2020,0
14/10/2020,0
15/10/2020,1.8
16/10/2020,2.9
17/10/2020,0
18/10/2020,0
19/10/2020,0
20/10/2020,3.5
21/10/2020,0
22/10/2020,0
23/10/2020,0
24/10/2020,9.9
25/10/2020,17.3
26/10/2020,0
27/10/2020,0
28/10/2020,0
29/10/2020,0
30/10/2020,0
31/10/2020,0
1/11/2020,10
2/11/2020,0
3/11/2020,0
4/11/2020,0
5/11/2020,0.8
6/11/2020,0
7/11/2020,0
8/11/2020,2.4
9/11/2020,1.1
10/11/2020,0
11/11/2020,39.5
12/11/2020,103.2
13/11/2020,0
14/11/2020,0
15/11/2020,1.1
16/11/2020,0
17/11/2020,0
18/11/2020,0
19/11/2020,0
20/11/2020,0
21/11/2020,0
22/11/2020,0
23/11/2020,0
24/11/2020,0
25/11/2020,1.1
26/11/2020,5.8
27/11/2020,0.6
28/11/2020,1.8
29/11/2020,31
30/11/2020,3.8
1/12/2020,0
2/12/2020,0
3/12/2020,0
4/12/2020,5.5
5/12/2020,0
6/12/2020,0.7
7/12/2020,1
8/12/2020,0
9/12/2020,0
10/12/2020,0
11/12/2020,0
12/12/2020,2.6
13/12/2020,1.4
14/12/2020,1.3
15/12/2020,1.8
16/12/2020,9
17/12/2020,0
18/12/2020,0
19/12/2020,0
20/12/2020,25.1
21/12/2020,0
22/12/2020,0
23/12/2020,0
24/12/2020,19.8
25/12/2020,0
26/12/2020,0
27/12/2020,0
28/12/2020,0
29/12/2020,0
30/12/2020,0
31/12/2020,26.3
1/01/2021,6.4
2/01/2021,5.4
3/01/2021,0.6
4/01/2021,0
5/01/2021,4.5
6/01/2021,0
7/01/2021,15.5
8/01/2021,1.3
9/01/2021,0
10/01/2021,0
11/01/2021,11.2
12/01/2021,2
13/01/2021,3.2
14/01/2021,0
15/01/2021,8.4
16/01/2021,0
17/01/2021,0
18/01/2021,0
19/01/2021,0
20/01/2021,0
21/01/2021,0
22/01/2021,0
23/01/2021,0
24/01/2021,0.7
25/01/2021,4.8
26/01/2021,4.3
27/01/2021,16
28/01/2021,0
29/01/2021,0
30/01/2021,0
31/01/2021,41.3
1/02/2021,3.4
2/02/2021,0
3/02/2021,0
4/02/2021,0
5/02/2021,3.4
6/02/2021,23
7/02/2021,0.4
8/02/2021,0
9/02/2021,0.7
10/02/2021,2.3
11/02/2021,4
12/02/2021,15.1
13/02/2021,17.9
14/02/2021,28
15/02/2021,10.9
16/02/2021,0
17/02/2021,0
18/02/2021,33.2
19/02/2021,14.8
20/02/2021,0
21/02/2021,1.4
22/02/2021,0
23/02/2021,0
24/02/2021,0
25/02/2021,0
26/02/2021,0
27/02/2021,9.7
28/02/2021,0
1/03/2021,0
2/03/2021,6.1
3/03/2021,4.6
4/03/2021,0
5/03/2021,0
6/03/2021,0
7/03/2021,0
8/03/2021,0
9/03/2021,0
10/03/2021,0
11/03/2021,0
12/03/2021,0
13/03/2021,0.5
14/03/2021,0
15/03/2021,0
16/03/2021,25.3
17/03/2021,0
18/03/2021,0
19/03/2021,0
20/03/2021,2.3
21/03/2021,0
22/03/2021,0
23/03/2021,1.8
24/03/2021,0
25/03/2021,0
26/03/2021,0
27/03/2021,0
28/03/2021,6.6
29/03/2021,0
30/03/2021,0
31/03/2021,20.3
1/04/2021,0
2/04/2021,0
3/04/2021,0
4/04/2021,0
5/04/2021,0
6/04/2021,0
7/04/2021,0
8/04/2021,0
9/04/2021,1.9
10/04/2021,22.1
11/04/2021,0
12/04/2021,0
13/04/2021,0
14/04/2021,0
15/04/2021,0.6
16/04/2021,0
17/04/2021,0
18/04/2021,0
19/04/2021,0
20/04/2021,0
21/04/2021,0
22/04/2021,0
23/04/2021,0
24/04/2021,0.5
25/04/2021,2.1
26/04/2021,0
27/04/2021,0
28/04/2021,0
29/04/2021,0
30/04/2021,0
1/05/2021,0
2/05/2021,0
3/05/2021,1.6
4/05/2021,0.5
5/05/2021,0
6/05/2021,0
7/05/2021,0.8
8/05/2021,0
9/05/2021,0
10/05/2021,0
11/05/2021,0
12/05/2021,5.4
13/05/2021,0
14/05/2021,0
15/05/2021,0
16/05/2021,0
17/05/2021,0
18/05/2021,0
19/05/2021,0
20/05/2021,0
21/05/2021,0
22/05/2021,0
23/05/2021,0
24/05/2021,0
25/05/2021,0
26/05/2021,0
27/05/2021,0
28/05/2021,0
29/05/2021,4.7
30/05/2021,0
31/05/2021,0
1/06/2021,0
2/06/2021,25.5
3/06/2021,26.5
4/06/2021,12.7
5/06/2021,0.7
6/06/2021,2.3
7/06/2021,0
8/06/2021,0
9/06/2021,1.4
10/06/2021,2.4
11/06/2021,2.4
12/06/2021,11.8
13/06/2021,0
14/06/2021,0
15/06/2021,19.1
16/06/2021,0
17/06/2021,0
18/06/2021,0
19/06/2021,21.4
20/06/2021,22.9
21/06/2021,1.8
22/06/2021,1
23/06/2021,0
24/06/2021,0
25/06/2021,43.1
26/06/2021,4.6
27/06/2021,0
28/06/2021,13.5
29/06/2021,8.8
30/06/2021,0
1/07/2021,0
2/07/2021,18.8
3/07/2021,0
4/07/2021,0
5/07/2021,0
6/07/2021,0
7/07/2021,7.6
8/07/2021,38.5
9/07/2021,0
10/07/2021,0
11/07/2021,1.5
12/07/2021,7
13/07/2021,1.5
14/07/2021,0.6
15/07/2021,0.5
16/07/2021,0
17/07/2021,0.8
18/07/2021,28.7
19/07/2021,57.6
20/07/2021,1.5
21/07/2021,0.4
22/07/2021,0
23/07/2021,0
24/07/2021,0
25/07/2021,1.1
26/07/2021,2.9
27/07/2021,14.1
28/07/2021,0
29/07/2021,0
30/07/2021,0
31/07/2021,0.9
1/08/2021,23.7
2/08/2021,15.6
3/08/2021,66.2
4/08/2021,0.5
5/08/2021,0.5
6/08/2021,22.3
7/08/2021,10.6
8/08/2021,0
9/08/2021,0
10/08/2021,0
11/08/2021,0
12/08/2021,0
13/08/2021,0
14/08/2021,0
15/08/2021,1.4
16/08/2021,3
17/08/2021,45.3
18/08/2021,0
19/08/2021,0
20/08/2021,18.8
21/08/2021,3.1
22/08/2021,3.7
23/08/2021,0
24/08/2021,1.3
25/08/2021,0
26/08/2021,0
27/08/2021,0
28/08/2021,0
29/08/2021,0
30/08/2021,0
31/08/2021,0
1/09/2021,0.9
2/09/2021,0.3
3/09/2021,0
4/09/2021,0
5/09/2021,0
6/09/2021,0.3
7/09/2021,14.8
8/09/2021,2.1
9/09/2021,8.9
10/09/2021,0
11/09/2021,0
12/09/2021,0
13/09/2021,0
14/09/2021,0
15/09/2021,0.8
16/09/2021,0
17/09/2021,0.5
18/09/2021,17.3
19/09/2021,0
20/09/2021,6.7
21/09/2021,76.8
22/09/2021,46.9
23/09/2021,0
24/09/2021,0
25/09/2021,0
26/09/2021,0
27/09/2021,0
28/09/2021,0
29/09/2021,0
30/09/2021,1.2
1/10/2021,0
2/10/2021,0
3/10/2021,1.9
4/10/2021,0.4
5/10/2021,5.6
6/10/2021,0.9
7/10/2021,3.3
8/10/2021,0
9/10/2021,63.6
10/10/2021,0
11/10/2021,0
12/10/2021,0
13/10/2021,0
14/10/2021,0
15/10/2021,0
16/10/2021,0
17/10/2021,0
18/10/2021,0
19/10/2021,0
20/10/2021,0
21/10/2021,0
22/10/2021,0
23/10/2021,0
24/10/2021,0.6
25/10/2021,1.5
26/10/2021,0
27/10/2021,0
28/10/2021,7.3
29/10/2021,0
30/10/2021,0
31/10/2021,0
1/11/2021,0
2/11/2021,0
3/11/2021,0
4/11/2021,0
5/11/2021,0
6/11/2021,15.8
7/11/2021,0
8/11/2021,0
9/11/2021,0
10/11/2021,0
11/11/2021,15.8
12/11/2021,0
13/11/2021,0
14/11/2021,0
15/11/2021,0
16/11/2021,0
17/11/2021,0
18/11/2021,0
19/11/2021,0
20/11/2021,0
21/11/2021,0
22/11/2021,1.1
23/11/2021,0
24/11/2021,0
25/11/2021,3.4
26/11/2021,0.6
27/11/2021,0
28/11/2021,0
29/11/2021,0
30/11/2021,0
1/12/2021,0
2/12/2021,0
3/12/2021,0
4/12/2021,0
5/12/2021,0
6/12/2021,0
7/12/2021,0
8/12/2021,23
9/12/2021,0
10/12/2021,0.9
11/12/2021,9.7
12/12/2021,0
13/12/2021,0
14/12/2021,0
15/12/2021,0
16/12/2021,0
17/12/2021,0
18/12/2021,0.9
19/12/2021,3
20/12/2021,0
21/12/2021,24.9
22/12/2021,0
23/12/2021,0
24/12/2021,0
25/12/2021,0
26/12/2021,0
27/12/2021,0
28/12/2021,0
29/12/2021,0.4
30/12/2021,0.9
31/12/2021,0
1/01/2022,0
2/01/2022,34.2
3/01/2022,0.4
4/01/2022,0
5/01/2022,3
6/01/2022,0
7/01/2022,0
8/01/2022,0
9/01/2022,3.8
10/01/2022,0
11/01/2022,0
12/01/2022,0
13/01/2022,0
14/01/2022,0
15/01/2022,5.7
16/01/2022,50.6
17/01/2022,0
18/01/2022,0
19/01/2022,0
20/01/2022,4.8
21/01/2022,8.4
22/01/2022,0
23/01/2022,0
24/01/2022,0
25/01/2022,0.5
26/01/2022,0
27/01/2022,0
28/01/2022,1.4
29/01/2022,0.7
30/01/2022,0
31/01/2022,0
1/02/2022,0
2/02/2022,0
3/02/2022,1.4
4/02/2022,12.1
5/02/2022,0
6/02/2022,0.5
7/02/2022,3.5
8/02/2022,0
9/02/2022,0
10/02/2022,0
11/02/2022,0
12/02/2022,0
13/02/2022,1.3
14/02/2022,0
15/02/2022,0
16/02/2022,0
17/02/2022,4.6
18/02/2022,2.2
19/02/2022,0
20/02/2022,0
21/02/2022,1.5
22/02/2022,0
23/02/2022,0
24/02/2022,0
25/02/2022,0
26/02/2022,0
27/02/2022,10.4
28/02/2022,0
1/03/2022,0
2/03/2022,0
3/03/2022,0
4/03/2022,0
5/03/2022,0
6/03/2022,0
7/03/2022,0
8/03/2022,6.4
9/03/2022,4.1
10/03/2022,0.5
11/03/2022,2.8
12/03/2022,3
13/03/2022,0
14/03/2022,0
15/03/2022,0
16/03/2022,4.4
17/03/2022,0
18/03/2022,0
19/03/2022,0
20/03/2022,0
21/03/2022,0
22/03/2022,0
23/03/2022,9.5
24/03/2022,25.4
25/03/2022,0
26/03/2022,0
27/03/2022,0
28/03/2022,0
29/03/2022,0
30/03/2022,0
31/03/2022,6.7
1/04/2022,0
2/04/2022,0
3/04/2022,0
4/04/2022,0
5/04/2022,26.4
6/04/2022,13.7
7/04/2022,1
8/04/2022,0
9/04/2022,0
10/04/2022,0
11/04/2022,0
12/04/2022,0
13/04/2022,0
14/04/2022,0
15/04/2022,0
16/04/2022,2.8
17/04/2022,3
18/04/2022,24.5
19/04/2022,0
20/04/2022,0
21/04/2022,0
22/04/2022,0
23/04/2022,0
24/04/2022,0
25/04/2022,0
26/04/2022,8.8
27/04/2022,0
28/04/2022,0
29/04/2022,0
30/04/2022,0
1/05/2022,0
2/05/2022,0
3/05/2022,0
4/05/2022,8.4
5/05/2022,3.3
6/05/2022,0
7/05/2022,0
8/05/2022,0
9/05/2022,0
10/05/2022,0
11/05/2022,0
12/05/2022,3.9
13/05/2022,5.3
14/05/2022,0.9
15/05/2022,0
16/05/2022,19.2
17/05/2022,0
18/05/2022,0
19/05/2022,0
20/05/2022,0
21/05/2022,0
22/05/2022,4.1
23/05/2022,0
24/05/2022,6.3
25/05/2022,0
26/05/2022,0
27/05/2022,13.5
28/05/2022,0
29/05/2022,1.9
30/05/2022,0
31/05/2022,0
1/06/2022,0
2/06/2022,0
3/06/2022,79.9
4/06/2022,1.9
5/06/2022,0
6/06/2022,0
7/06/2022,0
8/06/2022,1.4
9/06/2022,1.5
10/06/2022,0
11/06/2022,0.5
12/06/2022,63.2
13/06/2022,0
14/06/2022,0
15/06/2022,0
16/06/2022,1.5
17/06/2022,4.7
18/06/2022,0
19/06/2022,0
20/06/2022,0
21/06/2022,0
22/06/2022,0.4
23/06/2022,0
24/06/2022,0
25/06/2022,0
26/06/2022,0
27/06/2022,10
28/06/2022,0.6
29/06/2022,1.7
30/06/2022,1.1
1/07/2022,17
2/07/2022,2
3/07/2022,1.6
4/07/2022,2.5
5/07/2022,0
6/07/2022,0
7/07/2022,0
8/07/2022,16.9
9/07/2022,0
10/07/2022,8.8
11/07/2022,0.5
12/07/2022,1.2
13/07/2022,1.3
14/07/2022,15.9
15/07/2022,33.3
16/07/2022,0
17/07/2022,1.9
18/07/2022,16.1
19/07/2022,9.5
20/07/2022,2.9
21/07/2022,0
22/07/2022,5.8
23/07/2022,19.7
24/07/2022,0
25/07/2022,0
26/07/2022,21.9
27/07/2022,0
28/07/2022,0
29/07/2022,0
30/07/2022,5.4
31/07/2022,6.5
1/08/2022,0
2/08/2022,0
3/08/2022,2.5
4/08/2022,0
5/08/2022,9.5
6/08/2022,0
7/08/2022,20.3
8/08/2022,0.4
9/08/2022,0
10/08/2022,0
11/08/2022,0
12/08/2022,6.6
13/08/2022,0
14/08/2022,0
15/08/2022,42.6
16/08/2022,0
17/08/2022,0
18/08/2022,0.4
19/08/2022,30.7
20/08/2022,0
21/08/2022,34.5
22/08/2022,4.4
23/08/2022,0
24/08/2022,0
25/08/2022,2.5
26/08/2022,9.6
27/08/2022,0
28/08/2022,1.7
29/08/2022,23.9
30/08/2022,13
31/08/2022,0
1/09/2022,0
2/09/2022,0
3/09/2022,0
4/09/2022,0
5/09/2022,0
6/09/2022,0
7/09/2022,23.8
8/09/2022,0
9/09/2022,0.9
10/09/2022,7.7
11/09/2022,16.5
12/09/2022,0.3
13/09/2022,0
14/09/2022,0
15/09/2022,0
16/09/2022,0
17/09/2022,0
18/09/2022,0
19/09/2022,0
20/09/2022,0
21/09/2022,0
22/09/2022,1.8
23/09/2022,0
24/09/2022,0
25/09/2022,0
26/09/2022,3.4
27/09/2022,0
28/09/2022,0
29/09/2022,27.8
30/09/2022,30
1/10/2022,0
2/10/2022,0
3/10/2022,0
4/10/2022,0
5/10/2022,0
6/10/2022,0
7/10/2022,0
8/10/2022,0
9/10/2022,0
10/10/2022,0
11/10/2022,0
12/10/2022,32.8
13/10/2022,4.9
14/10/2022,0
15/10/2022,0
16/10/2022,0
17/10/2022,0
18/10/2022,0
19/10/2022,0
20/10/2022,0
21/10/2022,0
22/10/2022,0
23/10/2022,0
24/10/2022,0
25/10/2022,0
26/10/2022,0
27/10/2022,0
28/10/2022,15.3
29/10/2022,1.5
30/10/2022,0
31/10/2022,0
1/11/2022,0
2/11/2022,0
3/11/2022,0
4/11/2022,0
5/11/2022,0
6/11/2022,0
7/11/2022,0
8/11/2022,0
9/11/2022,0
10/11/2022,23
11/11/2022,3
12/11/2022,0
13/11/2022,0
14/11/2022,0
15/11/2022,7
16/11/2022,0
17/11/2022,0
18/11/2022,0
19/11/2022,0
20/11/2022,0
21/11/2022,0
22/11/2022,3.3
23/11/2022,0.8
24/11/2022,4.7
25/11/2022,1.8
26/11/2022,0
27/11/2022,0.4
28/11/2022,0
29/11/2022,0
30/11/2022,7
1/12/2022,0
2/12/2022,0
3/12/2022,2
4/12/2022,0
5/12/2022,0
6/12/2022,0
7/12/2022,0
8/12/2022,2.2
9/12/2022,0
10/12/2022,0
11/12/2022,1.2
12/12/2022,0
13/12/2022,0
14/12/2022,0.7
15/12/2022,3.7
16/12/2022,0
17/12/2022,0
18/12/2022,0
19/12/2022,0
20/12/2022,17.9
21/12/2022,4.6
22/12/2022,14
23/12/2022,0
24/12/2022,0
25/12/2022,0
26/12/2022,0
27/12/2022,0
28/12/2022,0
29/12/2022,0
30/12/2022,0
31/12/2022,0.9
1/01/2023,0
2/01/2023,0
3/01/2023,0
4/01/2023,7.3
5/01/2023,0
6/01/2023,0
7/01/2023,0
8/01/2023,0
9/01/2023,0
10/01/2023,0
11/01/2023,0
12/01/2023,2.5
13/01/2023,0
14/01/2023,0
15/01/2023,0
16/01/2023,0
17/01/2023,0.4
18/01/2023,0
19/01/2023,0
20/01/2023,0
21/01/2023,2.7
22/01/2023,48
23/01/2023,0
24/01/2023,0
25/01/2023,7.8
26/01/2023,0
27/01/2023,0
28/01/2023,0
29/01/2023,6.3
30/01/2023,0.9
31/01/2023,0
1/02/2023,0
2/02/2023,10.1
3/02/2023,2.1
4/02/2023,0
5/02/2023,8
6/02/2023,0
7/02/2023,0
8/02/2023,0
9/02/2023,0
10/02/2023,7.5
11/02/2023,39.9
12/02/2023,1.7
13/02/2023,0
14/02/2023,0
15/02/2023,0
16/02/2023,0
17/02/2023,1.5
18/02/2023,0
19/02/2023,0
20/02/2023,0
21/02/2023,0
22/02/2023,0.5
23/02/2023,9.1
24/02/2023,2.7
25/02/2023,0.4
26/02/2023,0
27/02/2023,0
28/02/2023,0.4
1/03/2023,0
2/03/2023,0
3/03/2023,0.3
4/03/2023,0
5/03/2023,0
6/03/2023,0
7/03/2023,0
8/03/2023,0
9/03/2023,0
10/03/2023,6.1
11/03/2023,0
12/03/2023,8.7
13/03/2023,0
14/03/2023,0
15/03/2023,0
16/03/2023,0
17/03/2023,3.5
18/03/2023,4.6
19/03/2023,0
20/03/2023,0
21/03/2023,0
22/03/2023,0
23/03/2023,0
24/03/2023,0
25/03/2023,0.6
26/03/2023,41.2
27/03/2023,0.8
28/03/2023,0.3
29/03/2023,0
30/03/2023,0
31/03/2023,0
1/04/2023,0
2/04/2023,0
3/04/2023,3.1
4/04/2023,0
5/04/2023,0
6/04/2023,0
7/04/2023,2
8/04/2023,36
9/04/2023,0.6
10/04/2023,0
11/04/2023,0
12/04/2023,0
13/04/2023,5.1
14/04/2023,3.4
15/04/2023,0
16/04/2023,0
17/04/2023,0
18/04/2023,0
19/04/2023,0
20/04/2023,0
21/04/2023,0
22/04/2023,15.2
23/04/2023,0
24/04/2023,0
25/04/2023,0
26/04/2023,0
27/04/2023,8.1
28/04/2023,0.5
29/04/2023,9.5
30/04/2023,21.9
1/05/2023,0
2/05/2023,0
3/05/2023,0
4/05/2023,0
5/05/2023,0
6/05/2023,0
7/05/2023,0
8/05/2023,0
9/05/2023,0
10/05/2023,0
11/05/2023,0
12/05/2023,0
13/05/2023,0
14/05/2023,0
15/05/2023,0
16/05/2023,0
17/05/2023,2.1
18/05/2023,41.7
19/05/2023,57.7
20/05/2023,0
21/05/2023,0.5
22/05/2023,0
23/05/2023,0
24/05/2023,0
25/05/2023,4.1
26/05/2023,16.6
27/05/2023,24
28/05/2023,3
29/05/2023,0
30/05/2023,6.5
31/05/2023,0
1/06/2023,0
2/06/2023,0
3/06/2023,0
4/06/2023,0
5/06/2023,0
6/06/2023,0
7/06/2023,7.4
8/06/2023,2.9
9/06/2023,0
10/06/2023,0
11/06/2023,2.1
12/06/2023,3.4
13/06/2023,0
14/06/2023,0
15/06/2023,0
16/06/2023,0
17/06/2023,0
18/06/2023,0
19/06/2023,3.5
20/06/2023,47.9
21/06/2023,6.4
22/06/2023,13.3
23/06/2023,13.7
24/06/2023,1
25/06/2023,0.4
26/06/2023,7.4
27/06/2023,0
28/06/2023,0
29/06/2023,0
30/06/2023,0
1/07/2023,0
2/07/2023,0
3/07/2023,0.8
4/07/2023,27.2
5/07/2023,4.3
6/07/2023,9.5
7/07/2023,3
8/07/2023,23.9
9/07/2023,9
10/07/2023,1.4
11/07/2023,0
12/07/2023,3.7
13/07/2023,1.2
14/07/2023,1.1
15/07/2023,0.6
16/07/2023,0
17/07/2023,0
18/07/2023,0
19/07/2023,0.9
20/07/2023,1.5
21/07/2023,2.9
22/07/2023,1.9
23/07/2023,34.8
24/07/2023,0
25/07/2023,0.9
26/07/2023,0
27/07/2023,0
28/07/2023,5.7
29/07/2023,6.1
30/07/2023,9.4
31/07/2023,2.1
1/08/2023,12.9
2/08/2023,0
3/08/2023,11.2
4/08/2023,49.8
5/08/2023,0
6/08/2023,0
7/08/2023,8.8
8/08/2023,0
9/08/2023,0
10/08/2023,18.7
11/08/2023,0
12/08/2023,0
13/08/2023,0
14/08/2023,7.9
15/08/2023,0
16/08/2023,14.2
17/08/2023,0
18/08/2023,0
19/08/2023,1.8
20/08/2023,0
21/08/2023,0
22/08/2023,0
23/08/2023,0
24/08/2023,0
25/08/2023,0
26/08/2023,13.2
27/08/2023,39.1
28/08/2023,7.1
29/08/2023,0.9
30/08/2023,144.2
31/08/2023,1.8
1/09/2023,0
2/09/2023,0
3/09/2023,0
4/09/2023,0
5/09/2023,0
6/09/2023,0
7/09/2023,0
8/09/2023,0
9/09/2023,2.3
10/09/2023,0
11/09/2023,0
12/09/2023,0
13/09/2023,1.2
14/09/2023,0
15/09/2023,0
16/09/2023,0
17/09/2023,11.9
18/09/2023,0
19/09/2023,0
20/09/2023,0
21/09/2023,1.3
22/09/2023,30.9
23/09/2023,0.3
24/09/2023,0
25/09/2023,0
26/09/2023,0
27/09/2023,0
28/09/2023,0
29/09/2023,0
30/09/2023,0
1/10/2023,0
2/10/2023,0
3/10/2023,0
4/10/2023,0
5/10/2023,1.2
6/10/2023,1.8
7/10/2023,0
8/10/2023,0
9/10/2023,0
10/10/2023,0
11/10/2023,9.5
12/10/2023,10.9
13/10/2023,0
14/10/2023,0.7
15/10/2023,0
16/10/2023,0
17/10/2023,0
18/10/2023,0
19/10/2023,0
20/10/2023,8.5
21/10/2023,0
22/10/2023,0
23/10/2023,0
24/10/2023,0
25/10/2023,0
26/10/2023,0
27/10/2023,0
28/10/2023,0
29/10/2023,0
30/10/2023,0
31/10/2023,0.8
1/11/2023,0
2/11/2023,0
3/11/2023,0
4/11/2023,0
5/11/2023,0
6/11/2023,0
7/11/2023,0
8/11/2023,0
9/11/2023,0
10/11/2023,1.2
11/11/2023,17.6
12/11/2023,5
13/11/2023,0
14/11/2023,0
15/11/2023,0
16/11/2023,0
17/11/2023,2.9
18/11/2023,0
19/11/2023,0
20/11/2023,0
21/11/2023,7.7
22/11/2023,31.3
23/11/2023,0
24/11/2023,0.8
25/11/2023,0
26/11/2023,8
27/11/2023,0
28/11/2023,0
29/11/2023,0
30/11/2023,0
1/12/2023,1.3
2/12/2023,1.1
3/12/2023,0
4/12/2023,0
5/12/2023,0
6/12/2023,0
7/12/2023,0
8/12/2023,0
9/12/2023,1.3
10/12/2023,42.2
11/12/2023,0
12/12/2023,0
13/12/2023,0
14/12/2023,0
15/12/2023,0
16/12/2023,17.8
17/12/2023,81.5
18/12/2023,0
19/12/2023,0
20/12/2023,0
21/12/2023,0
22/12/2023,0
23/12/2023,0
24/12/2023,0
25/12/2023,0
26/12/2023,24.1
27/12/2023,27.1
28/12/2023,0
29/12/2023,0
30/12/2023,0
31/12/2023,0
1/01/2024,0
2/01/2024,0
3/01/2024,3.1
4/01/2024,0
5/01/2024,0
6/01/2024,4.7
7/01/2024,0
8/01/2024,1.5
9/01/2024,13.8
10/01/2024,0
11/01/2024,0
12/01/2024,2.6
13/01/2024,0
14/01/2024,0
15/01/2024,0
16/01/2024,1.1
17/01/2024,0
18/01/2024,0
19/01/2024,0
20/01/2024,0
21/01/2024,0
22/01/2024,0
23/01/2024,0
24/01/2024,1.2
25/01/2024,0.8
26/01/2024,0.8
27/01/2024,1.2
28/01/2024,0
29/01/2024,0
30/01/2024,1
31/01/2024,0
1/02/2024,0
2/02/2024,0
3/02/2024,0
4/02/2024,0
5/02/2024,0
6/02/2024,0
7/02/2024,0
8/02/2024,0
9/02/2024,0
10/02/2024,0
11/02/2024,11.3
12/02/2024,31.9
13/02/2024,0
14/02/2024,0
15/02/2024,0
16/02/2024,0
17/02/2024,0
18/02/2024,0
19/02/2024,0
20/02/2024,0
21/02/2024,0
22/02/2024,0.5
23/02/2024,9.9
24/02/2024,3
25/02/2024,1.7
26/02/2024,0
27/02/2024,0
28/02/2024,0.5
29/02/2024,0
1/03/2024,41.2
2/03/2024,10.6
3/03/2024,0
4/03/2024,0
5/03/2024,0
6/03/2024,11.1
7/03/2024,0
8/03/2024,1
9/03/2024,9
10/03/2024,0
11/03/2024,0
12/03/2024,0
13/03/2024,0
14/03/2024,0
15/03/2024,0.4
16/03/2024,0
17/03/2024,0.7
18/03/2024,0
19/03/2024,0
20/03/2024,0
21/03/2024,0
22/03/2024,54.8
23/03/2024,2.1
24/03/2024,0
25/03/2024,0
26/03/2024,0
27/03/2024,14.8
28/03/2024,9
29/03/2024,0
30/03/2024,0
31/03/2024,0
1/04/2024,0
2/04/2024,0
3/04/2024,12
4/04/2024,0
5/04/2024,0
6/04/2024,0
7/04/2024,0
8/04/2024,0
9/04/2024,0
10/04/2024,1.4
11/04/2024,12.5
12/04/2024,0
13/04/2024,0
14/04/2024,0
15/04/2024,0
16/04/2024,0
17/04/2024,0
18/04/2024,0
19/04/2024,0.7
20/04/2024,61.5
21/04/2024,17.7
22/04/2024,0
23/04/2024,0
24/04/2024,1
25/04/2024,0
26/04/2024,0
27/04/2024,0
28/04/2024,0
29/04/2024,0
30/04/2024,0
1/05/2024,2.1
2/05/2024,0
3/05/2024,0
4/05/2024,0
5/05/2024,0
6/05/2024,28.1
7/05/2024,0.4
8/05/2024,4.7
9/05/2024,0
10/05/2024,9.3
11/05/2024,0
12/05/2024,0
13/05/2024,8.4
14/05/2024,14.1
15/05/2024,8.4
16/05/2024,0
17/05/2024,0
18/05/2024,0
19/05/2024,0
20/05/2024,0
21/05/2024,0
22/05/2024,0
23/05/2024,0
24/05/2024,0
25/05/2024,0.9
26/05/2024,0
27/05/2024,0.8
28/05/2024,0
29/05/2024,0
30/05/2024,0
31/05/2024,0
1/06/2024,0
2/06/2024,0
3/06/2024,0
4/06/2024,0
5/06/2024,14.3
6/06/2024,2.6
7/06/2024,0
8/06/2024,0
9/06/2024,1.3
10/06/2024,6.3
11/06/2024,0
12/06/2024,0
13/06/2024,0
14/06/2024,0
15/06/2024,1
16/06/2024,0
17/06/2024,0
18/06/2024,0
19/06/2024,0
20/06/2024,0
21/06/2024,13.2
22/06/2024,0
23/06/2024,0
24/06/2024,2.7
25/06/2024,16.9
26/06/2024,0
27/06/2024,3
28/06/2024,0
29/06/2024,0
30/06/2024,0
1/07/2024,1
2/07/2024,0
3/07/2024,0
4/07/2024,0
5/07/2024,0
6/07/2024,0
7/07/2024,0
8/07/2024,0.8
9/07/2024,3.3
10/07/2024,1.1
11/07/2024,100.3
12/07/2024,31.5
13/07/2024,1.8
14/07/2024,0
15/07/2024,0
16/07/2024,0
17/07/2024,4.5
18/07/2024,13.6
19/07/2024,15.5
20/07/2024,0
21/07/2024,8.5
22/07/2024,1.5
23/07/2024,6.8
24/07/2024,25.5
25/07/2024,4.9
26/07/2024,44.9
27/07/2024,0
28/07/2024,0
29/07/2024,0
30/07/2024,0
31/07/2024,0
1/08/2024,0
2/08/2024,6.6
3/08/2024,4.9
4/08/2024,0.9
5/08/2024,14.3
6/08/2024,44.9
7/08/2024,98.5
8/08/2024,36
9/08/2024,0.5
10/08/2024,0
11/08/2024,15.6
12/08/2024,0
13/08/2024,0
14/08/2024,0
15/08/2024,0
16/08/2024,0
17/08/2024,0
18/08/2024,4.3
19/08/2024,0
20/08/2024,13.8
21/08/2024,0
22/08/2024,0
23/08/2024,0
24/08/2024,0
25/08/2024,0.8
26/08/2024,0
27/08/2024,0
28/08/2024,0
29/08/2024,0
30/08/2024,0
31/08/2024,3
1/09/2024,1.5
2/09/2024,34.5
3/09/2024,0
4/09/2024,0
5/09/2024,0
6/09/2024,2.8
7/09/2024,0
8/09/2024,0.3
9/09/2024,0
10/09/2024,0
11/09/2024,0
12/09/2024,0.5
13/09/2024,1.7
14/09/2024,15.5
15/09/2024,33.6
16/09/2024,130.4
17/09/2024,0
18/09/2024,0
19/09/2024,10.6
20/09/2024,0
21/09/2024,0
22/09/2024,7.2
23/09/2024,0
24/09/2024,0.3
25/09/2024,0
26/09/2024,13.8
27/09/2024,7.9
28/09/2024,0
29/09/2024,0
30/09/2024,0
1/10/2024,0
2/10/2024,0
3/10/2024,0
4/10/2024,0
5/10/2024,0
6/10/2024,0
7/10/2024,0
8/10/2024,0
9/10/2024,0
10/10/2024,0
11/10/2024,0
12/10/2024,0
13/10/2024,0
14/10/2024,0
15/10/2024,0
16/10/2024,0
17/10/2024,0
18/10/2024,0
19/10/2024,0
20/10/2024,0
21/10/2024,0
22/10/2024,0
23/10/2024,0
24/10/2024,0
25/10/2024,0
26/10/2024,2.5
27/10/2024,0.8
28/10/2024,0
29/10/2024,0
30/10/2024,0
31/10/2024,0
1/11/2024,0
2/11/2024,0
3/11/2024,0
4/11/2024,0
5/11/2024,0
6/11/2024,0
7/11/2024,2.5
8/11/2024,0
9/11/2024,0
10/11/2024,0
11/11/2024,1.1
12/11/2024,0
13/11/2024,0
14/11/2024,21.9
15/11/2024,0
16/11/2024,0
17/11/2024,0
18/11/2024,0
19/11/2024,1.5
20/11/2024,0
21/11/2024,0
22/11/2024,0
23/11/2024,0
24/11/2024,0
25/11/2024,0
26/11/2024,0
27/11/2024,0
28/11/2024,3.8
29/11/2024,0
30/11/2024,0
1/12/2024,0
2/12/2024,0
3/12/2024,0
4/12/2024,0
5/12/2024,0
6/12/2024,0
7/12/2024,0
8/12/2024,0.5
9/12/2024,1.3
10/12/2024,10.4
11/12/2024,6.8
12/12/2024,0
13/12/2024,0
14/12/2024,0
15/12/2024,0
16/12/2024,0
17/12/2024,0
18/12/2024,5.1
19/12/2024,0
20/12/2024,0
21/12/2024,0
22/12/2024,0
23/12/2024,1.9
24/12/2024,10.4
25/12/2024,0
26/12/2024,2.2
27/12/2024,0
28/12/2024,0
29/12/2024,16
30/12/2024,0
31/12/2024,0
1/01/2025,0
2/01/2025,0
3/01/2025,6.8
4/01/2025,0
5/01/2025,0.4
6/01/2025,10.4
7/01/2025,0
8/01/2025,0
9/01/2025,0
10/01/2025,9.9
11/01/2025,0
12/01/2025,0
13/01/2025,0
14/01/2025,0
15/01/2025,0
16/01/2025,0
17/01/2025,0
18/01/2025,33.3
19/01/2025,0.5
20/01/2025,0
21/01/2025,15.2
22/01/2025,0
23/01/2025,0
24/01/2025,0
25/01/2025,0
26/01/2025,1.5
27/01/2025,5.7
28/01/2025,0
29/01/2025,0
30/01/2025,0
31/01/2025,1.6
1/02/2025,0
2/02/2025,0.9
3/02/2025,0
4/02/2025,0
5/02/2025,0
6/02/2025,0
7/02/2025,0.8
8/02/2025,0
9/02/2025,0.4
10/02/2025,0
11/02/2025,2.3
12/02/2025,0.7
13/02/2025,0.4
14/02/2025,0
15/02/2025,2.2
16/02/2025,11.2
17/02/2025,0
18/02/2025,0
19/02/2025,11.8
20/02/2025,0
21/02/2025,0
22/02/2025,0
23/02/2025,0
24/02/2025,0
25/02/2025,0
26/02/2025,0
27/02/2025,1.5
28/02/2025,0
1/03/2025,0
2/03/2025,0
3/03/2025,0
4/03/2025,0
5/03/2025,36.4
6/03/2025,0
7/03/2025,0
8/03/2025,0
9/03/2025,0
10/03/2025,0
11/03/2025,0
12/03/2025,0
13/03/2025,0
14/03/2025,0
15/03/2025,0
16/03/2025,56.2
17/03/2025,1.2
18/03/2025,0
19/03/2025,0
20/03/2025,1.3
21/03/2025,0
22/03/2025,0
23/03/2025,0
24/03/2025,0.9
25/03/2025,0
26/03/2025,0
27/03/2025,0
28/03/2025,0
29/03/2025,0
30/03/2025,2.3
31/03/2025,13.4
1/04/2025,0
2/04/2025,0
3/04/2025,0
4/04/2025,0
5/04/2025,0
6/04/2025,0
7/04/2025,15
8/04/2025,0
9/04/2025,0
10/04/2025,5.1
11/04/2025,3.8
12/04/2025,0
13/04/2025,0
14/04/2025,0
15/04/2025,0
16/04/2025,0
17/04/2025,0
18/04/2025,0
19/04/2025,0
20/04/2025,0
21/04/2025,0
22/04/2025,0
23/04/2025,11.2
24/04/2025,0.7
25/04/2025,0
26/04/2025,0
27/04/2025,0
28/04/2025,0
29/04/2025,0
30/04/2025,0
1/05/2025,0
2/05/2025,0
3/05/2025,9.3
4/05/2025,0.4
5/05/2025,0
6/05/2025,0
7/05/2025,0
8/05/2025,4.8
9/05/2025,3.7
10/05/2025,45.7
11/05/2025,9.8
12/05/2025,39.5
13/05/2025,0.3
14/05/2025,4.1
15/05/2025,0
16/05/2025,0
17/05/2025,0
18/05/2025,0
19/05/2025,0
20/05/2025,0
21/05/2025,0
22/05/2025,0
23/05/2025,0
24/05/2025,0
25/05/2025,0.4
26/05/2025,0
27/05/2025,69.6
28/05/2025,0
29/05/2025,23
30/05/2025,2.5
31/05/2025,0
1/06/2025,2.3
2/06/2025,0
3/06/2025,0
4/06/2025,11.9
5/06/2025,17.2
6/06/2025,0
7/06/2025,0
8/06/2025,34.3
9/06/2025,6.5
10/06/2025,21.5
11/06/2025,0
12/06/2025,0
13/06/2025,16.6
14/06/2025,12.7
15/06/2025,0
16/06/2025,0
17/06/2025,0.5
18/06/2025,0
19/06/2025,0
20/06/2025,0
21/06/2025,0
22/06/2025,0
23/06/2025,0
24/06/2025,0
25/06/2025,4.7
26/06/2025,0
27/06/2025,1.9
28/06/2025,0
29/06/2025,0.9
30/06/2025,0
1/07/2025,0
2/07/2025,27
3/07/2025,0
4/07/2025,3.2
5/07/2025,53.9
6/07/2025,2.7
7/07/2025,0
8/07/2025,0
9/07/2025,0
10/07/2025,8.6
11/07/2025,0
12/07/2025,0
13/07/2025,1.8
14/07/2025,0.9
15/07/2025,1.4
16/07/2025,5.1
17/07/2025,1.4
18/07/2025,0
19/07/2025,0
20/07/2025,0
21/07/2025,0
22/07/2025,15.2
23/07/2025,2.1
24/07/2025,3.8
25/07/2025,0
26/07/2025,0.5
27/07/2025,16.2
28/07/2025,2.5
29/07/2025,52.5
30/07/2025,34.1
31/07/2025,13.6
1/08/2025,24.5
2/08/2025,0.4
3/08/2025,0
4/08/2025,0
5/08/2025,42.5
6/08/2025,11.3
7/08/2025,21.4
8/08/2025,0
9/08/2025,0
10/08/2025,6.4
11/08/2025,19.5
12/08/2025,19.1
13/08/2025,2
14/08/2025,10.7
15/08/2025,0
16/08/2025,0
17/08/2025,0
18/08/2025,0
19/08/2025,3.6
20/08/2025,5.6
21/08/2025,0
22/08/2025,0
23/08/2025,0
24/08/2025,0
25/08/2025,4
26/08/2025,0
27/08/2025,0
28/08/2025,0
29/08/2025,0
30/08/2025,4.4
31/08/2025,0
1/09/2025,0
2/09/2025,0
3/09/2025,0
4/09/2025,0
5/09/2025,0
6/09/2025,0
7/09/2025,20.9
8/09/2025,0
9/09/2025,0
10/09/2025,0
11/09/2025,0
12/09/2025,0
13/09/2025,0
14/09/2025,0
15/09/2025,0
16/09/2025,0
17/09/2025,0
18/09/2025,0
19/09/2025,0
20/09/2025,0
21/09/2025,0
22/09/2025,0
23/09/2025,0
24/09/2025,0
25/09/2025,0
26/09/2025,13.9
27/09/2025,1.3
28/09/2025,7.6
29/09/2025,96.4
30/09/2025,1.7
1/10/2025,0
2/10/2025,0
3/10/2025,0
4/10/2025,0
5/10/2025,0
6/10/2025,0
7/10/2025,0
8/10/2025,10.1
9/10/2025,0.3
10/10/2025,12.2
11/10/2025,28.6
12/10/2025,48.9
13/10/2025,0.9
14/10/2025,0
15/10/2025,0
16/10/2025,0
17/10/2025,0
18/10/2025,0
19/10/2025,0
20/10/2025,0
21/10/2025,0
22/10/2025,0
23/10/2025,0
24/10/2025,0
25/10/2025,0
26/10/2025,0.5
27/10/2025,10.2
28/10/2025,2.7
29/10/2025,0
30/10/2025,0
31/10/2025,0
1/11/2025,0
2/11/2025,12.3
3/11/2025,0
4/11/2025,0
5/11/2025,0
6/11/2025,0
7/11/2025,0
8/11/2025,0
9/11/2025,3
10/11/2025,1
11/11/2025,0
12/11/2025,0
13/11/2025,0
14/11/2025,0
15/11/2025,0
16/11/2025,0
17/11/2025,0
18/11/2025,0
19/11/2025,0
20/11/2025,0
21/11/2025,0
22/11/2025,0
23/11/2025,0
24/11/2025,0
25/11/2025,11.5
26/11/2025,0
27/11/2025,0
28/11/2025,0
29/11/2025,0
30/11/2025,1.1
1/12/2025,13.4
2/12/2025,23.2
3/12/2025,0
4/12/2025,2.7
5/12/2025,29.5
6/12/2025,4.6
7/12/2025,0
8/12/2025,0
9/12/2025,0
10/12/2025,0
11/12/2025,0
12/12/2025,0
13/12/2025,0
14/12/2025,1.4
15/12/2025,0
16/12/2025,0
17/12/2025,0
18/12/2025,25.7
19/12/2025,0
20/12/2025,0
21/12/2025,0
22/12/2025,0
23/12/2025,0
24/12/2025,0
25/12/2025,0
26/12/2025,0
27/12/2025,0
28/12/2025,0
29/12/2025,0
30/12/2025,0
31/12/2025,0
1/01/2026,0
2/01/2026,0.8
3/01/2026,6
4/01/2026,0
5/01/2026,0
6/01/2026,0
7/01/2026,0
8/01/2026,0
9/01/2026,0
10/01/2026,0
11/01/2026,0.7
12/01/2026,0
13/01/2026,0
14/01/2026,1.2
15/01/2026,0
16/01/2026,0
17/01/2026,1.8
18/01/2026,20.2
19/01/2026,0
20/01/2026,0
21/01/2026,0
22/01/2026,0
23/01/2026,0.8
24/01/2026,0
25/01/2026,5.8
26/01/2026,1.9
27/01/2026,0
28/01/2026,0
29/01/2026,0
30/01/2026,0
31/01/2026,15.1
1/02/2026,0.4
2/02/2026,0
3/02/2026,0
4/02/2026,21.3
5/02/2026,0
6/02/2026,0
7/02/2026,0
8/02/2026,0
9/02/2026,0
10/02/2026,0
11/02/2026,2.4
12/02/2026,0
13/02/2026,0
14/02/2026,0
15/02/2026,10.9
16/02/2026,0
17/02/2026,0
18/02/2026,0
19/02/2026,0
20/02/2026,0
21/02/2026,12.8
22/02/2026,0.8
23/02/2026,0
24/02/2026,0
25/02/2026,0
26/02/2026,8
27/02/2026,11.8
28/02/2026,0
1/03/2026,0
2/03/2026,0
3/03/2026,0
4/03/2026,0
5/03/2026,0
6/03/2026,0
7/03/2026,0
8/03/2026,21.5
9/03/2026,0
10/03/2026,0
11/03/2026,0
12/03/2026,1.2
13/03/2026,0
14/03/2026,0
15/03/2026,2.6
16/03/2026,41
17/03/2026,0
18/03/2026,0
19/03/2026,0
20/03/2026,0
