,"(deg C) Mean Temperature (gridMET) at -77.4705E,34.6437N, 2015-01-01 to 2025-01-01"
"2015-01-01",5.8702
"2015-01-02",12.7549
"2015-01-03",16.6655
"2015-01-04",17.1404
"2015-01-05",6.9004
"2015-01-06",8.3354
"2015-01-07",-0.4349
"2015-01-08",-4.1599
"2015-01-09",5.8754
"2015-01-10",0.8651
"2015-01-11",5.9852
"2015-01-12",14.3852
"2015-01-13",5.2453
"2015-01-14",2.8149
"2015-01-15",5.9748
"2015-01-16",7.4252
"2015-01-17",9.4706
"2015-01-18",10.2253
"2015-01-19",10.86
"2015-01-20",12.2202
"2015-01-21",10.8203
"2015-01-22",9.8401
"2015-01-23",13.5304
"2015-01-24",8.1903
"2015-01-25",7.7456
"2015-01-26",9.1497
"2015-01-27",2.2206
"2015-01-28",1.8056
"2015-01-29",4.6005
"2015-01-30",4.9704
"2015-01-31",3.8849
"2015-02-01",10.6399
"2015-02-02",8.5445
"2015-02-03",2.7799
"2015-02-04",6.8148
"2015-02-05",3.615
"2015-02-06",0.8345
"2015-02-07",8.2101
"2015-02-08",15.9995
"2015-02-09",14.4853
"2015-02-10",4.2944
"2015-02-11",3.5146
"2015-02-12",8.3498
"2015-02-13",-1.5451
"2015-02-14",3.43
"2015-02-15",-2.7299
"2015-02-16",-1.3402
"2015-02-17",-1.2999
"2015-02-18",1.1398
"2015-02-19",-5.9951
"2015-02-20",-5.5003
"2015-02-21",6.03
"2015-02-22",15.165
"2015-02-23",5.4546
"2015-02-24",-1.7055
"2015-02-25",2.4152
"2015-02-26",2.2797
"2015-02-27",5.1595
"2015-02-28",4.1469
"2015-03-01",7.7064
"2015-03-02",11.2364
"2015-03-03",11.1119
"2015-03-04",21.3618
"2015-03-05",13.757
"2015-03-06",1.0314
"2015-03-07",7.3515
"2015-03-08",14.7319
"2015-03-09",15.1371
"2015-03-10",19.0019
"2015-03-11",22.6966
"2015-03-12",12.5471
"2015-03-13",14.0273
"2015-03-14",18.0472
"2015-03-15",13.8517
"2015-03-16",16.0622
"2015-03-17",18.9521
"2015-03-18",12.2167
"2015-03-19",11.5173
"2015-03-20",14.0819
"2015-03-21",14.0472
"2015-03-22",14.2264
"2015-03-23",8.9564
"2015-03-24",14.6218
"2015-03-25",17.6317
"2015-03-26",21.492
"2015-03-27",13.2366
"2015-03-28",4.5768
"2015-03-29",6.1569
"2015-03-30",11.4319
"2015-03-31",16.6255
"2015-04-01",11.0854
"2015-04-02",17.0901
"2015-04-03",23.0406
"2015-04-04",13.6205
"2015-04-05",14.7005
"2015-04-06",19.3601
"2015-04-07",20.3253
"2015-04-08",22.735
"2015-04-09",21.3401
"2015-04-10",24.3451
"2015-04-11",17.4654
"2015-04-12",18.5651
"2015-04-13",22.2506
"2015-04-14",21.625
"2015-04-15",14.9105
"2015-04-16",18.2805
"2015-04-17",21.7802
"2015-04-18",21.6855
"2015-04-19",22.0749
"2015-04-20",22.4751
"2015-04-21",17.3404
"2015-04-22",20.7005
"2015-04-23",15.1353
"2015-04-24",15.4457
"2015-04-25",15.6149
"2015-04-26",11.6754
"2015-04-27",14.7907
"2015-04-28",15.1653
"2015-04-29",16.4255
"2015-04-30",14.1003
"2015-05-01",13.4955
"2015-05-02",15.5355
"2015-05-03",18.2155
"2015-05-04",19.1756
"2015-05-05",19.4905
"2015-05-06",21.0903
"2015-05-07",21.8758
"2015-05-08",23.2157
"2015-05-09",23.2009
"2015-05-10",22.4557
"2015-05-11",25.29
"2015-05-12",26.6708
"2015-05-13",21.4107
"2015-05-14",17.7704
"2015-05-15",18.911
"2015-05-16",20.9807
"2015-05-17",24.3611
"2015-05-18",26.0056
"2015-05-19",26.5653
"2015-05-20",26.0552
"2015-05-21",22.6104
"2015-05-22",17.5111
"2015-05-23",20.7556
"2015-05-24",21.0759
"2015-05-25",22.0505
"2015-05-26",25.4351
"2015-05-27",23.7457
"2015-05-28",22.3854
"2015-05-29",24.6258
"2015-05-30",24.1806
"2015-05-31",24.616
"2015-06-01",26.0055
"2015-06-02",24.641
"2015-06-03",22.7163
"2015-06-04",23.8505
"2015-06-05",21.1807
"2015-06-06",24.2257
"2015-06-07",21.8459
"2015-06-08",26.6261
"2015-06-09",24.3105
"2015-06-10",25.9056
"2015-06-11",27.1706
"2015-06-12",27.7061
"2015-06-13",29.3261
"2015-06-14",29.5808
"2015-06-15",30.471
"2015-06-16",31.3806
"2015-06-17",29.7863
"2015-06-18",28.4308
"2015-06-19",28.5559
"2015-06-20",29.3713
"2015-06-21",29.921
"2015-06-22",30.456
"2015-06-23",30.2406
"2015-06-24",29.1111
"2015-06-25",29.5859
"2015-06-26",28.456
"2015-06-27",27.1309
"2015-06-28",25.456
"2015-06-29",25.981
"2015-06-30",27.9676
"2015-07-01",26.9975
"2015-07-02",27.1878
"2015-07-03",26.6174
"2015-07-04",28.353
"2015-07-05",28.4575
"2015-07-06",27.823
"2015-07-07",28.4027
"2015-07-08",28.6631
"2015-07-09",29.9381
"2015-07-10",30.1426
"2015-07-11",29.588
"2015-07-12",27.3729
"2015-07-13",24.2576
"2015-07-14",28.8328
"2015-07-15",27.3529
"2015-07-16",27.0774
"2015-07-17",27.2424
"2015-07-18",28.503
"2015-07-19",29.4027
"2015-07-20",30.303
"2015-07-21",29.7329
"2015-07-22",28.6623
"2015-07-23",26.6278
"2015-07-24",24.6677
"2015-07-25",24.7629
"2015-07-26",27.0724
"2015-07-27",27.0583
"2015-07-28",27.3178
"2015-07-29",27.6829
"2015-07-30",28.173
"2015-07-31",28.7525
"2015-08-01",28.2775
"2015-08-02",28.412
"2015-08-03",25.9821
"2015-08-04",27.2572
"2015-08-05",30.4522
"2015-08-06",28.0968
"2015-08-07",26.567
"2015-08-08",24.2674
"2015-08-09",25.1276
"2015-08-10",26.9071
"2015-08-11",25.0121
"2015-08-12",25.6772
"2015-08-13",26.0368
"2015-08-14",25.3271
"2015-08-15",25.2874
"2015-08-16",26.3569
"2015-08-17",27.512
"2015-08-18",26.2373
"2015-08-19",26.5274
"2015-08-20",28.2419
"2015-08-21",28.087
"2015-08-22",25.3921
"2015-08-23",26.1674
"2015-08-24",26.7475
"2015-08-25",26.9068
"2015-08-26",25.9519
"2015-08-27",23.5321
"2015-08-28",24.4121
"2015-08-29",24.8672
"2015-08-30",26.1668
"2015-08-31",25.2858
"2015-09-01",26.8606
"2015-09-02",27.8258
"2015-09-03",26.9506
"2015-09-04",27.8453
"2015-09-05",27.0507
"2015-09-06",26.0659
"2015-09-07",26.5604
"2015-09-08",26.9608
"2015-09-09",27.4257
"2015-09-10",27.5658
"2015-09-11",26.0105
"2015-09-12",24.6759
"2015-09-13",19.5956
"2015-09-14",18.9005
"2015-09-15",20.5656
"2015-09-16",23.6856
"2015-09-17",23.3206
"2015-09-18",25.0103
"2015-09-19",25.1707
"2015-09-20",25.9854
"2015-09-21",25.6804
"2015-09-22",24.771
"2015-09-23",23.4958
"2015-09-24",23.1954
"2015-09-25",22.7558
"2015-09-26",22.5204
"2015-09-27",24.9358
"2015-09-28",25.3505
"2015-09-29",27.1009
"2015-09-30",25.2286
"2015-10-01",19.6592
"2015-10-02",20.8336
"2015-10-03",25.7644
"2015-10-04",23.1238
"2015-10-05",18.9787
"2015-10-06",17.7789
"2015-10-07",20.6941
"2015-10-08",21.324
"2015-10-09",22.7291
"2015-10-10",18.6042
"2015-10-11",19.4792
"2015-10-12",18.6393
"2015-10-13",21.7237
"2015-10-14",19.2743
"2015-10-15",17.639
"2015-10-16",19.184
"2015-10-17",14.9244
"2015-10-18",10.1336
"2015-10-19",10.9993
"2015-10-20",15.5837
"2015-10-21",17.8891
"2015-10-22",18.4244
"2015-10-23",19.3238
"2015-10-24",17.0343
"2015-10-25",19.1892
"2015-10-26",17.1037
"2015-10-27",18.9142
"2015-10-28",21.9695
"2015-10-29",20.5336
"2015-10-30",16.0888
"2015-10-31",16.3407
"2015-11-01",22.3257
"2015-11-02",20.0109
"2015-11-03",18.8308
"2015-11-04",19.9161
"2015-11-05",21.3406
"2015-11-06",24.1911
"2015-11-07",21.3656
"2015-11-08",14.0857
"2015-11-09",19.0055
"2015-11-10",17.4761
"2015-11-11",14.941
"2015-11-12",18.7063
"2015-11-13",13.7861
"2015-11-14",9.0606
"2015-11-15",10.5958
"2015-11-16",11.6411
"2015-11-17",14.4911
"2015-11-18",19.4206
"2015-11-19",18.451
"2015-11-20",12.7611
"2015-11-21",13.3253
"2015-11-22",7.7756
"2015-11-23",4.5157
"2015-11-24",7.8453
"2015-11-25",11.2508
"2015-11-26",16.8556
"2015-11-27",16.7855
"2015-11-28",16.1805
"2015-11-29",17.2059
"2015-11-30",15.8572
"2015-12-01",16.0067
"2015-12-02",18.7667
"2015-12-03",10.0221
"2015-12-04",9.112
"2015-12-05",11.2716
"2015-12-06",12.3968
"2015-12-07",10.422
"2015-12-08",9.617
"2015-12-09",12.0219
"2015-12-10",15.362
"2015-12-11",17.0115
"2015-12-12",18.4168
"2015-12-13",18.1721
"2015-12-14",20.1568
"2015-12-15",15.9867
"2015-12-16",16.7519
"2015-12-17",20.2723
"2015-12-18",10.757
"2015-12-19",6.1719
"2015-12-20",7.5619
"2015-12-21",15.4021
"2015-12-22",20.292
"2015-12-23",22.257
"2015-12-24",23.0672
"2015-12-25",22.4468
"2015-12-26",20.7115
"2015-12-27",21.4022
"2015-12-28",19.9019
"2015-12-29",23.7017
"2015-12-30",22.2071
"2015-12-31",9.5324
"2016-01-01",9.5
"2016-01-02",5.65
"2016-01-03",5.8
"2016-01-04",2.7
"2016-01-05",-0.5
"2016-01-06",4.95
"2016-01-07",9.9
"2016-01-08",11.15
"2016-01-09",14.4
"2016-01-10",9.65
"2016-01-11",3.05
"2016-01-12",6.7
"2016-01-13",3.1
"2016-01-14",8.35
"2016-01-15",9.6
"2016-01-16",11.95
"2016-01-17",2.85
"2016-01-18",0
"2016-01-19",-2.4
"2016-01-20",-0.55
"2016-01-21",3.65
"2016-01-22",2.8
"2016-01-23",-0.25
"2016-01-24",2.65
"2016-01-25",5.2
"2016-01-26",13.3
"2016-01-27",9.95
"2016-01-28",6.55
"2016-01-29",6.75
"2016-01-30",6.05
"2016-01-31",13
"2016-02-01",17.15
"2016-02-02",14.85
"2016-02-03",20.1
"2016-02-04",12.7
"2016-02-05",4.25
"2016-02-06",6.25
"2016-02-07",3.2
"2016-02-08",7.75
"2016-02-09",4.4
"2016-02-10",1.5
"2016-02-11",2.1
"2016-02-12",0.1
"2016-02-13",-1.25
"2016-02-14",-2
"2016-02-15",8.4
"2016-02-16",11.1
"2016-02-17",9.15
"2016-02-18",4.65
"2016-02-19",6.1
"2016-02-20",15.9
"2016-02-21",17.35
"2016-02-22",14.55
"2016-02-23",14.9
"2016-02-24",15.85
"2016-02-25",8.6
"2016-02-26",5.3
"2016-02-27",4.9
"2016-02-28",11.55
"2016-02-29",14.25
"2016-03-01",14.6
"2016-03-02",9.45
"2016-03-03",8.5
"2016-03-04",4.8
"2016-03-05",7.5
"2016-03-06",8.25
"2016-03-07",10.95
"2016-03-08",17.4
"2016-03-09",19.1
"2016-03-10",22.05
"2016-03-11",21.35
"2016-03-12",21
"2016-03-13",22.1
"2016-03-14",21
"2016-03-15",19.75
"2016-03-16",20.9
"2016-03-17",20.15
"2016-03-18",17.4
"2016-03-19",15.55
"2016-03-20",7.1
"2016-03-21",7.9
"2016-03-22",12
"2016-03-23",18.5
"2016-03-24",21.05
"2016-03-25",22.15
"2016-03-26",17.35
"2016-03-27",17.45
"2016-03-28",18.3
"2016-03-29",14.1
"2016-03-30",16.65
"2016-03-31",19.7
"2016-04-01",22
"2016-04-02",16.65
"2016-04-03",11.65
"2016-04-04",16.75
"2016-04-05",6.3
"2016-04-06",12.45
"2016-04-07",17.95
"2016-04-08",13.25
"2016-04-09",9.95
"2016-04-10",9.8
"2016-04-11",18.15
"2016-04-12",15.55
"2016-04-13",12.6
"2016-04-14",14.25
"2016-04-15",12.6
"2016-04-16",13.05
"2016-04-17",13.3
"2016-04-18",20.05
"2016-04-19",23.6
"2016-04-20",18.35
"2016-04-21",20.35
"2016-04-22",21.65
"2016-04-23",19.3
"2016-04-24",16.25
"2016-04-25",19.45
"2016-04-26",22.65
"2016-04-27",24.35
"2016-04-28",23.5
"2016-04-29",19.8
"2016-04-30",18.9
"2016-05-01",22.25
"2016-05-02",23.6
"2016-05-03",21.55
"2016-05-04",21.35
"2016-05-05",15.7
"2016-05-06",14.7
"2016-05-07",20.3
"2016-05-08",24.4
"2016-05-09",25.55
"2016-05-10",23.45
"2016-05-11",24.15
"2016-05-12",23.95
"2016-05-13",20.5
"2016-05-14",20.5
"2016-05-15",14.95
"2016-05-16",18.85
"2016-05-17",22.45
"2016-05-18",16.85
"2016-05-19",19.85
"2016-05-20",19.85
"2016-05-21",22
"2016-05-22",17
"2016-05-23",15.8
"2016-05-24",20.7
"2016-05-25",24.2
"2016-05-26",22.75
"2016-05-27",22.75
"2016-05-28",25.9
"2016-05-29",25.8
"2016-05-30",25.3
"2016-05-31",25.15
"2016-06-01",24.65
"2016-06-02",25.8
"2016-06-03",27.15
"2016-06-04",28.45
"2016-06-05",27.85
"2016-06-06",25.75
"2016-06-07",25.1
"2016-06-08",21.35
"2016-06-09",22.25
"2016-06-10",23.55
"2016-06-11",27
"2016-06-12",28.45
"2016-06-13",23.25
"2016-06-14",27.35
"2016-06-15",26.8
"2016-06-16",28.3
"2016-06-17",25.85
"2016-06-18",23.2
"2016-06-19",20.75
"2016-06-20",25.2
"2016-06-21",26.75
"2016-06-22",29.3
"2016-06-23",27.9
"2016-06-24",26.65
"2016-06-25",26.35
"2016-06-26",25.35
"2016-06-27",26
"2016-06-28",25.95
"2016-06-29",26.15
"2016-06-30",27.15
"2016-07-01",25.85
"2016-07-02",28.2
"2016-07-03",28.2
"2016-07-04",27.95
"2016-07-05",29.2
"2016-07-06",28.3
"2016-07-07",28.75
"2016-07-08",28.65
"2016-07-09",28.65
"2016-07-10",28.5
"2016-07-11",26.2
"2016-07-12",27.15
"2016-07-13",29.75
"2016-07-14",30.45
"2016-07-15",27.9
"2016-07-16",26.65
"2016-07-17",26.9
"2016-07-18",28.65
"2016-07-19",26.5
"2016-07-20",27.1
"2016-07-21",26.8
"2016-07-22",27.65
"2016-07-23",28.35
"2016-07-24",29.05
"2016-07-25",28.8
"2016-07-26",30.1
"2016-07-27",30.6
"2016-07-28",31.1
"2016-07-29",30
"2016-07-30",30.25
"2016-07-31",27.8
"2016-08-01",27.5
"2016-08-02",27.35
"2016-08-03",26.2
"2016-08-04",27.6
"2016-08-05",28.05
"2016-08-06",27.85
"2016-08-07",27.7
"2016-08-08",28.25
"2016-08-09",27.4
"2016-08-10",27.6
"2016-08-11",28.65
"2016-08-12",28.9
"2016-08-13",29.05
"2016-08-14",29.65
"2016-08-15",28.2
"2016-08-16",28.1
"2016-08-17",28.9
"2016-08-18",28.55
"2016-08-19",27.35
"2016-08-20",27.65
"2016-08-21",28.9
"2016-08-22",26.9
"2016-08-23",24.85
"2016-08-24",25.25
"2016-08-25",26
"2016-08-26",27.05
"2016-08-27",28.85
"2016-08-28",26.9
"2016-08-29",26.75
"2016-08-30",26.85
"2016-08-31",25.5
"2016-09-01",27.7
"2016-09-02",22.45
"2016-09-03",22.25
"2016-09-04",22.15
"2016-09-05",22.25
"2016-09-06",25.6
"2016-09-07",27.7
"2016-09-08",27.7
"2016-09-09",26.25
"2016-09-10",26.3
"2016-09-11",27.75
"2016-09-12",23.9
"2016-09-13",24.5
"2016-09-14",24.8
"2016-09-15",25.1
"2016-09-16",25.55
"2016-09-17",26.4
"2016-09-18",27.7
"2016-09-19",25.55
"2016-09-20",23.25
"2016-09-21",25.15
"2016-09-22",24.15
"2016-09-23",24.7
"2016-09-24",25.75
"2016-09-25",22.65
"2016-09-26",24
"2016-09-27",23.3
"2016-09-28",25.4
"2016-09-29",24.2
"2016-09-30",23.8
"2016-10-01",24.05
"2016-10-02",22.65
"2016-10-03",22.75
"2016-10-04",21.3
"2016-10-05",22.9
"2016-10-06",22
"2016-10-07",25.5
"2016-10-08",21.3
"2016-10-09",16.4
"2016-10-10",14.1
"2016-10-11",17.25
"2016-10-12",19.75
"2016-10-13",20.25
"2016-10-14",17.6
"2016-10-15",18.15
"2016-10-16",20.1
"2016-10-17",21
"2016-10-18",22.2
"2016-10-19",22.9
"2016-10-20",21.5
"2016-10-21",19.45
"2016-10-22",11.75
"2016-10-23",13.75
"2016-10-24",18.65
"2016-10-25",12.1
"2016-10-26",14.05
"2016-10-27",18.65
"2016-10-28",17.8
"2016-10-29",17.9
"2016-10-30",21.85
"2016-10-31",16.65
"2016-11-01",17.2
"2016-11-02",19.45
"2016-11-03",21.25
"2016-11-04",13.45
"2016-11-05",10.6
"2016-11-06",12.7
"2016-11-07",9.45
"2016-11-08",10.75
"2016-11-09",11
"2016-11-10",10.5
"2016-11-11",14.95
"2016-11-12",8.6
"2016-11-13",10.4
"2016-11-14",14.6
"2016-11-15",10.75
"2016-11-16",11.8
"2016-11-17",11.6
"2016-11-18",14.15
"2016-11-19",12.95
"2016-11-20",4.55
"2016-11-21",5.65
"2016-11-22",5.35
"2016-11-23",7.7
"2016-11-24",16.45
"2016-11-25",16.7
"2016-11-26",7.2
"2016-11-27",5.7
"2016-11-28",10.65
"2016-11-29",21
"2016-11-30",21.55
"2016-12-01",13.9
"2016-12-02",9.1
"2016-12-03",8.2
"2016-12-04",10.1
"2016-12-05",12.55
"2016-12-06",14.3
"2016-12-07",11.45
"2016-12-08",8.1
"2016-12-09",2.15
"2016-12-10",1.35
"2016-12-11",7.2
"2016-12-12",14.65
"2016-12-13",10.75
"2016-12-14",6.85
"2016-12-15",3.45
"2016-12-16",0.55
"2016-12-17",12.75
"2016-12-18",16.35
"2016-12-19",3.7
"2016-12-20",3.35
"2016-12-21",6.95
"2016-12-22",10.25
"2016-12-23",9.45
"2016-12-24",14.5
"2016-12-25",12.4
"2016-12-26",14.05
"2016-12-27",18.85
"2016-12-28",11.2
"2016-12-29",10.95
"2016-12-30",3.55
"2016-12-31",6.65
"2017-01-01",12.7
"2017-01-02",16.6
"2017-01-03",17.1
"2017-01-04",11.4
"2017-01-05",8.15
"2017-01-06",5.7
"2017-01-07",-3
"2017-01-08",-5.6
"2017-01-09",-2.9
"2017-01-10",4.1
"2017-01-11",14.6
"2017-01-12",16.1
"2017-01-13",16.8
"2017-01-14",10.2
"2017-01-15",11.7
"2017-01-16",10.2
"2017-01-17",14.7
"2017-01-18",13.1
"2017-01-19",10.5
"2017-01-20",16.65
"2017-01-21",14.85
"2017-01-22",15.35
"2017-01-23",12.6
"2017-01-24",9.7
"2017-01-25",13.9
"2017-01-26",11.4
"2017-01-27",6.4
"2017-01-28",5.45
"2017-01-29",8.95
"2017-01-30",5.05
"2017-01-31",13.85
"2017-02-01",17
"2017-02-02",15.75
"2017-02-03",4
"2017-02-04",3.65
"2017-02-05",8.7
"2017-02-06",10.55
"2017-02-07",16.45
"2017-02-08",18
"2017-02-09",7
"2017-02-10",5.4
"2017-02-11",16.6
"2017-02-12",19.9
"2017-02-13",7.4
"2017-02-14",9.3
"2017-02-15",9.5
"2017-02-16",6.25
"2017-02-17",9.35
"2017-02-18",15.8
"2017-02-19",15.35
"2017-02-20",14.9
"2017-02-21",13.1
"2017-02-22",16.25
"2017-02-23",18.35
"2017-02-24",17.65
"2017-02-25",15.6
"2017-02-26",8.35
"2017-02-27",13.3
"2017-02-28",19.65
"2017-03-01",20.65
"2017-03-02",8.45
"2017-03-03",7.35
"2017-03-04",5.5
"2017-03-05",6.75
"2017-03-06",10.4
"2017-03-07",17.05
"2017-03-08",13.6
"2017-03-09",15.55
"2017-03-10",12.3
"2017-03-11",7.85
"2017-03-12",2.6
"2017-03-13",10.05
"2017-03-14",5.8
"2017-03-15",0.95
"2017-03-16",2.8
"2017-03-17",7.05
"2017-03-18",10.45
"2017-03-19",5.7
"2017-03-20",10.2
"2017-03-21",20.3
"2017-03-22",9.8
"2017-03-23",7.55
"2017-03-24",13.85
"2017-03-25",17.2
"2017-03-26",17.15
"2017-03-27",19.25
"2017-03-28",18.9
"2017-03-29",15.45
"2017-03-30",17.1
"2017-03-31",17.65
"2017-04-01",17.9
"2017-04-02",14.85
"2017-04-03",20.1
"2017-04-04",22.15
"2017-04-05",23
"2017-04-06",16.5
"2017-04-07",9.95
"2017-04-08",11.75
"2017-04-09",15.3
"2017-04-10",17.25
"2017-04-11",18.85
"2017-04-12",19.5
"2017-04-13",18.45
"2017-04-14",20.1
"2017-04-15",21.65
"2017-04-16",21.9
"2017-04-17",22.75
"2017-04-18",20.05
"2017-04-19",20.05
"2017-04-20",23.35
"2017-04-21",25.1
"2017-04-22",22.4
"2017-04-23",16.5
"2017-04-24",19.45
"2017-04-25",19.95
"2017-04-26",21.7
"2017-04-27",24.55
"2017-04-28",26
"2017-04-29",25.3
"2017-04-30",25.25
"2017-05-01",24.6
"2017-05-02",19.9
"2017-05-03",21.8
"2017-05-04",23.1
"2017-05-05",18.05
"2017-05-06",15.85
"2017-05-07",15.1
"2017-05-08",16.1
"2017-05-09",17.4
"2017-05-10",22.8
"2017-05-11",23.75
"2017-05-12",19.4
"2017-05-13",17.45
"2017-05-14",22.1
"2017-05-15",24.55
"2017-05-16",24.3
"2017-05-17",25.4
"2017-05-18",24.05
"2017-05-19",24.5
"2017-05-20",25.75
"2017-05-21",23.2
"2017-05-22",24.45
"2017-05-23",23.15
"2017-05-24",23.9
"2017-05-25",21.45
"2017-05-26",22.3
"2017-05-27",26.2
"2017-05-28",26.5
"2017-05-29",26.25
"2017-05-30",26.2
"2017-05-31",24.25
"2017-06-01",24.8
"2017-06-02",23.95
"2017-06-03",25.15
"2017-06-04",26.9
"2017-06-05",25.15
"2017-06-06",24.05
"2017-06-07",17.45
"2017-06-08",16.35
"2017-06-09",21.85
"2017-06-10",23.65
"2017-06-11",24.1
"2017-06-12",23.95
"2017-06-13",25.6
"2017-06-14",26.7
"2017-06-15",26.35
"2017-06-16",26.7
"2017-06-17",26.7
"2017-06-18",27.7
"2017-06-19",27.85
"2017-06-20",25.05
"2017-06-21",25.3
"2017-06-22",27.4
"2017-06-23",28.55
"2017-06-24",27.85
"2017-06-25",26
"2017-06-26",23.35
"2017-06-27",23.4
"2017-06-28",22.75
"2017-06-29",24.95
"2017-06-30",26.55
"2017-07-01",26.8
"2017-07-02",29
"2017-07-03",27.45
"2017-07-04",26.95
"2017-07-05",28.1
"2017-07-06",30.25
"2017-07-07",29.5
"2017-07-08",28.1
"2017-07-09",26.75
"2017-07-10",26.7
"2017-07-11",28.1
"2017-07-12",28.2
"2017-07-13",28.7
"2017-07-14",29.6
"2017-07-15",28
"2017-07-16",25.65
"2017-07-17",25.15
"2017-07-18",24.25
"2017-07-19",25.35
"2017-07-20",28.05
"2017-07-21",28.95
"2017-07-22",29.15
"2017-07-23",29.95
"2017-07-24",27.95
"2017-07-25",28.4
"2017-07-26",25.5
"2017-07-27",27.55
"2017-07-28",28.15
"2017-07-29",24.2
"2017-07-30",22.1
"2017-07-31",22.35
"2017-08-01",23.45
"2017-08-02",25.3
"2017-08-03",25.5
"2017-08-04",26.4
"2017-08-05",26.8
"2017-08-06",26.8
"2017-08-07",27.25
"2017-08-08",24.25
"2017-08-09",23.1
"2017-08-10",25.25
"2017-08-11",26.7
"2017-08-12",26.85
"2017-08-13",27.4
"2017-08-14",27.85
"2017-08-15",28.2
"2017-08-16",28.15
"2017-08-17",28.95
"2017-08-18",29.85
"2017-08-19",28.05
"2017-08-20",28.2
"2017-08-21",27.2
"2017-08-22",27.75
"2017-08-23",27.6
"2017-08-24",25.45
"2017-08-25",26.55
"2017-08-26",25.85
"2017-08-27",24.45
"2017-08-28",24.3
"2017-08-29",22
"2017-08-30",24.15
"2017-08-31",25.7
"2017-09-01",26.25
"2017-09-02",24.5
"2017-09-03",23.1
"2017-09-04",25.05
"2017-09-05",25.35
"2017-09-06",22.3
"2017-09-07",19.55
"2017-09-08",20.5
"2017-09-09",20.4
"2017-09-10",19.95
"2017-09-11",21.85
"2017-09-12",22.9
"2017-09-13",24.7
"2017-09-14",24.4
"2017-09-15",24.9
"2017-09-16",25.95
"2017-09-17",24.95
"2017-09-18",24.2
"2017-09-19",23.75
"2017-09-20",25.85
"2017-09-21",24.95
"2017-09-22",24.45
"2017-09-23",25.1
"2017-09-24",25.1
"2017-09-25",25
"2017-09-26",26.35
"2017-09-27",25.85
"2017-09-28",26.25
"2017-09-29",21.7
"2017-09-30",19.25
"2017-10-01",19.1
"2017-10-02",20
"2017-10-03",21.6
"2017-10-04",21
"2017-10-05",22.25
"2017-10-06",24.1
"2017-10-07",25.9
"2017-10-08",26.8
"2017-10-09",26.65
"2017-10-10",25.95
"2017-10-11",25.9
"2017-10-12",24.55
"2017-10-13",22.2
"2017-10-14",21.25
"2017-10-15",23.65
"2017-10-16",18.9
"2017-10-17",13.1
"2017-10-18",17.3
"2017-10-19",18.45
"2017-10-20",18.35
"2017-10-21",19.15
"2017-10-22",21.45
"2017-10-23",22.25
"2017-10-24",18.95
"2017-10-25",14.3
"2017-10-26",10.6
"2017-10-27",13.65
"2017-10-28",20.2
"2017-10-29",11.9
"2017-10-30",9.7
"2017-10-31",14.1
"2017-11-01",16.6
"2017-11-02",19.35
"2017-11-03",20.1
"2017-11-04",19.8
"2017-11-05",18.95
"2017-11-06",20.95
"2017-11-07",17.35
"2017-11-08",10.7
"2017-11-09",12.4
"2017-11-10",8.55
"2017-11-11",6.45
"2017-11-12",11.6
"2017-11-13",11.1
"2017-11-14",9.25
"2017-11-15",9.55
"2017-11-16",11.7
"2017-11-17",8.15
"2017-11-18",11.6
"2017-11-19",8.95
"2017-11-20",7.45
"2017-11-21",11.25
"2017-11-22",12.85
"2017-11-23",6.85
"2017-11-24",9.4
"2017-11-25",12.05
"2017-11-26",9.5
"2017-11-27",8.75
"2017-11-28",11.65
"2017-11-29",14.35
"2017-11-30",14.5
"2017-12-01",14.45
"2017-12-02",11.95
"2017-12-03",12.65
"2017-12-04",13.35
"2017-12-05",18.65
"2017-12-06",12.9
"2017-12-07",6.55
"2017-12-08",5.4
"2017-12-09",2.8
"2017-12-10",3.8
"2017-12-11",6.75
"2017-12-12",7.3
"2017-12-13",2.85
"2017-12-14",9.25
"2017-12-15",7.15
"2017-12-16",4.6
"2017-12-17",7
"2017-12-18",14.1
"2017-12-19",16.55
"2017-12-20",12.1
"2017-12-21",11.3
"2017-12-22",11.6
"2017-12-23",16.45
"2017-12-24",13
"2017-12-25",5.9
"2017-12-26",5.3
"2017-12-27",2.1
"2017-12-28",-1.05
"2017-12-29",2.5
"2017-12-30",6.6
"2017-12-31",7.8
"2018-01-01",-4.95
"2018-01-02",-4.1
"2018-01-03",-1.15
"2018-01-04",-4.6
"2018-01-05",-5.1
"2018-01-06",-6.95
"2018-01-07",-6.1
"2018-01-08",1.35
"2018-01-09",9.55
"2018-01-10",11.9
"2018-01-11",17.05
"2018-01-12",17.55
"2018-01-13",6.1
"2018-01-14",0.4
"2018-01-15",2.35
"2018-01-16",5.05
"2018-01-17",3.85
"2018-01-18",-0.45
"2018-01-19",7.45
"2018-01-20",10.2
"2018-01-21",11.2
"2018-01-22",11.05
"2018-01-23",13.35
"2018-01-24",7.3
"2018-01-25",3.7
"2018-01-26",6.05
"2018-01-27",11.1
"2018-01-28",15.1
"2018-01-29",8.7
"2018-01-30",1.95
"2018-01-31",1.85
"2018-02-01",11.4
"2018-02-02",3.8
"2018-02-03",1.95
"2018-02-04",11.85
"2018-02-05",7.55
"2018-02-06",10.3
"2018-02-07",15.15
"2018-02-08",5.6
"2018-02-09",9.9
"2018-02-10",20.1
"2018-02-11",21.05
"2018-02-12",14.85
"2018-02-13",7.45
"2018-02-14",10.9
"2018-02-15",19.75
"2018-02-16",19
"2018-02-17",11.1
"2018-02-18",13.3
"2018-02-19",18.15
"2018-02-20",21.25
"2018-02-21",21.9
"2018-02-22",19.85
"2018-02-23",18.95
"2018-02-24",21.95
"2018-02-25",21.7
"2018-02-26",13.55
"2018-02-27",10.85
"2018-02-28",13.3
"2018-03-01",16.6
"2018-03-02",9.9
"2018-03-03",9.2
"2018-03-04",6.4
"2018-03-05",5.9
"2018-03-06",10.4
"2018-03-07",5.5
"2018-03-08",5.3
"2018-03-09",6.95
"2018-03-10",13.5
"2018-03-11",12.45
"2018-03-12",5.3
"2018-03-13",6.5
"2018-03-14",3.7
"2018-03-15",9.45
"2018-03-16",13.7
"2018-03-17",15.75
"2018-03-18",12
"2018-03-19",13.9
"2018-03-20",14.85
"2018-03-21",5.05
"2018-03-22",6.95
"2018-03-23",7.15
"2018-03-24",8.45
"2018-03-25",6.8
"2018-03-26",8.1
"2018-03-27",8.15
"2018-03-28",16.65
"2018-03-29",20.9
"2018-03-30",16.8
"2018-03-31",11
"2018-04-01",16.25
"2018-04-02",20.15
"2018-04-03",20.2
"2018-04-04",14.6
"2018-04-05",10.5
"2018-04-06",15.1
"2018-04-07",13.15
"2018-04-08",8.05
"2018-04-09",9.4
"2018-04-10",9.5
"2018-04-11",11.6
"2018-04-12",16.15
"2018-04-13",18.75
"2018-04-14",21.45
"2018-04-15",18.75
"2018-04-16",11.5
"2018-04-17",12.45
"2018-04-18",22
"2018-04-19",17.5
"2018-04-20",11.85
"2018-04-21",13.15
"2018-04-22",17.6
"2018-04-23",18.8
"2018-04-24",17.95
"2018-04-25",19
"2018-04-26",20.45
"2018-04-27",19.15
"2018-04-28",19.85
"2018-04-29",13.45
"2018-04-30",16.75
"2018-05-01",20.6
"2018-05-02",20.85
"2018-05-03",20.7
"2018-05-04",21.4
"2018-05-05",24.1
"2018-05-06",22.75
"2018-05-07",18.05
"2018-05-08",17.2
"2018-05-09",18
"2018-05-10",22
"2018-05-11",24.75
"2018-05-12",26.05
"2018-05-13",26.1
"2018-05-14",25.4
"2018-05-15",25.25
"2018-05-16",24.75
"2018-05-17",23.45
"2018-05-18",23.8
"2018-05-19",23.9
"2018-05-20",23.7
"2018-05-21",25.5
"2018-05-22",24.6
"2018-05-23",26.05
"2018-05-24",22.85
"2018-05-25",24.7
"2018-05-26",24.9
"2018-05-27",25.45
"2018-05-28",23.15
"2018-05-29",25.4
"2018-05-30",25.9
"2018-05-31",26.1
"2018-06-01",27.45
"2018-06-02",26.6
"2018-06-03",25.8
"2018-06-04",25.1
"2018-06-05",23.1
"2018-06-06",26.1
"2018-06-07",24.9
"2018-06-08",25.75
"2018-06-09",24.85
"2018-06-10",26.75
"2018-06-11",26.25
"2018-06-12",24
"2018-06-13",26.1
"2018-06-14",26.6
"2018-06-15",24.2
"2018-06-16",25
"2018-06-17",27.4
"2018-06-18",28.55
"2018-06-19",30.2
"2018-06-20",28.4
"2018-06-21",29.4
"2018-06-22",29.4
"2018-06-23",28.85
"2018-06-24",28.1
"2018-06-25",27.4
"2018-06-26",25.65
"2018-06-27",27.2
"2018-06-28",27.95
"2018-06-29",27.8
"2018-06-30",27.85
"2018-07-01",27.95
"2018-07-02",28.6
"2018-07-03",27.95
"2018-07-04",27.85
"2018-07-05",27.4
"2018-07-06",28.15
"2018-07-07",25.5
"2018-07-08",23.1
"2018-07-09",22.9
"2018-07-10",26.55
"2018-07-11",29.05
"2018-07-12",27.7
"2018-07-13",25.65
"2018-07-14",24.35
"2018-07-15",26.45
"2018-07-16",27.15
"2018-07-17",27.1
"2018-07-18",26.1
"2018-07-19",26.9
"2018-07-20",25.05
"2018-07-21",26.9
"2018-07-22",26.85
"2018-07-23",26.15
"2018-07-24",24.8
"2018-07-25",25.4
"2018-07-26",27.35
"2018-07-27",26.8
"2018-07-28",26.8
"2018-07-29",26.6
"2018-07-30",25.9
"2018-07-31",26.95
"2018-08-01",27.95
"2018-08-02",26.15
"2018-08-03",25.8
"2018-08-04",26.15
"2018-08-05",27.25
"2018-08-06",28.45
"2018-08-07",28.35
"2018-08-08",28.8
"2018-08-09",27.3
"2018-08-10",28.5
"2018-08-11",27.5
"2018-08-12",26.5
"2018-08-13",26.9
"2018-08-14",26.95
"2018-08-15",28.05
"2018-08-16",28.6
"2018-08-17",28.9
"2018-08-18",28.85
"2018-08-19",28.15
"2018-08-20",28.35
"2018-08-21",27.9
"2018-08-22",27.35
"2018-08-23",23.4
"2018-08-24",24.85
"2018-08-25",26.05
"2018-08-26",26.55
"2018-08-27",27.1
"2018-08-28",27.6
"2018-08-29",27.75
"2018-08-30",28.55
"2018-08-31",27.65
"2018-09-01",27.5
"2018-09-02",27.65
"2018-09-03",27.35
"2018-09-04",27.8
"2018-09-05",26.95
"2018-09-06",26.5
"2018-09-07",27
"2018-09-08",27.2
"2018-09-09",26.85
"2018-09-10",27.05
"2018-09-11",27
"2018-09-12",28.85
"2018-09-13",26.3
"2018-09-14",24.8
"2018-09-15",24.6
"2018-09-16",26.25
"2018-09-17",27.9
"2018-09-18",27.3
"2018-09-19",26.2
"2018-09-20",24.5
"2018-09-21",23.8
"2018-09-22",25.15
"2018-09-23",26.05
"2018-09-24",25
"2018-09-25",27.1
"2018-09-26",27.8
"2018-09-27",28.55
"2018-09-28",28
"2018-09-29",24.25
"2018-09-30",22.8
"2018-10-01",23.35
"2018-10-02",24.3
"2018-10-03",25.3
"2018-10-04",26.4
"2018-10-05",28.15
"2018-10-06",25.65
"2018-10-07",26.45
"2018-10-08",26.25
"2018-10-09",26.3
"2018-10-10",26.95
"2018-10-11",22.05
"2018-10-12",17.85
"2018-10-13",18.4
"2018-10-14",20.95
"2018-10-15",24.8
"2018-10-16",25.45
"2018-10-17",18.95
"2018-10-18",14.95
"2018-10-19",17.1
"2018-10-20",17.1
"2018-10-21",9.85
"2018-10-22",12.1
"2018-10-23",16.15
"2018-10-24",11.1
"2018-10-25",10.9
"2018-10-26",15.75
"2018-10-27",13
"2018-10-28",14.7
"2018-10-29",12.85
"2018-10-30",11.75
"2018-10-31",15
"2018-11-01",20.15
"2018-11-02",18.85
"2018-11-03",12.85
"2018-11-04",16.55
"2018-11-05",21.45
"2018-11-06",22.35
"2018-11-07",20.05
"2018-11-08",15.65
"2018-11-09",17.9
"2018-11-10",10
"2018-11-11",8.8
"2018-11-12",16.2
"2018-11-13",15.6
"2018-11-14",10.15
"2018-11-15",14.65
"2018-11-16",8.15
"2018-11-17",9.8
"2018-11-18",12.45
"2018-11-19",12.2
"2018-11-20",11.25
"2018-11-21",9.55
"2018-11-22",6.3
"2018-11-23",6.35
"2018-11-24",13.05
"2018-11-25",11.75
"2018-11-26",12.2
"2018-11-27",4.7
"2018-11-28",2.1
"2018-11-29",4.2
"2018-11-30",15.6
"2018-12-01",16.15
"2018-12-02",18.95
"2018-12-03",13.85
"2018-12-04",8.35
"2018-12-05",4.25
"2018-12-06",4.05
"2018-12-07",6.85
"2018-12-08",5.8
"2018-12-09",7.75
"2018-12-10",3.9
"2018-12-11",4.6
"2018-12-12",5.8
"2018-12-13",8.3
"2018-12-14",15.15
"2018-12-15",14.85
"2018-12-16",11.45
"2018-12-17",11
"2018-12-18",7.3
"2018-12-19",9.2
"2018-12-20",16.9
"2018-12-21",14.65
"2018-12-22",7.95
"2018-12-23",8.3
"2018-12-24",6.45
"2018-12-25",6.4
"2018-12-26",7.2
"2018-12-27",13.35
"2018-12-28",18.65
"2018-12-29",16.2
"2018-12-30",13.9
"2018-12-31",7.8
"2019-01-01",19
"2019-01-02",13.75
"2019-01-03",13.9
"2019-01-04",15
"2019-01-05",11
"2019-01-06",13.4
"2019-01-07",10.95
"2019-01-08",17.1
"2019-01-09",7.35
"2019-01-10",1.15
"2019-01-11",2
"2019-01-12",4.6
"2019-01-13",6.8
"2019-01-14",1.05
"2019-01-15",2.55
"2019-01-16",5.75
"2019-01-17",6.65
"2019-01-18",9.05
"2019-01-19",13.05
"2019-01-20",6.5
"2019-01-21",-2.95
"2019-01-22",0.5
"2019-01-23",14.7
"2019-01-24",10.9
"2019-01-25",4.3
"2019-01-26",5.4
"2019-01-27",4.8
"2019-01-28",3.5
"2019-01-29",7.65
"2019-01-30",3.6
"2019-01-31",1.95
"2019-02-01",7.65
"2019-02-02",10
"2019-02-03",11.25
"2019-02-04",12.2
"2019-02-05",15.3
"2019-02-06",16
"2019-02-07",21.8
"2019-02-08",17.45
"2019-02-09",5.15
"2019-02-10",8.6
"2019-02-11",10.45
"2019-02-12",16.1
"2019-02-13",9.1
"2019-02-14",11.4
"2019-02-15",18.25
"2019-02-16",9.4
"2019-02-17",9.7
"2019-02-18",13.1
"2019-02-19",5.45
"2019-02-20",11.5
"2019-02-21",17.3
"2019-02-22",10.3
"2019-02-23",10.6
"2019-02-24",15.55
"2019-02-25",9.7
"2019-02-26",11.45
"2019-02-27",16.45
"2019-02-28",14.3
"2019-03-01",14.65
"2019-03-02",12.75
"2019-03-03",14.5
"2019-03-04",6.25
"2019-03-05",3.05
"2019-03-06",2.3
"2019-03-07",6.9
"2019-03-08",11.8
"2019-03-09",13.65
"2019-03-10",20.8
"2019-03-11",16.75
"2019-03-12",10.35
"2019-03-13",11.7
"2019-03-14",17.2
"2019-03-15",19.75
"2019-03-16",8.85
"2019-03-17",8.75
"2019-03-18",11.2
"2019-03-19",9.65
"2019-03-20",11.4
"2019-03-21",11.95
"2019-03-22",10.15
"2019-03-23",9.45
"2019-03-24",13.5
"2019-03-25",17.3
"2019-03-26",9.1
"2019-03-27",10.45
"2019-03-28",12.8
"2019-03-29",15.45
"2019-03-30",18.8
"2019-03-31",15.25
"2019-04-01",8.65
"2019-04-02",6.6
"2019-04-03",12.75
"2019-04-04",17.15
"2019-04-05",16.9
"2019-04-06",16.05
"2019-04-07",18.3
"2019-04-08",23.75
"2019-04-09",21.35
"2019-04-10",18.25
"2019-04-11",21.65
"2019-04-12",22.95
"2019-04-13",21.2
"2019-04-14",23.2
"2019-04-15",16.2
"2019-04-16",14.15
"2019-04-17",20.9
"2019-04-18",22.9
"2019-04-19",20.65
"2019-04-20",15.15
"2019-04-21",13.8
"2019-04-22",17.65
"2019-04-23",21.25
"2019-04-24",23.55
"2019-04-25",24.95
"2019-04-26",19.6
"2019-04-27",20.55
"2019-04-28",21.3
"2019-04-29",20.25
"2019-04-30",21.55
"2019-05-01",22.55
"2019-05-02",22.25
"2019-05-03",23
"2019-05-04",25.55
"2019-05-05",23.15
"2019-05-06",20.1
"2019-05-07",20.55
"2019-05-08",21.9
"2019-05-09",21.85
"2019-05-10",23.55
"2019-05-11",25
"2019-05-12",23.6
"2019-05-13",22.3
"2019-05-14",16.25
"2019-05-15",17.45
"2019-05-16",23.35
"2019-05-17",25.05
"2019-05-18",26.75
"2019-05-19",25.2
"2019-05-20",25.45
"2019-05-21",25.45
"2019-05-22",21.65
"2019-05-23",25.25
"2019-05-24",28.15
"2019-05-25",27.4
"2019-05-26",28.2
"2019-05-27",29.3
"2019-05-28",28.45
"2019-05-29",29.85
"2019-05-30",29.65
"2019-05-31",26.15
"2019-06-01",22.55
"2019-06-02",24.4
"2019-06-03",24.15
"2019-06-04",23.45
"2019-06-05",25.8
"2019-06-06",27.6
"2019-06-07",26.55
"2019-06-08",25.1
"2019-06-09",26.2
"2019-06-10",26.7
"2019-06-11",22.8
"2019-06-12",21.85
"2019-06-13",23.05
"2019-06-14",19.7
"2019-06-15",22.3
"2019-06-16",26.15
"2019-06-17",27.8
"2019-06-18",27.3
"2019-06-19",28.35
"2019-06-20",28.3
"2019-06-21",25.05
"2019-06-22",26.95
"2019-06-23",23.65
"2019-06-24",28.2
"2019-06-25",28.3
"2019-06-26",27.95
"2019-06-27",26.6
"2019-06-28",26.55
"2019-06-29",27.6
"2019-06-30",30.55
"2019-07-01",27.5
"2019-07-02",29.5
"2019-07-03",28.85
"2019-07-04",28.35
"2019-07-05",26.65
"2019-07-06",28.8
"2019-07-07",28.45
"2019-07-08",28.2
"2019-07-09",27
"2019-07-10",27.45
"2019-07-11",27.2
"2019-07-12",27.25
"2019-07-13",28.35
"2019-07-14",28.6
"2019-07-15",29.9
"2019-07-16",30
"2019-07-17",30.45
"2019-07-18",29.35
"2019-07-19",29.45
"2019-07-20",30
"2019-07-21",30.55
"2019-07-22",30.15
"2019-07-23",26.25
"2019-07-24",23.55
"2019-07-25",25.9
"2019-07-26",25.35
"2019-07-27",24.35
"2019-07-28",24.9
"2019-07-29",25.05
"2019-07-30",26.65
"2019-07-31",26.95
"2019-08-01",27.45
"2019-08-02",26.4
"2019-08-03",25.55
"2019-08-04",27.3
"2019-08-05",26.15
"2019-08-06",26.9
"2019-08-07",28.3
"2019-08-08",28.2
"2019-08-09",29.55
"2019-08-10",27.85
"2019-08-11",27.3
"2019-08-12",26.6
"2019-08-13",29.25
"2019-08-14",29.95
"2019-08-15",27.85
"2019-08-16",25.75
"2019-08-17",25.85
"2019-08-18",28
"2019-08-19",28.1
"2019-08-20",29.15
"2019-08-21",28.65
"2019-08-22",29.2
"2019-08-23",27.9
"2019-08-24",23.55
"2019-08-25",23.2
"2019-08-26",25.1
"2019-08-27",25.55
"2019-08-28",26.85
"2019-08-29",25.15
"2019-08-30",24.75
"2019-08-31",26.75
"2019-09-01",26.6
"2019-09-02",25.75
"2019-09-03",27.5
"2019-09-04",26.9
"2019-09-05",24.95
"2019-09-06",25.6
"2019-09-07",27.8
"2019-09-08",27.95
"2019-09-09",26.55
"2019-09-10",25.65
"2019-09-11",25.55
"2019-09-12",26.8
"2019-09-13",26.65
"2019-09-14",26.6
"2019-09-15",26.95
"2019-09-16",26.2
"2019-09-17",24.3
"2019-09-18",20.3
"2019-09-19",19.7
"2019-09-20",19.9
"2019-09-21",21.05
"2019-09-22",21.65
"2019-09-23",23.8
"2019-09-24",24.75
"2019-09-25",24.55
"2019-09-26",26.7
"2019-09-27",26.1
"2019-09-28",27.15
"2019-09-29",28.75
"2019-09-30",25.3
"2019-10-01",23.9
"2019-10-02",26.75
"2019-10-03",29.55
"2019-10-04",27.35
"2019-10-05",19.7
"2019-10-06",23
"2019-10-07",24.15
"2019-10-08",19.3
"2019-10-09",18.6
"2019-10-10",15.6
"2019-10-11",17.65
"2019-10-12",20.65
"2019-10-13",22.8
"2019-10-14",19.25
"2019-10-15",19.3
"2019-10-16",16.2
"2019-10-17",12.6
"2019-10-18",13.2
"2019-10-19",15.8
"2019-10-20",21.35
"2019-10-21",18.15
"2019-10-22",20.9
"2019-10-23",16.65
"2019-10-24",18.15
"2019-10-25",19.35
"2019-10-26",21.6
"2019-10-27",24.75
"2019-10-28",21.95
"2019-10-29",22.55
"2019-10-30",23.3
"2019-10-31",17.95
"2019-11-01",11.7
"2019-11-02",11.6
"2019-11-03",9.7
"2019-11-04",12.6
"2019-11-05",19
"2019-11-06",14.5
"2019-11-07",17.5
"2019-11-08",6.8
"2019-11-09",6.95
"2019-11-10",9.75
"2019-11-11",13.2
"2019-11-12",10.4
"2019-11-13",2.65
"2019-11-14",7.05
"2019-11-15",9.75
"2019-11-16",9.15
"2019-11-17",9.6
"2019-11-18",8.25
"2019-11-19",7.95
"2019-11-20",9.3
"2019-11-21",9.55
"2019-11-22",14.3
"2019-11-23",14.85
"2019-11-24",8.3
"2019-11-25",10.25
"2019-11-26",12.6
"2019-11-27",15.5
"2019-11-28",10
"2019-11-29",8.05
"2019-11-30",10.3
"2019-12-01",14.4
"2019-12-02",7.45
"2019-12-03",7.6
"2019-12-04",8.95
"2019-12-05",7.35
"2019-12-06",9.65
"2019-12-07",8.5
"2019-12-08",8.45
"2019-12-09",16.15
"2019-12-10",17.3
"2019-12-11",6.1
"2019-12-12",6.4
"2019-12-13",12.55
"2019-12-14",10.95
"2019-12-15",10.45
"2019-12-16",14.45
"2019-12-17",14.9
"2019-12-18",4.8
"2019-12-19",1.65
"2019-12-20",4.95
"2019-12-21",5.45
"2019-12-22",7.5
"2019-12-23",12.25
"2019-12-24",13.15
"2019-12-25",12.65
"2019-12-26",15.6
"2019-12-27",16.3
"2019-12-28",16.5
"2019-12-29",20.45
"2019-12-30",16.45
"2019-12-31",7.8
"2020-01-01",8.35
"2020-01-02",11.6
"2020-01-03",22.9
"2020-01-04",12.7
"2020-01-05",6.6
"2020-01-06",8.5
"2020-01-07",9.5
"2020-01-08",8.65
"2020-01-09",8.75
"2020-01-10",15.45
"2020-01-11",20.55
"2020-01-12",20.1
"2020-01-13",19.35
"2020-01-14",20.3
"2020-01-15",16.75
"2020-01-16",12.75
"2020-01-17",4.7
"2020-01-18",10.45
"2020-01-19",8.95
"2020-01-20",0.8
"2020-01-21",1.2
"2020-01-22",5.3
"2020-01-23",9
"2020-01-24",14.4
"2020-01-25",10.25
"2020-01-26",7.55
"2020-01-27",10.05
"2020-01-28",5.6
"2020-01-29",6.35
"2020-01-30",7.75
"2020-01-31",8.4
"2020-02-01",6.55
"2020-02-02",10.35
"2020-02-03",17.25
"2020-02-04",19.3
"2020-02-05",19.75
"2020-02-06",19.75
"2020-02-07",8.7
"2020-02-08",5.55
"2020-02-09",7.35
"2020-02-10",13.5
"2020-02-11",20.3
"2020-02-12",16.85
"2020-02-13",18.7
"2020-02-14",7.35
"2020-02-15",4.95
"2020-02-16",9.55
"2020-02-17",12.5
"2020-02-18",13.75
"2020-02-19",12.25
"2020-02-20",4.55
"2020-02-21",-0.85
"2020-02-22",4.35
"2020-02-23",8.1
"2020-02-24",11.65
"2020-02-25",17.7
"2020-02-26",14.3
"2020-02-27",5.6
"2020-02-28",6.4
"2020-02-29",4.9
"2020-03-01",6.4
"2020-03-02",12.75
"2020-03-03",18.05
"2020-03-04",14
"2020-03-05",9.8
"2020-03-06",10.5
"2020-03-07",6.3
"2020-03-08",8.2
"2020-03-09",12.8
"2020-03-10",18.05
"2020-03-11",17.8
"2020-03-12",19.25
"2020-03-13",20.2
"2020-03-14",15.85
"2020-03-15",9.6
"2020-03-16",14.25
"2020-03-17",13
"2020-03-18",18.45
"2020-03-19",23.05
"2020-03-20",22.55
"2020-03-21",18.2
"2020-03-22",12.15
"2020-03-23",13.8
"2020-03-24",14.8
"2020-03-25",13.25
"2020-03-26",13.9
"2020-03-27",22.9
"2020-03-28",24.1
"2020-03-29",23.95
"2020-03-30",20.55
"2020-03-31",13.15
"2020-04-01",8.65
"2020-04-02",12.85
"2020-04-03",13.8
"2020-04-04",14.35
"2020-04-05",15.5
"2020-04-06",20.1
"2020-04-07",22.9
"2020-04-08",23.25
"2020-04-09",19.95
"2020-04-10",10.4
"2020-04-11",13.9
"2020-04-12",21.15
"2020-04-13",20.85
"2020-04-14",16.95
"2020-04-15",7.65
"2020-04-16",13.2
"2020-04-17",17.15
"2020-04-18",16.45
"2020-04-19",18.75
"2020-04-20",12.55
"2020-04-21",18.15
"2020-04-22",15.1
"2020-04-23",18.55
"2020-04-24",20.65
"2020-04-25",17.9
"2020-04-26",19.1
"2020-04-27",14.6
"2020-04-28",19.05
"2020-04-29",23.1
"2020-04-30",17.8
"2020-05-01",14.9
"2020-05-02",18.55
"2020-05-03",24.65
"2020-05-04",21.5
"2020-05-05",19.5
"2020-05-06",15.8
"2020-05-07",13.65
"2020-05-08",16.1
"2020-05-09",11.2
"2020-05-10",16
"2020-05-11",14.9
"2020-05-12",13.35
"2020-05-13",16.6
"2020-05-14",20.2
"2020-05-15",20.95
"2020-05-16",23.3
"2020-05-17",24.05
"2020-05-18",22.55
"2020-05-19",18.15
"2020-05-20",19.9
"2020-05-21",21.85
"2020-05-22",23.6
"2020-05-23",24.75
"2020-05-24",23.15
"2020-05-25",21.9
"2020-05-26",21.05
"2020-05-27",25.95
"2020-05-28",26.5
"2020-05-29",25.4
"2020-05-30",24.9
"2020-05-31",20.65
"2020-06-01",19.7
"2020-06-02",24.1
"2020-06-03",26.35
"2020-06-04",26.2
"2020-06-05",25.75
"2020-06-06",27.05
"2020-06-07",25.95
"2020-06-08",25.85
"2020-06-09",26.4
"2020-06-10",26.35
"2020-06-11",25.1
"2020-06-12",21.45
"2020-06-13",20
"2020-06-14",20.95
"2020-06-15",20
"2020-06-16",20.8
"2020-06-17",20.55
"2020-06-18",22.65
"2020-06-19",24.05
"2020-06-20",23.95
"2020-06-21",26.2
"2020-06-22",27.4
"2020-06-23",27.2
"2020-06-24",27
"2020-06-25",23.6
"2020-06-26",27.25
"2020-06-27",27.15
"2020-06-28",28
"2020-06-29",27.7
"2020-06-30",26.65
"2020-07-01",25.95
"2020-07-02",26.2
"2020-07-03",28.4
"2020-07-04",29.05
"2020-07-05",26.75
"2020-07-06",26.8
"2020-07-07",26.2
"2020-07-08",26.6
"2020-07-09",26.45
"2020-07-10",27.85
"2020-07-11",28.1
"2020-07-12",28.65
"2020-07-13",26.35
"2020-07-14",28.7
"2020-07-15",27.65
"2020-07-16",27.3
"2020-07-17",28.15
"2020-07-18",29.2
"2020-07-19",29.85
"2020-07-20",30.15
"2020-07-21",29.25
"2020-07-22",29.45
"2020-07-23",28.55
"2020-07-24",27.9
"2020-07-25",28.2
"2020-07-26",28.9
"2020-07-27",29.9
"2020-07-28",29.7
"2020-07-29",26.9
"2020-07-30",28.7
"2020-07-31",30.15
"2020-08-01",29.4
"2020-08-02",29
"2020-08-03",27
"2020-08-04",28.25
"2020-08-05",27.35
"2020-08-06",26.8
"2020-08-07",26.95
"2020-08-08",27.35
"2020-08-09",27.45
"2020-08-10",27.7
"2020-08-11",27
"2020-08-12",27.5
"2020-08-13",26.9
"2020-08-14",27.2
"2020-08-15",26.65
"2020-08-16",25.25
"2020-08-17",26.2
"2020-08-18",27.35
"2020-08-19",25.3
"2020-08-20",25.85
"2020-08-21",26.35
"2020-08-22",27.55
"2020-08-23",26.25
"2020-08-24",27.3
"2020-08-25",27.9
"2020-08-26",27.45
"2020-08-27",29.6
"2020-08-28",30.25
"2020-08-29",28.25
"2020-08-30",27.8
"2020-08-31",27.25
"2020-09-01",28.4
"2020-09-02",30.05
"2020-09-03",29.8
"2020-09-04",29
"2020-09-05",25.8
"2020-09-06",24.3
"2020-09-07",24.9
"2020-09-08",25.1
"2020-09-09",27.65
"2020-09-10",26.2
"2020-09-11",26.7
"2020-09-12",24
"2020-09-13",25.65
"2020-09-14",24.55
"2020-09-15",22.35
"2020-09-16",23.85
"2020-09-17",24.6
"2020-09-18",21.25
"2020-09-19",16.65
"2020-09-20",17.6
"2020-09-21",15.9
"2020-09-22",15.45
"2020-09-23",18.3
"2020-09-24",21.05
"2020-09-25",23.55
"2020-09-26",24.35
"2020-09-27",22.65
"2020-09-28",24.35
"2020-09-29",21.75
"2020-09-30",17.65
"2020-10-01",20.35
"2020-10-02",18.25
"2020-10-03",17.85
"2020-10-04",15.45
"2020-10-05",18.35
"2020-10-06",19.75
"2020-10-07",21.95
"2020-10-08",23.25
"2020-10-09",21.15
"2020-10-10",23.8
"2020-10-11",21.95
"2020-10-12",24.85
"2020-10-13",21.7
"2020-10-14",18.3
"2020-10-15",21.5
"2020-10-16",19.3
"2020-10-17",14.35
"2020-10-18",18.5
"2020-10-19",20.9
"2020-10-20",22.5
"2020-10-21",23.25
"2020-10-22",22.55
"2020-10-23",20.75
"2020-10-24",22.15
"2020-10-25",18
"2020-10-26",17.5
"2020-10-27",19.45
"2020-10-28",20.6
"2020-10-29",23.45
"2020-10-30",14.65
"2020-10-31",14.3
"2020-11-01",14.8
"2020-11-02",6.45
"2020-11-03",10.45
"2020-11-04",13.4
"2020-11-05",17.8
"2020-11-06",19.55
"2020-11-07",20.75
"2020-11-08",21.3
"2020-11-09",21
"2020-11-10",21.9
"2020-11-11",24
"2020-11-12",20.6
"2020-11-13",14.3
"2020-11-14",16.5
"2020-11-15",17.4
"2020-11-16",10.85
"2020-11-17",10.35
"2020-11-18",4.8
"2020-11-19",8.65
"2020-11-20",14
"2020-11-21",14.75
"2020-11-22",17.85
"2020-11-23",11.05
"2020-11-24",8.35
"2020-11-25",13.75
"2020-11-26",20.2
"2020-11-27",17.1
"2020-11-28",12.35
"2020-11-29",14.5
"2020-11-30",15.05
"2020-12-01",5.1
"2020-12-02",4.45
"2020-12-03",7.05
"2020-12-04",13.95
"2020-12-05",7.95
"2020-12-06",7.5
"2020-12-07",6.1
"2020-12-08",3.2
"2020-12-09",6.25
"2020-12-10",9.35
"2020-12-11",15.55
"2020-12-12",16
"2020-12-13",16.75
"2020-12-14",12.4
"2020-12-15",6.65
"2020-12-16",11
"2020-12-17",6.1
"2020-12-18",3.85
"2020-12-19",4.65
"2020-12-20",8.45
"2020-12-21",8.95
"2020-12-22",7.45
"2020-12-23",9.2
"2020-12-24",14.5
"2020-12-25",0.95
"2020-12-26",1.45
"2020-12-27",4.45
"2020-12-28",10.65
"2020-12-29",7.6
"2020-12-30",10.05
"2020-12-31",16.2
"2021-01-01",15.9
"2021-01-02",18.25
"2021-01-03",13.35
"2021-01-04",5.45
"2021-01-05",6.1
"2021-01-06",4.7
"2021-01-07",5.15
"2021-01-08",6.85
"2021-01-09",4.05
"2021-01-10",4.6
"2021-01-11",5.35
"2021-01-12",5.1
"2021-01-13",7.25
"2021-01-14",7.1
"2021-01-15",8.75
"2021-01-16",5.3
"2021-01-17",5.3
"2021-01-18",5.75
"2021-01-19",7.45
"2021-01-20",7.55
"2021-01-21",10.15
"2021-01-22",7.5
"2021-01-23",3.65
"2021-01-24",4.1
"2021-01-25",7.95
"2021-01-26",13.3
"2021-01-27",7.3
"2021-01-28",1.45
"2021-01-29",0.45
"2021-01-30",1.85
"2021-01-31",9.7
"2021-02-01",3.5
"2021-02-02",3.95
"2021-02-03",4.7
"2021-02-04",5.8
"2021-02-05",11.5
"2021-02-06",8.4
"2021-02-07",4.55
"2021-02-08",7.8
"2021-02-09",14.2
"2021-02-10",11.4
"2021-02-11",10.75
"2021-02-12",5.65
"2021-02-13",5.7
"2021-02-14",5.45
"2021-02-15",12.8
"2021-02-16",12.6
"2021-02-17",7.4
"2021-02-18",4.65
"2021-02-19",2.3
"2021-02-20",3.4
"2021-02-21",4.15
"2021-02-22",12.65
"2021-02-23",11.7
"2021-02-24",15.35
"2021-02-25",19.55
"2021-02-26",7.6
"2021-02-27",6.35
"2021-02-28",10.2
"2021-03-01",13.65
"2021-03-02",9.15
"2021-03-03",10.85
"2021-03-04",12.5
"2021-03-05",7.45
"2021-03-06",5.75
"2021-03-07",6.15
"2021-03-08",7.35
"2021-03-09",12.05
"2021-03-10",14.55
"2021-03-11",16.65
"2021-03-12",20.45
"2021-03-13",15.6
"2021-03-14",18
"2021-03-15",10.65
"2021-03-16",8.75
"2021-03-17",12.1
"2021-03-18",19.1
"2021-03-19",9
"2021-03-20",9.55
"2021-03-21",14.4
"2021-03-22",16.25
"2021-03-23",17.95
"2021-03-24",18.3
"2021-03-25",21.1
"2021-03-26",21.35
"2021-03-27",23.1
"2021-03-28",19.3
"2021-03-29",13.25
"2021-03-30",18.55
"2021-03-31",19.15
"2021-04-01",8.4
"2021-04-02",3.9
"2021-04-03",8.3
"2021-04-04",15.25
"2021-04-05",17.55
"2021-04-06",20.35
"2021-04-07",22.6
"2021-04-08",21.75
"2021-04-09",22.15
"2021-04-10",22.1
"2021-04-11",20.4
"2021-04-12",19.6
"2021-04-13",17.1
"2021-04-14",19.35
"2021-04-15",16.3
"2021-04-16",15.1
"2021-04-17",16.25
"2021-04-18",18.45
"2021-04-19",15.15
"2021-04-20",16.85
"2021-04-21",15.6
"2021-04-22",9.4
"2021-04-23",13.35
"2021-04-24",16.45
"2021-04-25",14.75
"2021-04-26",17.1
"2021-04-27",20.7
"2021-04-28",23.05
"2021-04-29",24.7
"2021-04-30",19.6
"2021-05-01",16.75
"2021-05-02",21.75
"2021-05-03",23.8
"2021-05-04",27.25
"2021-05-05",24.25
"2021-05-06",16.65
"2021-05-07",13.7
"2021-05-08",17.6
"2021-05-09",22.95
"2021-05-10",22.9
"2021-05-11",17.65
"2021-05-12",11.25
"2021-05-13",14.75
"2021-05-14",14.7
"2021-05-15",16.3
"2021-05-16",18.95
"2021-05-17",20.8
"2021-05-18",20.15
"2021-05-19",19.05
"2021-05-20",21.65
"2021-05-21",21.2
"2021-05-22",23.2
"2021-05-23",25.2
"2021-05-24",27.7
"2021-05-25",25.25
"2021-05-26",26.05
"2021-05-27",27.15
"2021-05-28",27.85
"2021-05-29",22.35
"2021-05-30",14.15
"2021-05-31",18.65
"2021-06-01",23.3
"2021-06-02",25
"2021-06-03",24.15
"2021-06-04",24.05
"2021-06-05",25.65
"2021-06-06",26.35
"2021-06-07",26.4
"2021-06-08",26.6
"2021-06-09",26.5
"2021-06-10",26.1
"2021-06-11",27.3
"2021-06-12",24.6
"2021-06-13",24.4
"2021-06-14",26.95
"2021-06-15",25.05
"2021-06-16",24.5
"2021-06-17",24
"2021-06-18",25.65
"2021-06-19",27.05
"2021-06-20",25.85
"2021-06-21",28.15
"2021-06-22",24.15
"2021-06-23",20.35
"2021-06-24",23.5
"2021-06-25",24
"2021-06-26",25.6
"2021-06-27",26.3
"2021-06-28",26.3
"2021-06-29",26.3
"2021-06-30",27.35
"2021-07-01",27.9
"2021-07-02",24.85
"2021-07-03",22.35
"2021-07-04",24.2
"2021-07-05",24.65
"2021-07-06",25.05
"2021-07-07",28
"2021-07-08",25.8
"2021-07-09",27.3
"2021-07-10",27.6
"2021-07-11",27.45
"2021-07-12",27.1
"2021-07-13",26.95
"2021-07-14",27.75
"2021-07-15",28.25
"2021-07-16",28.2
"2021-07-17",28.15
"2021-07-18",26.65
"2021-07-19",24.45
"2021-07-20",25.2
"2021-07-21",26.85
"2021-07-22",26.65
"2021-07-23",24.3
"2021-07-24",24.05
"2021-07-25",26.2
"2021-07-26",27.45
"2021-07-27",28.65
"2021-07-28",24.75
"2021-07-29",28.25
"2021-07-30",29.8
"2021-07-31",28.15
"2021-08-01",27.55
"2021-08-02",26.25
"2021-08-03",23.85
"2021-08-04",22
"2021-08-05",24.85
"2021-08-06",25.85
"2021-08-07",23.8
"2021-08-08",25.75
"2021-08-09",26.55
"2021-08-10",28.1
"2021-08-11",28.9
"2021-08-12",29.05
"2021-08-13",28.6
"2021-08-14",28.6
"2021-08-15",28.05
"2021-08-16",27.8
"2021-08-17",27.95
"2021-08-18",28.4
"2021-08-19",29.45
"2021-08-20",27.15
"2021-08-21",26.95
"2021-08-22",26.75
"2021-08-23",27.35
"2021-08-24",27.7
"2021-08-25",27.1
"2021-08-26",26
"2021-08-27",26.95
"2021-08-28",27.8
"2021-08-29",28.5
"2021-08-30",28.35
"2021-08-31",28.25
"2021-09-01",25.55
"2021-09-02",20.7
"2021-09-03",21.35
"2021-09-04",21.25
"2021-09-05",23.9
"2021-09-06",26.55
"2021-09-07",25.05
"2021-09-08",26.75
"2021-09-09",21.5
"2021-09-10",19.95
"2021-09-11",20.45
"2021-09-12",23.1
"2021-09-13",24.55
"2021-09-14",25.1
"2021-09-15",25.35
"2021-09-16",25.95
"2021-09-17",26.05
"2021-09-18",24.95
"2021-09-19",25.9
"2021-09-20",25.9
"2021-09-21",25.8
"2021-09-22",24
"2021-09-23",19.05
"2021-09-24",19.3
"2021-09-25",18.8
"2021-09-26",18.2
"2021-09-27",21.2
"2021-09-28",23.9
"2021-09-29",23.9
"2021-09-30",21.6
"2021-10-01",22.05
"2021-10-02",22.1
"2021-10-03",23.6
"2021-10-04",24.15
"2021-10-05",26.7
"2021-10-06",25.9
"2021-10-07",23.6
"2021-10-08",24.85
"2021-10-09",23.25
"2021-10-10",23.9
"2021-10-11",21.85
"2021-10-12",22.35
"2021-10-13",21.85
"2021-10-14",23.75
"2021-10-15",23.1
"2021-10-16",21.8
"2021-10-17",15.4
"2021-10-18",16.25
"2021-10-19",18.1
"2021-10-20",20.35
"2021-10-21",21.3
"2021-10-22",22.3
"2021-10-23",18.65
"2021-10-24",21.25
"2021-10-25",21.8
"2021-10-26",16.1
"2021-10-27",15.65
"2021-10-28",17.2
"2021-10-29",16.4
"2021-10-30",15.1
"2021-10-31",14.5
"2021-11-01",13.95
"2021-11-02",15
"2021-11-03",11.15
"2021-11-04",8.25
"2021-11-05",8
"2021-11-06",12.3
"2021-11-07",9.4
"2021-11-08",12.1
"2021-11-09",14.35
"2021-11-10",14.6
"2021-11-11",15.85
"2021-11-12",14.75
"2021-11-13",12.55
"2021-11-14",10.75
"2021-11-15",7.8
"2021-11-16",10.25
"2021-11-17",14.8
"2021-11-18",17.05
"2021-11-19",7.7
"2021-11-20",9.6
"2021-11-21",13.9
"2021-11-22",9.6
"2021-11-23",1.95
"2021-11-24",3.55
"2021-11-25",7.55
"2021-11-26",6.9
"2021-11-27",5.1
"2021-11-28",10.75
"2021-11-29",3.65
"2021-11-30",6.7
"2021-12-01",11.4
"2021-12-02",15.4
"2021-12-03",15.3
"2021-12-04",15.6
"2021-12-05",14.4
"2021-12-06",17.65
"2021-12-07",10.75
"2021-12-08",4.95
"2021-12-09",5.75
"2021-12-10",14.45
"2021-12-11",18.55
"2021-12-12",6.9
"2021-12-13",9.05
"2021-12-14",9.95
"2021-12-15",12.75
"2021-12-16",14.8
"2021-12-17",19.05
"2021-12-18",20
"2021-12-19",10.15
"2021-12-20",5.2
"2021-12-21",8
"2021-12-22",7.95
"2021-12-23",5.25
"2021-12-24",9.4
"2021-12-25",18.35
"2021-12-26",16.75
"2021-12-27",17.1
"2021-12-28",20
"2021-12-29",22.1
"2021-12-30",20.6
"2021-12-31",19.75
"2022-01-01",23.15
"2022-01-02",20.55
"2022-01-03",10.55
"2022-01-04",4.9
"2022-01-05",10.35
"2022-01-06",10.95
"2022-01-07",4.1
"2022-01-08",3.05
"2022-01-09",13.2
"2022-01-10",4.8
"2022-01-11",0.75
"2022-01-12",4.9
"2022-01-13",6.7
"2022-01-14",6.7
"2022-01-15",4.1
"2022-01-16",9.35
"2022-01-17",4.35
"2022-01-18",4.25
"2022-01-19",7.6
"2022-01-20",9.75
"2022-01-21",-1.45
"2022-01-22",-1.65
"2022-01-23",2.05
"2022-01-24",5.95
"2022-01-25",7.55
"2022-01-26",2.75
"2022-01-27",3.55
"2022-01-28",4.3
"2022-01-29",-0.85
"2022-01-30",0.45
"2022-01-31",6.6
"2022-02-01",6.45
"2022-02-02",8.15
"2022-02-03",17.65
"2022-02-04",16.3
"2022-02-05",4.2
"2022-02-06",5.7
"2022-02-07",7.75
"2022-02-08",3.9
"2022-02-09",7.35
"2022-02-10",11.15
"2022-02-11",12.3
"2022-02-12",13.75
"2022-02-13",5.4
"2022-02-14",4.65
"2022-02-15",5.65
"2022-02-16",11.8
"2022-02-17",15.7
"2022-02-18",13.65
"2022-02-19",7.95
"2022-02-20",7.25
"2022-02-21",13.25
"2022-02-22",18.8
"2022-02-23",20.15
"2022-02-24",14.85
"2022-02-25",18.95
"2022-02-26",7.05
"2022-02-27",5.75
"2022-02-28",9.65
"2022-03-01",12.6
"2022-03-02",15.3
"2022-03-03",17.55
"2022-03-04",11.75
"2022-03-05",16.5
"2022-03-06",21.5
"2022-03-07",22.5
"2022-03-08",15.15
"2022-03-09",15.4
"2022-03-10",8.45
"2022-03-11",13.9
"2022-03-12",9.2
"2022-03-13",3.55
"2022-03-14",10.2
"2022-03-15",13.8
"2022-03-16",18.2
"2022-03-17",16.35
"2022-03-18",17.95
"2022-03-19",21.75
"2022-03-20",11.35
"2022-03-21",12.6
"2022-03-22",15.75
"2022-03-23",20.1
"2022-03-24",15.85
"2022-03-25",14.85
"2022-03-26",10.6
"2022-03-27",8.35
"2022-03-28",8.85
"2022-03-29",8.1
"2022-03-30",15.3
"2022-03-31",20.35
"2022-04-01",15.65
"2022-04-02",13.45
"2022-04-03",15.6
"2022-04-04",14.6
"2022-04-05",20.8
"2022-04-06",23.5
"2022-04-07",19.45
"2022-04-08",16.55
"2022-04-09",10.8
"2022-04-10",11.5
"2022-04-11",20.1
"2022-04-12",22.5
"2022-04-13",23.1
"2022-04-14",21.45
"2022-04-15",16.65
"2022-04-16",19.3
"2022-04-17",18.9
"2022-04-18",12.65
"2022-04-19",10.25
"2022-04-20",12.25
"2022-04-21",16.45
"2022-04-22",19.95
"2022-04-23",20.2
"2022-04-24",20.85
"2022-04-25",22.55
"2022-04-26",21.15
"2022-04-27",15.2
"2022-04-28",13.9
"2022-04-29",17.15
"2022-04-30",19.5
"2022-05-01",23.05
"2022-05-02",24.65
"2022-05-03",24.95
"2022-05-04",24.7
"2022-05-05",21.5
"2022-05-06",24.25
"2022-05-07",19.35
"2022-05-08",10.7
"2022-05-09",15.5
"2022-05-10",16.85
"2022-05-11",18.25
"2022-05-12",20.15
"2022-05-13",21.5
"2022-05-14",21.15
"2022-05-15",24.35
"2022-05-16",23.8
"2022-05-17",22.25
"2022-05-18",25
"2022-05-19",27.45
"2022-05-20",28.6
"2022-05-21",26.9
"2022-05-22",25.7
"2022-05-23",26.35
"2022-05-24",23.1
"2022-05-25",19.05
"2022-05-26",22.2
"2022-05-27",24.7
"2022-05-28",24.35
"2022-05-29",24.3
"2022-05-30",24.5
"2022-05-31",26.6
"2022-06-01",28.75
"2022-06-02",28.9
"2022-06-03",26.7
"2022-06-04",22.85
"2022-06-05",22.05
"2022-06-06",23.65
"2022-06-07",25.05
"2022-06-08",26.9
"2022-06-09",26.05
"2022-06-10",23.65
"2022-06-11",24.95
"2022-06-12",26.65
"2022-06-13",29.2
"2022-06-14",28.7
"2022-06-15",26.2
"2022-06-16",25.7
"2022-06-17",28.05
"2022-06-18",24.4
"2022-06-19",19.6
"2022-06-20",21.95
"2022-06-21",24.25
"2022-06-22",27.55
"2022-06-23",24.85
"2022-06-24",23.6
"2022-06-25",24.25
"2022-06-26",24.95
"2022-06-27",26.65
"2022-06-28",25.6
"2022-06-29",23.75
"2022-06-30",26.2
"2022-07-01",24.65
"2022-07-02",25.55
"2022-07-03",28.55
"2022-07-04",26.65
"2022-07-05",28.6
"2022-07-06",28.65
"2022-07-07",28.65
"2022-07-08",28.25
"2022-07-09",27.55
"2022-07-10",22.2
"2022-07-11",23.5
"2022-07-12",27.65
"2022-07-13",27.65
"2022-07-14",26.65
"2022-07-15",25
"2022-07-16",25.85
"2022-07-17",26.75
"2022-07-18",27.4
"2022-07-19",28
"2022-07-20",27.8
"2022-07-21",28.5
"2022-07-22",26.95
"2022-07-23",27
"2022-07-24",28.15
"2022-07-25",28.8
"2022-07-26",29
"2022-07-27",29.9
"2022-07-28",30.4
"2022-07-29",30.35
"2022-07-30",28.25
"2022-07-31",27.35
"2022-08-01",29.65
"2022-08-02",29.2
"2022-08-03",29.8
"2022-08-04",27.65
"2022-08-05",27.05
"2022-08-06",27.45
"2022-08-07",26.7
"2022-08-08",27.1
"2022-08-09",28.85
"2022-08-10",29.8
"2022-08-11",27.6
"2022-08-12",21.2
"2022-08-13",23.75
"2022-08-14",24.45
"2022-08-15",24.55
"2022-08-16",24.4
"2022-08-17",23.95
"2022-08-18",24.65
"2022-08-19",22.8
"2022-08-20",26.3
"2022-08-21",26.5
"2022-08-22",26.2
"2022-08-23",26
"2022-08-24",26.95
"2022-08-25",26.25
"2022-08-26",25.45
"2022-08-27",26.05
"2022-08-28",26.65
"2022-08-29",25.65
"2022-08-30",26.55
"2022-08-31",26.25
"2022-09-01",25.85
"2022-09-02",26.6
"2022-09-03",26.5
"2022-09-04",25.85
"2022-09-05",27.05
"2022-09-06",27.25
"2022-09-07",26.35
"2022-09-08",22.95
"2022-09-09",24.45
"2022-09-10",25.95
"2022-09-11",26.85
"2022-09-12",27.3
"2022-09-13",25.05
"2022-09-14",23.05
"2022-09-15",22.2
"2022-09-16",21.25
"2022-09-17",23.2
"2022-09-18",24.25
"2022-09-19",24.45
"2022-09-20",25.85
"2022-09-21",25.2
"2022-09-22",23.75
"2022-09-23",15.25
"2022-09-24",18.75
"2022-09-25",23.75
"2022-09-26",23.65
"2022-09-27",19.55
"2022-09-28",19.4
"2022-09-29",18.2
"2022-09-30",21.6
"2022-10-01",20.65
"2022-10-02",17.8
"2022-10-03",12.45
"2022-10-04",13.9
"2022-10-05",16.6
"2022-10-06",19.65
"2022-10-07",21.7
"2022-10-08",15.1
"2022-10-09",15.7
"2022-10-10",16.55
"2022-10-11",17.35
"2022-10-12",19.9
"2022-10-13",21.9
"2022-10-14",14.35
"2022-10-15",18.2
"2022-10-16",22.25
"2022-10-17",20.6
"2022-10-18",9.6
"2022-10-19",8.15
"2022-10-20",10.6
"2022-10-21",14.1
"2022-10-22",18.9
"2022-10-23",17.45
"2022-10-24",18.1
"2022-10-25",17.55
"2022-10-26",20.15
"2022-10-27",18.05
"2022-10-28",17
"2022-10-29",15.6
"2022-10-30",16
"2022-10-31",20.15
"2022-11-01",20.2
"2022-11-02",18.95
"2022-11-03",18.55
"2022-11-04",21.65
"2022-11-05",21.5
"2022-11-06",20.9
"2022-11-07",21.45
"2022-11-08",15.7
"2022-11-09",16.2
"2022-11-10",20.2
"2022-11-11",23.25
"2022-11-12",19.6
"2022-11-13",10.25
"2022-11-14",9.35
"2022-11-15",15.1
"2022-11-16",10.85
"2022-11-17",4.65
"2022-11-18",5.2
"2022-11-19",8.35
"2022-11-20",4.7
"2022-11-21",8.7
"2022-11-22",13.65
"2022-11-23",13.5
"2022-11-24",15.65
"2022-11-25",12.35
"2022-11-26",11.9
"2022-11-27",18.55
"2022-11-28",13.2
"2022-11-29",13.6
"2022-11-30",11.45
"2022-12-01",5.35
"2022-12-02",9.3
"2022-12-03",17.6
"2022-12-04",7.15
"2022-12-05",8.65
"2022-12-06",16.6
"2022-12-07",18.15
"2022-12-08",15.4
"2022-12-09",9.7
"2022-12-10",10.5
"2022-12-11",9.15
"2022-12-12",6.25
"2022-12-13",5.45
"2022-12-14",5.65
"2022-12-15",13.2
"2022-12-16",9.2
"2022-12-17",6.45
"2022-12-18",4.5
"2022-12-19",3.05
"2022-12-20",4.25
"2022-12-21",7.4
"2022-12-22",13.55
"2022-12-23",3.15
"2022-12-24",-3.8
"2022-12-25",-0.9
"2022-12-26",0.1
"2022-12-27",2.85
"2022-12-28",5.85
"2022-12-29",9.75
"2022-12-30",15.35
"2022-12-31",18.75
"2023-01-01",14.75
"2023-01-02",13.9
"2023-01-03",16.25
"2023-01-04",20.15
"2023-01-05",14.1
"2023-01-06",8.65
"2023-01-07",6.85
"2023-01-08",7.8
"2023-01-09",5.9
"2023-01-10",6.75
"2023-01-11",8.4
"2023-01-12",18.05
"2023-01-13",9.75
"2023-01-14",2.3
"2023-01-15",2.55
"2023-01-16",5.7
"2023-01-17",12.25
"2023-01-18",15.95
"2023-01-19",17.45
"2023-01-20",11.8
"2023-01-21",7.1
"2023-01-22",11.7
"2023-01-23",6.25
"2023-01-24",6.05
"2023-01-25",14.25
"2023-01-26",7.4
"2023-01-27",4.7
"2023-01-28",7.5
"2023-01-29",11.25
"2023-01-30",14.55
"2023-01-31",14.75
"2023-02-01",9.4
"2023-02-02",5.15
"2023-02-03",3.95
"2023-02-04",2
"2023-02-05",9.85
"2023-02-06",9.65
"2023-02-07",10.45
"2023-02-08",14.7
"2023-02-09",15
"2023-02-10",18.55
"2023-02-11",9.05
"2023-02-12",11.6
"2023-02-13",10.6
"2023-02-14",11.65
"2023-02-15",17.4
"2023-02-16",19.8
"2023-02-17",13.95
"2023-02-18",6.15
"2023-02-19",10.2
"2023-02-20",18.05
"2023-02-21",17.65
"2023-02-22",20.45
"2023-02-23",24.3
"2023-02-24",11.35
"2023-02-25",7.25
"2023-02-26",13.25
"2023-02-27",15.45
"2023-02-28",15.65
"2023-03-01",9.85
"2023-03-02",20.15
"2023-03-03",21.15
"2023-03-04",16.65
"2023-03-05",11.8
"2023-03-06",15.05
"2023-03-07",16.5
"2023-03-08",8.85
"2023-03-09",11.45
"2023-03-10",10.75
"2023-03-11",8.95
"2023-03-12",7.55
"2023-03-13",8.95
"2023-03-14",6.85
"2023-03-15",6.45
"2023-03-16",10.45
"2023-03-17",19.35
"2023-03-18",12.85
"2023-03-19",9.2
"2023-03-20",3.9
"2023-03-21",10.75
"2023-03-22",15.95
"2023-03-23",22.45
"2023-03-24",24.55
"2023-03-25",24.5
"2023-03-26",20.4
"2023-03-27",20.5
"2023-03-28",16.35
"2023-03-29",10.25
"2023-03-30",13.75
"2023-03-31",18.4
"2023-04-01",19.3
"2023-04-02",13.95
"2023-04-03",18.1
"2023-04-04",21.2
"2023-04-05",23.95
"2023-04-06",23.05
"2023-04-07",17.35
"2023-04-08",8.3
"2023-04-09",11.8
"2023-04-10",11.8
"2023-04-11",15.2
"2023-04-12",18.25
"2023-04-13",20.2
"2023-04-14",22.4
"2023-04-15",22.1
"2023-04-16",23.1
"2023-04-17",15.1
"2023-04-18",19.05
"2023-04-19",21.3
"2023-04-20",21.4
"2023-04-21",21.45
"2023-04-22",17.4
"2023-04-23",18.2
"2023-04-24",12.05
"2023-04-25",17.9
"2023-04-26",19.15
"2023-04-27",20
"2023-04-28",22.3
"2023-04-29",23.55
"2023-04-30",17.9
"2023-05-01",16.5
"2023-05-02",15.7
"2023-05-03",14.1
"2023-05-04",14.7
"2023-05-05",16.85
"2023-05-06",19.3
"2023-05-07",23.05
"2023-05-08",24.35
"2023-05-09",22.6
"2023-05-10",19.3
"2023-05-11",19.45
"2023-05-12",20.15
"2023-05-13",23.05
"2023-05-14",18.7
"2023-05-15",21.2
"2023-05-16",23.9
"2023-05-17",22.45
"2023-05-18",20.8
"2023-05-19",19.3
"2023-05-20",21.95
"2023-05-21",17.35
"2023-05-22",20.7
"2023-05-23",20.4
"2023-05-24",18.65
"2023-05-25",19.7
"2023-05-26",15.75
"2023-05-27",16.9
"2023-05-28",21.25
"2023-05-29",19.1
"2023-05-30",21.8
"2023-05-31",20.65
"2023-06-01",22.55
"2023-06-02",21.75
"2023-06-03",22.9
"2023-06-04",14.95
"2023-06-05",20.15
"2023-06-06",22.7
"2023-06-07",23.1
"2023-06-08",19.35
"2023-06-09",20
"2023-06-10",22.4
"2023-06-11",24.35
"2023-06-12",23.8
"2023-06-13",23.5
"2023-06-14",25.05
"2023-06-15",24.6
"2023-06-16",24.15
"2023-06-17",23.2
"2023-06-18",24.75
"2023-06-19",25.65
"2023-06-20",24.7
"2023-06-21",24.7
"2023-06-22",25.2
"2023-06-23",24.7
"2023-06-24",25.5
"2023-06-25",27.05
"2023-06-26",24.4
"2023-06-27",25.5
"2023-06-28",25.15
"2023-06-29",25.4
"2023-06-30",25.45
"2023-07-01",26.75
"2023-07-02",28.75
"2023-07-03",28.95
"2023-07-04",28.2
"2023-07-05",27.45
"2023-07-06",25.75
"2023-07-07",26.75
"2023-07-08",27.1
"2023-07-09",26.7
"2023-07-10",24.8
"2023-07-11",27.4
"2023-07-12",27.55
"2023-07-13",28.3
"2023-07-14",26.55
"2023-07-15",28.4
"2023-07-16",28.7
"2023-07-17",28.45
"2023-07-18",29
"2023-07-19",27.25
"2023-07-20",28.75
"2023-07-21",28.3
"2023-07-22",25.5
"2023-07-23",27.2
"2023-07-24",27.65
"2023-07-25",27.95
"2023-07-26",28.1
"2023-07-27",28.45
"2023-07-28",28.1
"2023-07-29",27.65
"2023-07-30",27.3
"2023-07-31",25.45
"2023-08-01",25
"2023-08-02",22.6
"2023-08-03",24.9
"2023-08-04",25
"2023-08-05",25.9
"2023-08-06",27
"2023-08-07",28.2
"2023-08-08",28.6
"2023-08-09",27.7
"2023-08-10",26.4
"2023-08-11",27
"2023-08-12",29.2
"2023-08-13",30.8
"2023-08-14",30.7
"2023-08-15",29.3
"2023-08-16",27.8
"2023-08-17",27.6
"2023-08-18",27.5
"2023-08-19",27.1
"2023-08-20",27.95
"2023-08-21",28.7
"2023-08-22",27.2
"2023-08-23",24.75
"2023-08-24",26.15
"2023-08-25",27.35
"2023-08-26",28.45
"2023-08-27",28.05
"2023-08-28",27.2
"2023-08-29",27.75
"2023-08-30",26.1
"2023-08-31",20.05
"2023-09-01",21.95
"2023-09-02",21.3
"2023-09-03",24
"2023-09-04",28
"2023-09-05",28.6
"2023-09-06",29.25
"2023-09-07",28.85
"2023-09-08",27.3
"2023-09-09",25.7
"2023-09-10",25.75
"2023-09-11",26.3
"2023-09-12",26.75
"2023-09-13",25.8
"2023-09-14",23.25
"2023-09-15",18.35
"2023-09-16",20.65
"2023-09-17",23.45
"2023-09-18",20.05
"2023-09-19",21.9
"2023-09-20",22.85
"2023-09-21",22.7
"2023-09-22",18.7
"2023-09-23",18.2
"2023-09-24",23.25
"2023-09-25",24.7
"2023-09-26",22.6
"2023-09-27",19.7
"2023-09-28",20.1
"2023-09-29",20.75
"2023-09-30",19.05
"2023-10-01",20.2
"2023-10-02",21.5
"2023-10-03",20.45
"2023-10-04",21.9
"2023-10-05",24.5
"2023-10-06",22.9
"2023-10-07",15.45
"2023-10-08",12.25
"2023-10-09",15.15
"2023-10-10",20.7
"2023-10-11",19.7
"2023-10-12",14.1
"2023-10-13",19.55
"2023-10-14",19.2
"2023-10-15",13.3
"2023-10-16",12.3
"2023-10-17",13.65
"2023-10-18",14.7
"2023-10-19",14.8
"2023-10-20",17.1
"2023-10-21",15.9
"2023-10-22",15.4
"2023-10-23",11.85
"2023-10-24",15.35
"2023-10-25",18.35
"2023-10-26",18.85
"2023-10-27",19.8
"2023-10-28",21.05
"2023-10-29",21.7
"2023-10-30",22
"2023-10-31",11.25
"2023-11-01",5.45
"2023-11-02",7.05
"2023-11-03",11.3
"2023-11-04",16.85
"2023-11-05",14.3
"2023-11-06",15.5
"2023-11-07",17.05
"2023-11-08",17.25
"2023-11-09",20.2
"2023-11-10",17.65
"2023-11-11",10.7
"2023-11-12",9.7
"2023-11-13",10.85
"2023-11-14",11.5
"2023-11-15",12.45
"2023-11-16",16.9
"2023-11-17",18.7
"2023-11-18",14
"2023-11-19",8.95
"2023-11-20",11.4
"2023-11-21",17.75
"2023-11-22",12.45
"2023-11-23",10
"2023-11-24",10.6
"2023-11-25",8.85
"2023-11-26",8.6
"2023-11-27",7.55
"2023-11-28",3.15
"2023-11-29",2.75
"2023-11-30",7.2
"2023-12-01",12.75
"2023-12-02",19.9
"2023-12-03",19.25
"2023-12-04",12.05
"2023-12-05",9.85
"2023-12-06",4.1
"2023-12-07",5.35
"2023-12-08",10.6
"2023-12-09",15.45
"2023-12-10",15.3
"2023-12-11",4.25
"2023-12-12",5.15
"2023-12-13",7.1
"2023-12-14",4.2
"2023-12-15",6.15
"2023-12-16",8.75
"2023-12-17",16.3
"2023-12-18",9
"2023-12-19",3.2
"2023-12-20",3.2
"2023-12-21",6
"2023-12-22",6.95
"2023-12-23",9.5
"2023-12-24",11.7
"2023-12-25",14.45
"2023-12-26",16.8
"2023-12-27",15.8
"2023-12-28",8.35
"2023-12-29",9.7
"2023-12-30",5.2
"2023-12-31",6.3
"2024-01-01",8.2
"2024-01-02",4.2
"2024-01-03",5.5
"2024-01-04",3.8
"2024-01-05",3.75
"2024-01-06",12.5
"2024-01-07",7.8
"2024-01-08",6.8
"2024-01-09",14.6
"2024-01-10",7.1
"2024-01-11",6.4
"2024-01-12",10.2
"2024-01-13",8.75
"2024-01-14",8.8
"2024-01-15",11.1
"2024-01-16",6
"2024-01-17",-0.75
"2024-01-18",4.3
"2024-01-19",5.25
"2024-01-20",-2
"2024-01-21",-1.6
"2024-01-22",1.5
"2024-01-23",8.95
"2024-01-24",15.45
"2024-01-25",20.2
"2024-01-26",19.8
"2024-01-27",18.3
"2024-01-28",14.8
"2024-01-29",8
"2024-01-30",7.25
"2024-01-31",6.5
"2024-02-01",7.75
"2024-02-02",10.45
"2024-02-03",5.15
"2024-02-04",6.75
"2024-02-05",9.4
"2024-02-06",7.05
"2024-02-07",5.6
"2024-02-08",7.2
"2024-02-09",10.6
"2024-02-10",18
"2024-02-11",18.75
"2024-02-12",16.35
"2024-02-13",8.7
"2024-02-14",9.15
"2024-02-15",10.45
"2024-02-16",12.55
"2024-02-17",7.95
"2024-02-18",4.45
"2024-02-19",8.55
"2024-02-20",8.15
"2024-02-21",6.9
"2024-02-22",8.95
"2024-02-23",10.1
"2024-02-24",11.2
"2024-02-25",7.05
"2024-02-26",13.05
"2024-02-27",15.35
"2024-02-28",15.45
"2024-02-29",9.55
"2024-03-01",13.15
"2024-03-02",17.75
"2024-03-03",17.35
"2024-03-04",16.45
"2024-03-05",17.9
"2024-03-06",16.9
"2024-03-07",15.95
"2024-03-08",14.4
"2024-03-09",17.25
"2024-03-10",11.95
"2024-03-11",10.55
"2024-03-12",14.85
"2024-03-13",16.35
"2024-03-14",19.1
"2024-03-15",21.6
"2024-03-16",16.25
"2024-03-17",19.5
"2024-03-18",11.2
"2024-03-19",9.05
"2024-03-20",15.25
"2024-03-21",12.9
"2024-03-22",16.7
"2024-03-23",12.2
"2024-03-24",8.6
"2024-03-25",10.75
"2024-03-26",12.1
"2024-03-27",15.1
"2024-03-28",8.65
"2024-03-29",14.5
"2024-03-30",19
"2024-03-31",21.6
"2024-04-01",22.45
"2024-04-02",23.15
"2024-04-03",14.65
"2024-04-04",11.25
"2024-04-05",11.65
"2024-04-06",9.8
"2024-04-07",12.7
"2024-04-08",17.4
"2024-04-09",19.25
"2024-04-10",21
"2024-04-11",19.5
"2024-04-12",17.3
"2024-04-13",15.15
"2024-04-14",19.7
"2024-04-15",23.15
"2024-04-16",21.2
"2024-04-17",23.3
"2024-04-18",23.55
"2024-04-19",20.8
"2024-04-20",23.2
"2024-04-21",13.45
"2024-04-22",8.7
"2024-04-23",15
"2024-04-24",19.05
"2024-04-25",18.1
"2024-04-26",17.6
"2024-04-27",17.7
"2024-04-28",19.5
"2024-04-29",21.55
"2024-04-30",22.75
"2024-05-01",21.65
"2024-05-02",22
"2024-05-03",22.25
"2024-05-04",23.25
"2024-05-05",23.9
"2024-05-06",23.6
"2024-05-07",25.9
"2024-05-08",26.3
"2024-05-09",23.9
"2024-05-10",20.45
"2024-05-11",17.85
"2024-05-12",19.85
"2024-05-13",21.75
"2024-05-14",20.95
"2024-05-15",23.05
"2024-05-16",22.3
"2024-05-17",22.95
"2024-05-18",22.75
"2024-05-19",18.65
"2024-05-20",18.7
"2024-05-21",20.6
"2024-05-22",23.15
"2024-05-23",25
"2024-05-24",23.95
"2024-05-25",24.85
"2024-05-26",25.5
"2024-05-27",26.95
"2024-05-28",24.95
"2024-05-29",24.25
"2024-05-30",21
"2024-05-31",19.15
"2024-06-01",21.1
"2024-06-02",23.45
"2024-06-03",24.35
"2024-06-04",25.6
"2024-06-05",26.4
"2024-06-06",26.8
"2024-06-07",26
"2024-06-08",25.05
"2024-06-09",26.95
"2024-06-10",22.05
"2024-06-11",24.65
"2024-06-12",25.05
"2024-06-13",23.85
"2024-06-14",27.6
"2024-06-15",27.15
"2024-06-16",25.55
"2024-06-17",23.95
"2024-06-18",24.45
"2024-06-19",24.5
"2024-06-20",24.05
"2024-06-21",25.65
"2024-06-22",27.95
"2024-06-23",28.65
"2024-06-24",28.15
"2024-06-25",26.95
"2024-06-26",29.25
"2024-06-27",27.2
"2024-06-28",27.3
"2024-06-29",28.45
"2024-06-30",28.35
"2024-07-01",22.15
"2024-07-02",24.5
"2024-07-03",24.65
"2024-07-04",26.9
"2024-07-05",29.55
"2024-07-06",28.45
"2024-07-07",28.1
"2024-07-08",27.95
"2024-07-09",28.4
"2024-07-10",29.2
"2024-07-11",28.7
"2024-07-12",27.65
"2024-07-13",27.95
"2024-07-14",30.45
"2024-07-15",29.9
"2024-07-16",29.9
"2024-07-17",26.95
"2024-07-18",26.7
"2024-07-19",26.5
"2024-07-20",27.95
"2024-07-21",27.05
"2024-07-22",26.7
"2024-07-23",27.5
"2024-07-24",28.1
"2024-07-25",27.05
"2024-07-26",25.8
"2024-07-27",24.35
"2024-07-28",24.15
"2024-07-29",26
"2024-07-30",28
"2024-07-31",28.35
"2024-08-01",30.2
"2024-08-02",28.1
"2024-08-03",27.8
"2024-08-04",27.4
"2024-08-05",27.2
"2024-08-06",25.85
"2024-08-07",26.9
"2024-08-08",27.35
"2024-08-09",26.65
"2024-08-10",28.2
"2024-08-11",27.95
"2024-08-12",26.9
"2024-08-13",25.75
"2024-08-14",25
"2024-08-15",24.5
"2024-08-16",25.7
"2024-08-17",27.45
"2024-08-18",27.65
"2024-08-19",27.15
"2024-08-20",24.25
"2024-08-21",20.95
"2024-08-22",21.4
"2024-08-23",22.8
"2024-08-24",24.5
"2024-08-25",25.5
"2024-08-26",25.75
"2024-08-27",27.15
"2024-08-28",29
"2024-08-29",28.75
"2024-08-30",27
"2024-08-31",26.7
"2024-09-01",26.95
"2024-09-02",23.7
"2024-09-03",22.55
"2024-09-04",23.5
"2024-09-05",23.1
"2024-09-06",24.3
"2024-09-07",21.45
"2024-09-08",18.9
"2024-09-09",18.95
"2024-09-10",20.7
"2024-09-11",22
"2024-09-12",24.4
"2024-09-13",22.5
"2024-09-14",23.4
"2024-09-15",23.25
"2024-09-16",22.6
"2024-09-17",23.1
"2024-09-18",24.75
"2024-09-19",24.1
"2024-09-20",23.1
"2024-09-21",23.45
"2024-09-22",23.9
"2024-09-23",23.55
"2024-09-24",24.3
"2024-09-25",26.35
"2024-09-26",26.2
"2024-09-27",24.65
"2024-09-28",25.3
"2024-09-29",24.95
"2024-09-30",25.5
"2024-10-01",24.05
"2024-10-02",21.4
"2024-10-03",21.9
"2024-10-04",23
"2024-10-05",22.5
"2024-10-06",20.15
"2024-10-07",21.45
"2024-10-08",18.9
"2024-10-09",18.75
"2024-10-10",14.45
"2024-10-11",14.05
"2024-10-12",16.55
"2024-10-13",19.2
"2024-10-14",17
"2024-10-15",14.15
"2024-10-16",9.7
"2024-10-17",9.8
"2024-10-18",12.05
"2024-10-19",14.8
"2024-10-20",16.4
"2024-10-21",18.35
"2024-10-22",19
"2024-10-23",20.25
"2024-10-24",15.75
"2024-10-25",15.55
"2024-10-26",19.85
"2024-10-27",13.15
"2024-10-28",16.65
"2024-10-29",18.65
"2024-10-30",20.05
"2024-10-31",21.15
"2024-11-01",22.35
"2024-11-02",17.4
"2024-11-03",15.9
"2024-11-04",18.45
"2024-11-05",19.75
"2024-11-06",22.15
"2024-11-07",22
"2024-11-08",21.7
"2024-11-09",15.55
"2024-11-10",17.15
"2024-11-11",19.5
"2024-11-12",14.2
"2024-11-13",12.05
"2024-11-14",13.25
"2024-11-15",10.45
"2024-11-16",11.2
"2024-11-17",12.3
"2024-11-18",15.15
"2024-11-19",15.1
"2024-11-20",15.35
"2024-11-21",9.05
"2024-11-22",6.2
"2024-11-23",8.55
"2024-11-24",10.85
"2024-11-25",14.15
"2024-11-26",15
"2024-11-27",13.9
"2024-11-28",14.05
"2024-11-29",4.8
"2024-11-30",2.65
"2024-12-01",4.4
"2024-12-02",2.45
"2024-12-03",0.4
"2024-12-04",2.55
"2024-12-05",6.8
"2024-12-06",-0.4
"2024-12-07",2
"2024-12-08",12.2
"2024-12-09",13.1
"2024-12-10",19.9
"2024-12-11",10
"2024-12-12",4.65
"2024-12-13",7.35
"2024-12-14",10.7
"2024-12-15",12.25
"2024-12-16",15.4
"2024-12-17",18.55
"2024-12-18",17.85
"2024-12-19",11.5
"2024-12-20",8.05
"2024-12-21",4.65
"2024-12-22",1.1
"2024-12-23",3.6
"2024-12-24",5.4
"2024-12-25",6.5
"2024-12-26",7.85
"2024-12-27",12.35
"2024-12-28",15
"2024-12-29",17.5
"2024-12-30",11.7
"2024-12-31",13.5
"2025-01-01",3.65