,"(deg C) Mean Temperature (gridMET) at -76.8740E,34.7672N, 2015-01-01 to 2026-03-20"
"2015-01-01",5.6047
"2015-01-02",13.0348
"2015-01-03",16.3296
"2015-01-04",16.66
"2015-01-05",6.7246
"2015-01-06",7.925
"2015-01-07",-0.6398
"2015-01-08",-4.4499
"2015-01-09",5.7392
"2015-01-10",1.2499
"2015-01-11",6.58
"2015-01-12",13.6797
"2015-01-13",4.9292
"2015-01-14",3.2799
"2015-01-15",5.8246
"2015-01-16",7.9197
"2015-01-17",9.715
"2015-01-18",10.0197
"2015-01-19",10.8151
"2015-01-20",11.2546
"2015-01-21",10.2099
"2015-01-22",9.8796
"2015-01-23",12.9998
"2015-01-24",8.17
"2015-01-25",7.37
"2015-01-26",8.7051
"2015-01-27",1.7794
"2015-01-28",1.835
"2015-01-29",4.44
"2015-01-30",4.5398
"2015-01-31",3.1488
"2015-02-01",10.2291
"2015-02-02",8.0739
"2015-02-03",2.384
"2015-02-04",7.2345
"2015-02-05",2.8589
"2015-02-06",0.5038
"2015-02-07",7.1239
"2015-02-08",14.4444
"2015-02-09",13.8841
"2015-02-10",4.1439
"2015-02-11",2.4339
"2015-02-12",7.579
"2015-02-13",-2.151
"2015-02-14",3.0291
"2015-02-15",-3.1259
"2015-02-16",-1.3859
"2015-02-17",-1.296
"2015-02-18",0.6889
"2015-02-19",-6.441
"2015-02-20",-5.9961
"2015-02-21",5.8642
"2015-02-22",13.5342
"2015-02-23",3.704
"2015-02-24",-1.9761
"2015-02-25",1.8689
"2015-02-26",1.9438
"2015-02-27",4.9042
"2015-02-28",3.9824
"2015-03-01",9.1529
"2015-03-02",10.9128
"2015-03-03",10.4983
"2015-03-04",19.1179
"2015-03-05",12.1677
"2015-03-06",0.5683
"2015-03-07",7.0932
"2015-03-08",14.1229
"2015-03-09",14.2729
"2015-03-10",19.073
"2015-03-11",20.3274
"2015-03-12",12.0524
"2015-03-13",14.2877
"2015-03-14",17.4629
"2015-03-15",13.3581
"2015-03-16",14.6628
"2015-03-17",17.4878
"2015-03-18",11.3179
"2015-03-19",11.1679
"2015-03-20",13.6334
"2015-03-21",13.1924
"2015-03-22",14.0977
"2015-03-23",9.863
"2015-03-24",13.913
"2015-03-25",18.2377
"2015-03-26",20.768
"2015-03-27",12.5977
"2015-03-28",4.8632
"2015-03-29",5.9028
"2015-03-30",10.8883
"2015-03-31",15.9187
"2015-04-01",10.1085
"2015-04-02",16.913
"2015-04-03",21.9984
"2015-04-04",13.3838
"2015-04-05",15.2136
"2015-04-06",19.0879
"2015-04-07",20.1936
"2015-04-08",22.1837
"2015-04-09",19.6536
"2015-04-10",23.0238
"2015-04-11",17.6985
"2015-04-12",17.5283
"2015-04-13",22.1936
"2015-04-14",21.3984
"2015-04-15",15.8633
"2015-04-16",18.8482
"2015-04-17",21.3787
"2015-04-18",21.633
"2015-04-19",21.9982
"2015-04-20",22.2537
"2015-04-21",17.6929
"2015-04-22",20.4533
"2015-04-23",15.1582
"2015-04-24",15.5485
"2015-04-25",15.9284
"2015-04-26",11.4931
"2015-04-27",14.9238
"2015-04-28",15.1184
"2015-04-29",16.6981
"2015-04-30",14.2322
"2015-05-01",13.4025
"2015-05-02",15.0424
"2015-05-03",17.6569
"2015-05-04",18.4671
"2015-05-05",18.6918
"2015-05-06",20.3072
"2015-05-07",21.2923
"2015-05-08",22.8371
"2015-05-09",23.6569
"2015-05-10",21.5519
"2015-05-11",24.5818
"2015-05-12",25.5272
"2015-05-13",20.212
"2015-05-14",16.4021
"2015-05-15",17.9819
"2015-05-16",20.7374
"2015-05-17",24.242
"2015-05-18",25.4072
"2015-05-19",25.0767
"2015-05-20",24.5819
"2015-05-21",21.5975
"2015-05-22",16.912
"2015-05-23",19.692
"2015-05-24",20.172
"2015-05-25",22.0766
"2015-05-26",25.2721
"2015-05-27",22.5369
"2015-05-28",21.8572
"2015-05-29",23.4324
"2015-05-30",23.6023
"2015-05-31",23.8628
"2015-06-01",25.3081
"2015-06-02",24.468
"2015-06-03",22.4031
"2015-06-04",23.2884
"2015-06-05",20.4129
"2015-06-06",23.4083
"2015-06-07",20.7979
"2015-06-08",26.4932
"2015-06-09",24.0332
"2015-06-10",25.323
"2015-06-11",26.4335
"2015-06-12",27.5228
"2015-06-13",28.9627
"2015-06-14",28.9233
"2015-06-15",30.6083
"2015-06-16",32.4683
"2015-06-17",29.3082
"2015-06-18",28.2632
"2015-06-19",28.6386
"2015-06-20",28.9779
"2015-06-21",29.5681
"2015-06-22",30.0532
"2015-06-23",29.5632
"2015-06-24",28.4433
"2015-06-25",28.5682
"2015-06-26",28.343
"2015-06-27",27.0881
"2015-06-28",24.4982
"2015-06-29",25.6278
"2015-06-30",27.6473
"2015-07-01",26.907
"2015-07-02",26.2273
"2015-07-03",25.7267
"2015-07-04",27.7519
"2015-07-05",28.0265
"2015-07-06",27.7415
"2015-07-07",28.3068
"2015-07-08",28.3068
"2015-07-09",29.2068
"2015-07-10",28.907
"2015-07-11",28.0317
"2015-07-12",26.197
"2015-07-13",23.457
"2015-07-14",28.0873
"2015-07-15",26.4475
"2015-07-16",26.067
"2015-07-17",25.5815
"2015-07-18",27.8917
"2015-07-19",28.047
"2015-07-20",29.3016
"2015-07-21",28.0566
"2015-07-22",26.982
"2015-07-23",24.7369
"2015-07-24",23.087
"2015-07-25",23.9965
"2015-07-26",26.0363
"2015-07-27",25.5768
"2015-07-28",26.2468
"2015-07-29",26.8267
"2015-07-30",27.127
"2015-07-31",28.032
"2015-08-01",27.2526
"2015-08-02",27.7426
"2015-08-03",25.2323
"2015-08-04",26.852
"2015-08-05",30.1927
"2015-08-06",27.4476
"2015-08-07",26.2226
"2015-08-08",24.1126
"2015-08-09",24.1068
"2015-08-10",26.3473
"2015-08-11",24.7326
"2015-08-12",24.9872
"2015-08-13",25.2475
"2015-08-14",24.4424
"2015-08-15",24.032
"2015-08-16",25.8924
"2015-08-17",26.5824
"2015-08-18",26.1127
"2015-08-19",26.0776
"2015-08-20",27.9328
"2015-08-21",27.4974
"2015-08-22",25.8128
"2015-08-23",25.6422
"2015-08-24",25.987
"2015-08-25",26.4271
"2015-08-26",25.6018
"2015-08-27",23.7223
"2015-08-28",24.7669
"2015-08-29",24.5376
"2015-08-30",25.8424
"2015-08-31",25.0681
"2015-09-01",26.7983
"2015-09-02",27.1282
"2015-09-03",26.7132
"2015-09-04",28.108
"2015-09-05",27.2032
"2015-09-06",25.4785
"2015-09-07",26.483
"2015-09-08",26.8483
"2015-09-09",27.2733
"2015-09-10",27.318
"2015-09-11",26.123
"2015-09-12",25.1379
"2015-09-13",19.8831
"2015-09-14",18.7134
"2015-09-15",20.7285
"2015-09-16",23.843
"2015-09-17",23.1783
"2015-09-18",25.043
"2015-09-19",25.0084
"2015-09-20",25.7432
"2015-09-21",25.7281
"2015-09-22",24.813
"2015-09-23",22.9379
"2015-09-24",23.2082
"2015-09-25",22.6381
"2015-09-26",22.2132
"2015-09-27",24.1186
"2015-09-28",24.9131
"2015-09-29",26.3133
"2015-09-30",25.123
"2015-10-01",20.5382
"2015-10-02",21.7381
"2015-10-03",25.7933
"2015-10-04",23.7684
"2015-10-05",19.553
"2015-10-06",19.0628
"2015-10-07",21.353
"2015-10-08",21.7629
"2015-10-09",22.9028
"2015-10-10",19.1232
"2015-10-11",19.8684
"2015-10-12",18.8181
"2015-10-13",21.5931
"2015-10-14",19.7332
"2015-10-15",18.3626
"2015-10-16",19.5279
"2015-10-17",15.673
"2015-10-18",11.458
"2015-10-19",11.6334
"2015-10-20",16.7032
"2015-10-21",18.3882
"2015-10-22",18.0083
"2015-10-23",19.0534
"2015-10-24",17.5782
"2015-10-25",19.823
"2015-10-26",17.6383
"2015-10-27",19.053
"2015-10-28",21.6982
"2015-10-29",19.8533
"2015-10-30",16.518
"2015-10-31",17.5235
"2015-11-01",22.7594
"2015-11-02",20.8588
"2015-11-03",20.2186
"2015-11-04",21.7143
"2015-11-05",23.1088
"2015-11-06",24.4293
"2015-11-07",21.7541
"2015-11-08",16.2889
"2015-11-09",20.2738
"2015-11-10",18.7438
"2015-11-11",15.6036
"2015-11-12",18.7889
"2015-11-13",14.7642
"2015-11-14",11.1142
"2015-11-15",12.1739
"2015-11-16",13.714
"2015-11-17",16.649
"2015-11-18",19.989
"2015-11-19",18.9839
"2015-11-20",14.0641
"2015-11-21",14.5789
"2015-11-22",10.1087
"2015-11-23",6.574
"2015-11-24",9.9487
"2015-11-25",13.699
"2015-11-26",17.7088
"2015-11-27",17.6041
"2015-11-28",17.949
"2015-11-29",17.5586
"2015-11-30",16.5416
"2015-12-01",16.6218
"2015-12-02",19.2866
"2015-12-03",11.4065
"2015-12-04",10.0169
"2015-12-05",11.9915
"2015-12-06",12.5864
"2015-12-07",10.2169
"2015-12-08",9.5416
"2015-12-09",12.2868
"2015-12-10",14.9166
"2015-12-11",15.787
"2015-12-12",18.0865
"2015-12-13",18.3817
"2015-12-14",18.9019
"2015-12-15",15.1071
"2015-12-16",15.2366
"2015-12-17",19.7216
"2015-12-18",11.8018
"2015-12-19",7.6668
"2015-12-20",8.9569
"2015-12-21",15.5771
"2015-12-22",19.1565
"2015-12-23",20.6065
"2015-12-24",21.5463
"2015-12-25",20.6266
"2015-12-26",19.6423
"2015-12-27",19.8419
"2015-12-28",18.5017
"2015-12-29",21.882
"2015-12-30",20.4763
"2015-12-31",9.2346
"2016-01-01",9.7
"2016-01-02",6.1
"2016-01-03",5.8
"2016-01-04",2.65
"2016-01-05",-0.65
"2016-01-06",5.85
"2016-01-07",10.3
"2016-01-08",10.65
"2016-01-09",14.3
"2016-01-10",9.8
"2016-01-11",3.45
"2016-01-12",6.3
"2016-01-13",2.5
"2016-01-14",7.9
"2016-01-15",9.65
"2016-01-16",11.25
"2016-01-17",3.2
"2016-01-18",0
"2016-01-19",-2.7
"2016-01-20",-0.65
"2016-01-21",2.75
"2016-01-22",3.9
"2016-01-23",-0.5
"2016-01-24",2.5
"2016-01-25",5.3
"2016-01-26",12.25
"2016-01-27",9.65
"2016-01-28",6.55
"2016-01-29",6.8
"2016-01-30",7
"2016-01-31",12.55
"2016-02-01",16.2
"2016-02-02",13.75
"2016-02-03",19.15
"2016-02-04",12.15
"2016-02-05",4.6
"2016-02-06",5.95
"2016-02-07",4.1
"2016-02-08",7.8
"2016-02-09",4.35
"2016-02-10",2.1
"2016-02-11",1.8
"2016-02-12",0.55
"2016-02-13",-1.7
"2016-02-14",-2.2
"2016-02-15",9.15
"2016-02-16",11.15
"2016-02-17",8.85
"2016-02-18",4.9
"2016-02-19",6.15
"2016-02-20",14.75
"2016-02-21",16.2
"2016-02-22",12.9
"2016-02-23",14.35
"2016-02-24",15
"2016-02-25",8.65
"2016-02-26",5.75
"2016-02-27",4.85
"2016-02-28",11.1
"2016-02-29",12.55
"2016-03-01",13.9
"2016-03-02",9.35
"2016-03-03",7.2
"2016-03-04",4.55
"2016-03-05",6.95
"2016-03-06",7.3
"2016-03-07",10.2
"2016-03-08",15.5
"2016-03-09",17.8
"2016-03-10",20.3
"2016-03-11",19.75
"2016-03-12",19.3
"2016-03-13",20.35
"2016-03-14",19.55
"2016-03-15",18.35
"2016-03-16",20
"2016-03-17",18.6
"2016-03-18",16.1
"2016-03-19",14.5
"2016-03-20",6.65
"2016-03-21",7.5
"2016-03-22",11.85
"2016-03-23",16.8
"2016-03-24",19.6
"2016-03-25",19.8
"2016-03-26",15.6
"2016-03-27",16.6
"2016-03-28",17.2
"2016-03-29",13.1
"2016-03-30",15.6
"2016-03-31",19.95
"2016-04-01",21.15
"2016-04-02",15.5
"2016-04-03",11.05
"2016-04-04",14.75
"2016-04-05",6.15
"2016-04-06",11.95
"2016-04-07",17.35
"2016-04-08",12.5
"2016-04-09",9.15
"2016-04-10",9.05
"2016-04-11",17.2
"2016-04-12",14.75
"2016-04-13",11.85
"2016-04-14",13.2
"2016-04-15",12
"2016-04-16",12.6
"2016-04-17",12.5
"2016-04-18",19.1
"2016-04-19",22.7
"2016-04-20",17.1
"2016-04-21",19.35
"2016-04-22",20.55
"2016-04-23",18.3
"2016-04-24",14.95
"2016-04-25",18.9
"2016-04-26",21.75
"2016-04-27",23
"2016-04-28",22.3
"2016-04-29",18.35
"2016-04-30",16.9
"2016-05-01",21.95
"2016-05-02",22.75
"2016-05-03",20.1
"2016-05-04",19.9
"2016-05-05",14.65
"2016-05-06",13.75
"2016-05-07",19.55
"2016-05-08",23.25
"2016-05-09",23.85
"2016-05-10",22.9
"2016-05-11",23.45
"2016-05-12",23.05
"2016-05-13",19.6
"2016-05-14",19.95
"2016-05-15",14.55
"2016-05-16",18.35
"2016-05-17",21.2
"2016-05-18",16.1
"2016-05-19",18.85
"2016-05-20",19.75
"2016-05-21",21.05
"2016-05-22",16.6
"2016-05-23",15.2
"2016-05-24",20.15
"2016-05-25",23.6
"2016-05-26",22
"2016-05-27",22.65
"2016-05-28",24.95
"2016-05-29",24.75
"2016-05-30",23.95
"2016-05-31",24.1
"2016-06-01",24.3
"2016-06-02",25.05
"2016-06-03",26.65
"2016-06-04",27.15
"2016-06-05",27.05
"2016-06-06",24.9
"2016-06-07",24.6
"2016-06-08",21.75
"2016-06-09",22.25
"2016-06-10",23.35
"2016-06-11",26.15
"2016-06-12",27.15
"2016-06-13",22.95
"2016-06-14",26.45
"2016-06-15",26.35
"2016-06-16",26.75
"2016-06-17",25.15
"2016-06-18",23
"2016-06-19",20.9
"2016-06-20",24.45
"2016-06-21",26.15
"2016-06-22",28.25
"2016-06-23",26.8
"2016-06-24",26.8
"2016-06-25",25.6
"2016-06-26",24.6
"2016-06-27",26.1
"2016-06-28",25.3
"2016-06-29",25.6
"2016-06-30",26.45
"2016-07-01",25.15
"2016-07-02",27.4
"2016-07-03",27.05
"2016-07-04",27.3
"2016-07-05",28.1
"2016-07-06",27.45
"2016-07-07",27.45
"2016-07-08",27.65
"2016-07-09",27.75
"2016-07-10",27.65
"2016-07-11",25.5
"2016-07-12",26.5
"2016-07-13",28.6
"2016-07-14",29.65
"2016-07-15",26.9
"2016-07-16",26.05
"2016-07-17",26.35
"2016-07-18",27.85
"2016-07-19",25.9
"2016-07-20",26.5
"2016-07-21",26.05
"2016-07-22",27
"2016-07-23",27.95
"2016-07-24",28.35
"2016-07-25",28.5
"2016-07-26",29.05
"2016-07-27",28.6
"2016-07-28",29.95
"2016-07-29",28.85
"2016-07-30",29.2
"2016-07-31",26.95
"2016-08-01",27.35
"2016-08-02",26.45
"2016-08-03",26.4
"2016-08-04",26.95
"2016-08-05",27.2
"2016-08-06",28.2
"2016-08-07",27.55
"2016-08-08",27.7
"2016-08-09",26.9
"2016-08-10",27.4
"2016-08-11",28.25
"2016-08-12",28.55
"2016-08-13",28.95
"2016-08-14",29.2
"2016-08-15",28.1
"2016-08-16",27.6
"2016-08-17",28.6
"2016-08-18",27.85
"2016-08-19",26.6
"2016-08-20",27
"2016-08-21",28.25
"2016-08-22",26.25
"2016-08-23",24.25
"2016-08-24",24.3
"2016-08-25",25.55
"2016-08-26",26.9
"2016-08-27",28.35
"2016-08-28",26.3
"2016-08-29",26.55
"2016-08-30",26.65
"2016-08-31",25.6
"2016-09-01",26.75
"2016-09-02",22.6
"2016-09-03",21.5
"2016-09-04",22.3
"2016-09-05",21.85
"2016-09-06",25.55
"2016-09-07",26.2
"2016-09-08",26.85
"2016-09-09",25.75
"2016-09-10",25.85
"2016-09-11",26.6
"2016-09-12",24
"2016-09-13",23.6
"2016-09-14",24.35
"2016-09-15",24.6
"2016-09-16",25.3
"2016-09-17",25.65
"2016-09-18",26.5
"2016-09-19",25.4
"2016-09-20",23.75
"2016-09-21",25.3
"2016-09-22",24.95
"2016-09-23",24.85
"2016-09-24",25.8
"2016-09-25",21.7
"2016-09-26",23.2
"2016-09-27",23.3
"2016-09-28",25
"2016-09-29",23.75
"2016-09-30",24.35
"2016-10-01",23.45
"2016-10-02",22.8
"2016-10-03",22.7
"2016-10-04",21.45
"2016-10-05",22.5
"2016-10-06",22.5
"2016-10-07",24.55
"2016-10-08",21.3
"2016-10-09",15.95
"2016-10-10",14.45
"2016-10-11",17.55
"2016-10-12",19.75
"2016-10-13",20.2
"2016-10-14",17.2
"2016-10-15",18.2
"2016-10-16",19.8
"2016-10-17",20.8
"2016-10-18",22.15
"2016-10-19",22.1
"2016-10-20",21.75
"2016-10-21",19.2
"2016-10-22",12.6
"2016-10-23",14.5
"2016-10-24",18.2
"2016-10-25",12.55
"2016-10-26",14.7
"2016-10-27",18.8
"2016-10-28",17.05
"2016-10-29",17.75
"2016-10-30",20.95
"2016-10-31",14.85
"2016-11-01",16.1
"2016-11-02",18.15
"2016-11-03",19.95
"2016-11-04",13.05
"2016-11-05",10.2
"2016-11-06",12.65
"2016-11-07",9.4
"2016-11-08",10.85
"2016-11-09",11.2
"2016-11-10",9.25
"2016-11-11",14
"2016-11-12",7.9
"2016-11-13",10.35
"2016-11-14",15.1
"2016-11-15",10.1
"2016-11-16",10.95
"2016-11-17",10.7
"2016-11-18",13.4
"2016-11-19",11.7
"2016-11-20",4.05
"2016-11-21",5.3
"2016-11-22",4.4
"2016-11-23",7.65
"2016-11-24",14.95
"2016-11-25",15.6
"2016-11-26",6.8
"2016-11-27",5
"2016-11-28",10.25
"2016-11-29",19.4
"2016-11-30",20.4
"2016-12-01",13.6
"2016-12-02",9.05
"2016-12-03",8.25
"2016-12-04",11.1
"2016-12-05",12.15
"2016-12-06",13.65
"2016-12-07",10.5
"2016-12-08",8.15
"2016-12-09",2.45
"2016-12-10",1.5
"2016-12-11",7.85
"2016-12-12",13.25
"2016-12-13",10.05
"2016-12-14",6.9
"2016-12-15",3.15
"2016-12-16",2.75
"2016-12-17",13.35
"2016-12-18",14.6
"2016-12-19",3.95
"2016-12-20",3.3
"2016-12-21",6.35
"2016-12-22",9.6
"2016-12-23",8.65
"2016-12-24",13.95
"2016-12-25",11.7
"2016-12-26",14
"2016-12-27",17.3
"2016-12-28",11
"2016-12-29",10.25
"2016-12-30",3.85
"2016-12-31",5.9
"2017-01-01",12.8
"2017-01-02",15.2
"2017-01-03",16.15
"2017-01-04",10.8
"2017-01-05",7.55
"2017-01-06",5.45
"2017-01-07",-2.65
"2017-01-08",-5.1
"2017-01-09",-2.05
"2017-01-10",4.2
"2017-01-11",14.4
"2017-01-12",15.5
"2017-01-13",15.9
"2017-01-14",9.85
"2017-01-15",9.8
"2017-01-16",9.45
"2017-01-17",14.7
"2017-01-18",12.85
"2017-01-19",10.15
"2017-01-20",15.2
"2017-01-21",13.65
"2017-01-22",14.15
"2017-01-23",12.05
"2017-01-24",8.95
"2017-01-25",12.7
"2017-01-26",11.1
"2017-01-27",6.2
"2017-01-28",5.45
"2017-01-29",8.3
"2017-01-30",4.55
"2017-01-31",11.9
"2017-02-01",14.85
"2017-02-02",12.9
"2017-02-03",3
"2017-02-04",2.55
"2017-02-05",7.75
"2017-02-06",10.5
"2017-02-07",15.1
"2017-02-08",16.6
"2017-02-09",6.6
"2017-02-10",5.4
"2017-02-11",15.5
"2017-02-12",17.45
"2017-02-13",7.4
"2017-02-14",9.95
"2017-02-15",9.3
"2017-02-16",5.4
"2017-02-17",8.4
"2017-02-18",13.8
"2017-02-19",14.45
"2017-02-20",13.3
"2017-02-21",11.75
"2017-02-22",16.3
"2017-02-23",17.3
"2017-02-24",16.95
"2017-02-25",15.2
"2017-02-26",7.95
"2017-02-27",12.8
"2017-02-28",19.15
"2017-03-01",19.6
"2017-03-02",9.05
"2017-03-03",7.55
"2017-03-04",4.65
"2017-03-05",5.1
"2017-03-06",10.25
"2017-03-07",16.55
"2017-03-08",13.45
"2017-03-09",15.95
"2017-03-10",12.2
"2017-03-11",7.7
"2017-03-12",3.45
"2017-03-13",10.25
"2017-03-14",4.7
"2017-03-15",0.7
"2017-03-16",2.35
"2017-03-17",7.15
"2017-03-18",9.75
"2017-03-19",5.4
"2017-03-20",9.7
"2017-03-21",16.95
"2017-03-22",9.15
"2017-03-23",6.2
"2017-03-24",13.5
"2017-03-25",16.8
"2017-03-26",16.4
"2017-03-27",18.7
"2017-03-28",17.55
"2017-03-29",14.3
"2017-03-30",15.9
"2017-03-31",16.9
"2017-04-01",16.75
"2017-04-02",13.15
"2017-04-03",19.1
"2017-04-04",20.35
"2017-04-05",21.85
"2017-04-06",16.15
"2017-04-07",9.1
"2017-04-08",11.25
"2017-04-09",14.75
"2017-04-10",17
"2017-04-11",18.95
"2017-04-12",19.15
"2017-04-13",18.4
"2017-04-14",19.6
"2017-04-15",20.7
"2017-04-16",21.45
"2017-04-17",21.95
"2017-04-18",19.3
"2017-04-19",19.4
"2017-04-20",22.45
"2017-04-21",23.5
"2017-04-22",21.05
"2017-04-23",16.3
"2017-04-24",18.55
"2017-04-25",19
"2017-04-26",20.45
"2017-04-27",23.65
"2017-04-28",24.75
"2017-04-29",24.4
"2017-04-30",24.2
"2017-05-01",23.5
"2017-05-02",19.5
"2017-05-03",21.5
"2017-05-04",21.9
"2017-05-05",17.55
"2017-05-06",15.15
"2017-05-07",14.95
"2017-05-08",16
"2017-05-09",17.25
"2017-05-10",21.85
"2017-05-11",22.2
"2017-05-12",17.7
"2017-05-13",17
"2017-05-14",21.15
"2017-05-15",22.7
"2017-05-16",24
"2017-05-17",24.95
"2017-05-18",24
"2017-05-19",24.2
"2017-05-20",24.2
"2017-05-21",21.75
"2017-05-22",23.8
"2017-05-23",22.5
"2017-05-24",22.85
"2017-05-25",21.15
"2017-05-26",22.1
"2017-05-27",25
"2017-05-28",25.75
"2017-05-29",25.05
"2017-05-30",24.2
"2017-05-31",23.75
"2017-06-01",24.3
"2017-06-02",23.7
"2017-06-03",24.45
"2017-06-04",25.9
"2017-06-05",24.3
"2017-06-06",23.4
"2017-06-07",17.55
"2017-06-08",16.1
"2017-06-09",20.9
"2017-06-10",23.55
"2017-06-11",23.85
"2017-06-12",23.95
"2017-06-13",24.8
"2017-06-14",25.55
"2017-06-15",25.4
"2017-06-16",26
"2017-06-17",26.05
"2017-06-18",26.9
"2017-06-19",26.85
"2017-06-20",24
"2017-06-21",24.8
"2017-06-22",26.55
"2017-06-23",27.75
"2017-06-24",26.7
"2017-06-25",25.25
"2017-06-26",23
"2017-06-27",23.25
"2017-06-28",22.75
"2017-06-29",24.4
"2017-06-30",26.25
"2017-07-01",26.65
"2017-07-02",27.5
"2017-07-03",26.8
"2017-07-04",26.35
"2017-07-05",26.9
"2017-07-06",29.05
"2017-07-07",28
"2017-07-08",26.7
"2017-07-09",26
"2017-07-10",26.15
"2017-07-11",27.25
"2017-07-12",27.65
"2017-07-13",28.15
"2017-07-14",28.65
"2017-07-15",27
"2017-07-16",25
"2017-07-17",24.7
"2017-07-18",23.8
"2017-07-19",25.35
"2017-07-20",27.4
"2017-07-21",28.55
"2017-07-22",28.6
"2017-07-23",28.7
"2017-07-24",27.4
"2017-07-25",27.5
"2017-07-26",24.75
"2017-07-27",26.9
"2017-07-28",27.6
"2017-07-29",23.6
"2017-07-30",22.05
"2017-07-31",21.8
"2017-08-01",22.45
"2017-08-02",24.45
"2017-08-03",25.35
"2017-08-04",26.05
"2017-08-05",26
"2017-08-06",26.25
"2017-08-07",26.65
"2017-08-08",24.05
"2017-08-09",22.45
"2017-08-10",24.65
"2017-08-11",25.95
"2017-08-12",26
"2017-08-13",27.15
"2017-08-14",27.55
"2017-08-15",28
"2017-08-16",27.45
"2017-08-17",28.6
"2017-08-18",29.5
"2017-08-19",27.4
"2017-08-20",27.3
"2017-08-21",26.7
"2017-08-22",26.9
"2017-08-23",27
"2017-08-24",25.15
"2017-08-25",25.65
"2017-08-26",25.15
"2017-08-27",24.1
"2017-08-28",23.5
"2017-08-29",22.5
"2017-08-30",23.2
"2017-08-31",25.3
"2017-09-01",25.25
"2017-09-02",23.8
"2017-09-03",22.85
"2017-09-04",24.5
"2017-09-05",24.85
"2017-09-06",22.2
"2017-09-07",19.55
"2017-09-08",20.5
"2017-09-09",20.7
"2017-09-10",20.2
"2017-09-11",21.9
"2017-09-12",22.5
"2017-09-13",24.05
"2017-09-14",24.2
"2017-09-15",24.75
"2017-09-16",25.2
"2017-09-17",24.3
"2017-09-18",24.4
"2017-09-19",23.4
"2017-09-20",25.65
"2017-09-21",24.65
"2017-09-22",24.65
"2017-09-23",24.6
"2017-09-24",24.9
"2017-09-25",24.35
"2017-09-26",26
"2017-09-27",25.7
"2017-09-28",25.9
"2017-09-29",21.5
"2017-09-30",18.95
"2017-10-01",18.95
"2017-10-02",19.55
"2017-10-03",21.2
"2017-10-04",20.45
"2017-10-05",21.95
"2017-10-06",23.75
"2017-10-07",25.55
"2017-10-08",26.1
"2017-10-09",26.35
"2017-10-10",25.6
"2017-10-11",25.85
"2017-10-12",24.45
"2017-10-13",21.95
"2017-10-14",20.5
"2017-10-15",23.45
"2017-10-16",19.45
"2017-10-17",13.8
"2017-10-18",17.15
"2017-10-19",18.1
"2017-10-20",18.5
"2017-10-21",19.3
"2017-10-22",21.1
"2017-10-23",21.8
"2017-10-24",19.3
"2017-10-25",14.65
"2017-10-26",10.9
"2017-10-27",14.15
"2017-10-28",19.25
"2017-10-29",12.05
"2017-10-30",9.3
"2017-10-31",14.2
"2017-11-01",17.8
"2017-11-02",18.65
"2017-11-03",19.4
"2017-11-04",18.95
"2017-11-05",19.5
"2017-11-06",20.15
"2017-11-07",16.5
"2017-11-08",11.75
"2017-11-09",13.4
"2017-11-10",8.75
"2017-11-11",6.4
"2017-11-12",11.2
"2017-11-13",10.3
"2017-11-14",9.3
"2017-11-15",10.3
"2017-11-16",11.75
"2017-11-17",8
"2017-11-18",12.2
"2017-11-19",9.65
"2017-11-20",7.7
"2017-11-21",11.8
"2017-11-22",12.25
"2017-11-23",6.65
"2017-11-24",9.3
"2017-11-25",12.3
"2017-11-26",9.85
"2017-11-27",9.55
"2017-11-28",12.65
"2017-11-29",14.3
"2017-11-30",14.45
"2017-12-01",13.45
"2017-12-02",12
"2017-12-03",12.3
"2017-12-04",13.65
"2017-12-05",17.85
"2017-12-06",12.35
"2017-12-07",6.25
"2017-12-08",5.65
"2017-12-09",3
"2017-12-10",3.7
"2017-12-11",6.75
"2017-12-12",7.05
"2017-12-13",3.6
"2017-12-14",8.95
"2017-12-15",7
"2017-12-16",4.15
"2017-12-17",6.7
"2017-12-18",12.95
"2017-12-19",14.05
"2017-12-20",11.55
"2017-12-21",10.25
"2017-12-22",12.55
"2017-12-23",15.95
"2017-12-24",12.65
"2017-12-25",5.55
"2017-12-26",5.35
"2017-12-27",1.7
"2017-12-28",-1
"2017-12-29",2.65
"2017-12-30",5.6
"2017-12-31",7.95
"2018-01-01",-4.95
"2018-01-02",-3.95
"2018-01-03",-0.35
"2018-01-04",-4.15
"2018-01-05",-4.85
"2018-01-06",-6.35
"2018-01-07",-5.65
"2018-01-08",1.9
"2018-01-09",10.05
"2018-01-10",11.2
"2018-01-11",15.8
"2018-01-12",16.9
"2018-01-13",5.9
"2018-01-14",-0.45
"2018-01-15",2.1
"2018-01-16",4.95
"2018-01-17",2.35
"2018-01-18",-0.2
"2018-01-19",5.9
"2018-01-20",8.35
"2018-01-21",10
"2018-01-22",10.95
"2018-01-23",12.05
"2018-01-24",7.25
"2018-01-25",3.85
"2018-01-26",5.75
"2018-01-27",10.35
"2018-01-28",14.4
"2018-01-29",8
"2018-01-30",1.45
"2018-01-31",2.35
"2018-02-01",11
"2018-02-02",4.05
"2018-02-03",3.05
"2018-02-04",11.45
"2018-02-05",7.8
"2018-02-06",10.15
"2018-02-07",13.25
"2018-02-08",5.4
"2018-02-09",9.65
"2018-02-10",18.6
"2018-02-11",20.3
"2018-02-12",14.15
"2018-02-13",7.85
"2018-02-14",10.95
"2018-02-15",18.05
"2018-02-16",16.95
"2018-02-17",10.7
"2018-02-18",12.75
"2018-02-19",17.65
"2018-02-20",20.55
"2018-02-21",21
"2018-02-22",19.3
"2018-02-23",18.6
"2018-02-24",20.55
"2018-02-25",20.55
"2018-02-26",13.45
"2018-02-27",10.75
"2018-02-28",12.9
"2018-03-01",15.5
"2018-03-02",9.4
"2018-03-03",8.55
"2018-03-04",6.55
"2018-03-05",5.25
"2018-03-06",8.9
"2018-03-07",5.15
"2018-03-08",5.4
"2018-03-09",6.15
"2018-03-10",11.3
"2018-03-11",10.65
"2018-03-12",4.65
"2018-03-13",6.2
"2018-03-14",3.95
"2018-03-15",8.5
"2018-03-16",12.05
"2018-03-17",14.1
"2018-03-18",9.4
"2018-03-19",13.3
"2018-03-20",13.1
"2018-03-21",5.1
"2018-03-22",6.4
"2018-03-23",6.65
"2018-03-24",7.75
"2018-03-25",6.4
"2018-03-26",7.35
"2018-03-27",8.55
"2018-03-28",15
"2018-03-29",19
"2018-03-30",15.65
"2018-03-31",10.5
"2018-04-01",16.95
"2018-04-02",17.85
"2018-04-03",18.2
"2018-04-04",14.2
"2018-04-05",10.2
"2018-04-06",16.35
"2018-04-07",11.45
"2018-04-08",7.4
"2018-04-09",9.3
"2018-04-10",9.55
"2018-04-11",10.85
"2018-04-12",15.4
"2018-04-13",18.35
"2018-04-14",20.35
"2018-04-15",18.85
"2018-04-16",10.8
"2018-04-17",11.35
"2018-04-18",19.85
"2018-04-19",15.8
"2018-04-20",11.55
"2018-04-21",12.85
"2018-04-22",16.6
"2018-04-23",17.9
"2018-04-24",17.05
"2018-04-25",17.4
"2018-04-26",19.55
"2018-04-27",18.95
"2018-04-28",19.3
"2018-04-29",12.95
"2018-04-30",16
"2018-05-01",19.3
"2018-05-02",20.75
"2018-05-03",20.7
"2018-05-04",21.35
"2018-05-05",22.85
"2018-05-06",21.7
"2018-05-07",17.2
"2018-05-08",16.7
"2018-05-09",16.55
"2018-05-10",21.55
"2018-05-11",24.4
"2018-05-12",25.55
"2018-05-13",25.25
"2018-05-14",24.95
"2018-05-15",24.8
"2018-05-16",24.2
"2018-05-17",22.9
"2018-05-18",23.65
"2018-05-19",24.4
"2018-05-20",23.75
"2018-05-21",24.85
"2018-05-22",24.55
"2018-05-23",24.35
"2018-05-24",22.75
"2018-05-25",24.45
"2018-05-26",24.85
"2018-05-27",24.85
"2018-05-28",22.8
"2018-05-29",24.95
"2018-05-30",25.3
"2018-05-31",25.65
"2018-06-01",26.75
"2018-06-02",25.75
"2018-06-03",24.1
"2018-06-04",24.1
"2018-06-05",22.55
"2018-06-06",25.55
"2018-06-07",24.1
"2018-06-08",24.95
"2018-06-09",24.85
"2018-06-10",25.9
"2018-06-11",25.2
"2018-06-12",23.3
"2018-06-13",25.9
"2018-06-14",25.6
"2018-06-15",24.15
"2018-06-16",25.15
"2018-06-17",26.3
"2018-06-18",27.25
"2018-06-19",28.95
"2018-06-20",27.85
"2018-06-21",27.8
"2018-06-22",29.3
"2018-06-23",28.6
"2018-06-24",27.6
"2018-06-25",27.05
"2018-06-26",24.85
"2018-06-27",26.8
"2018-06-28",27.5
"2018-06-29",27.9
"2018-06-30",27.65
"2018-07-01",27.8
"2018-07-02",28.15
"2018-07-03",27.8
"2018-07-04",27.55
"2018-07-05",27.2
"2018-07-06",27.65
"2018-07-07",24.7
"2018-07-08",22.7
"2018-07-09",23
"2018-07-10",25.5
"2018-07-11",28.25
"2018-07-12",25.95
"2018-07-13",24.95
"2018-07-14",23.75
"2018-07-15",26.5
"2018-07-16",26.65
"2018-07-17",26.95
"2018-07-18",25.5
"2018-07-19",26.45
"2018-07-20",24.45
"2018-07-21",26.25
"2018-07-22",26.4
"2018-07-23",25.1
"2018-07-24",24
"2018-07-25",24.8
"2018-07-26",27
"2018-07-27",26.3
"2018-07-28",26.15
"2018-07-29",26.05
"2018-07-30",25.5
"2018-07-31",26.6
"2018-08-01",27.35
"2018-08-02",24.7
"2018-08-03",25.35
"2018-08-04",25.65
"2018-08-05",26.65
"2018-08-06",27.7
"2018-08-07",27.2
"2018-08-08",27.5
"2018-08-09",26.75
"2018-08-10",28.2
"2018-08-11",27.2
"2018-08-12",25.75
"2018-08-13",26.25
"2018-08-14",26.85
"2018-08-15",27.35
"2018-08-16",28.2
"2018-08-17",28.5
"2018-08-18",28.25
"2018-08-19",26.9
"2018-08-20",27.35
"2018-08-21",27.95
"2018-08-22",26.75
"2018-08-23",23.85
"2018-08-24",24.9
"2018-08-25",25.6
"2018-08-26",25.85
"2018-08-27",26.55
"2018-08-28",27.3
"2018-08-29",27.7
"2018-08-30",27.9
"2018-08-31",26.95
"2018-09-01",26.55
"2018-09-02",26.8
"2018-09-03",26.6
"2018-09-04",27.4
"2018-09-05",26.45
"2018-09-06",26.45
"2018-09-07",26.05
"2018-09-08",26.7
"2018-09-09",26.05
"2018-09-10",26.3
"2018-09-11",26.75
"2018-09-12",28.2
"2018-09-13",25.7
"2018-09-14",25.05
"2018-09-15",25.5
"2018-09-16",25.75
"2018-09-17",27.25
"2018-09-18",26.75
"2018-09-19",26.05
"2018-09-20",24.25
"2018-09-21",23.3
"2018-09-22",24.45
"2018-09-23",25.15
"2018-09-24",24.9
"2018-09-25",25.85
"2018-09-26",26.85
"2018-09-27",27.2
"2018-09-28",26.15
"2018-09-29",24.15
"2018-09-30",22.8
"2018-10-01",22.9
"2018-10-02",23.85
"2018-10-03",25.45
"2018-10-04",25.95
"2018-10-05",27.25
"2018-10-06",25
"2018-10-07",25.9
"2018-10-08",25.6
"2018-10-09",25.55
"2018-10-10",26.2
"2018-10-11",22.4
"2018-10-12",18.15
"2018-10-13",18.55
"2018-10-14",20.55
"2018-10-15",24.4
"2018-10-16",24.5
"2018-10-17",18.25
"2018-10-18",14.35
"2018-10-19",17.05
"2018-10-20",16.7
"2018-10-21",10.35
"2018-10-22",12.5
"2018-10-23",15.65
"2018-10-24",11.7
"2018-10-25",10.4
"2018-10-26",15.55
"2018-10-27",12.85
"2018-10-28",14.35
"2018-10-29",13.15
"2018-10-30",11.6
"2018-10-31",15.85
"2018-11-01",20.05
"2018-11-02",19.1
"2018-11-03",13.7
"2018-11-04",16.75
"2018-11-05",20.65
"2018-11-06",21.45
"2018-11-07",19.7
"2018-11-08",16.15
"2018-11-09",17.75
"2018-11-10",10.25
"2018-11-11",9.55
"2018-11-12",16.75
"2018-11-13",15.75
"2018-11-14",10.8
"2018-11-15",14.5
"2018-11-16",8.6
"2018-11-17",10.8
"2018-11-18",13.3
"2018-11-19",12.6
"2018-11-20",11.5
"2018-11-21",9.95
"2018-11-22",6.75
"2018-11-23",8.35
"2018-11-24",13.05
"2018-11-25",11.4
"2018-11-26",12.05
"2018-11-27",4.9
"2018-11-28",2.3
"2018-11-29",5.35
"2018-11-30",14.65
"2018-12-01",16.05
"2018-12-02",18.6
"2018-12-03",13.75
"2018-12-04",8.1
"2018-12-05",4.4
"2018-12-06",4.6
"2018-12-07",7.1
"2018-12-08",5.9
"2018-12-09",8.6
"2018-12-10",4.45
"2018-12-11",4.45
"2018-12-12",5.65
"2018-12-13",8.1
"2018-12-14",14.95
"2018-12-15",14.8
"2018-12-16",10.8
"2018-12-17",10.9
"2018-12-18",6.9
"2018-12-19",9
"2018-12-20",17.15
"2018-12-21",14.4
"2018-12-22",8.25
"2018-12-23",8.1
"2018-12-24",6.55
"2018-12-25",6.65
"2018-12-26",7.45
"2018-12-27",13.6
"2018-12-28",18.35
"2018-12-29",16
"2018-12-30",13.25
"2018-12-31",7.95
"2019-01-01",17.55
"2019-01-02",13.15
"2019-01-03",13.6
"2019-01-04",14.7
"2019-01-05",10.8
"2019-01-06",13
"2019-01-07",12
"2019-01-08",16.55
"2019-01-09",7
"2019-01-10",1.45
"2019-01-11",2.3
"2019-01-12",5.4
"2019-01-13",7.15
"2019-01-14",1.5
"2019-01-15",2.5
"2019-01-16",5.45
"2019-01-17",6.4
"2019-01-18",9
"2019-01-19",12.25
"2019-01-20",6.15
"2019-01-21",-2.6
"2019-01-22",1
"2019-01-23",13.1
"2019-01-24",10.5
"2019-01-25",4.25
"2019-01-26",5.2
"2019-01-27",5.15
"2019-01-28",2.7
"2019-01-29",7
"2019-01-30",3.3
"2019-01-31",1.3
"2019-02-01",7.1
"2019-02-02",8.95
"2019-02-03",11
"2019-02-04",11.85
"2019-02-05",14.5
"2019-02-06",15.55
"2019-02-07",20
"2019-02-08",15.85
"2019-02-09",5.05
"2019-02-10",7.55
"2019-02-11",9.7
"2019-02-12",15.1
"2019-02-13",8.4
"2019-02-14",9.65
"2019-02-15",16.9
"2019-02-16",9.2
"2019-02-17",10.35
"2019-02-18",12.75
"2019-02-19",5.3
"2019-02-20",11.6
"2019-02-21",16.65
"2019-02-22",9.7
"2019-02-23",11.1
"2019-02-24",14.55
"2019-02-25",9.6
"2019-02-26",11.1
"2019-02-27",15.8
"2019-02-28",12.95
"2019-03-01",13.6
"2019-03-02",11.6
"2019-03-03",13.85
"2019-03-04",5.85
"2019-03-05",2.6
"2019-03-06",2.15
"2019-03-07",6.65
"2019-03-08",10.5
"2019-03-09",13.1
"2019-03-10",19.45
"2019-03-11",15.25
"2019-03-12",9.5
"2019-03-13",11.05
"2019-03-14",17.15
"2019-03-15",18.85
"2019-03-16",9.25
"2019-03-17",8.95
"2019-03-18",11.15
"2019-03-19",9.35
"2019-03-20",11.25
"2019-03-21",11
"2019-03-22",9.9
"2019-03-23",9.35
"2019-03-24",13.5
"2019-03-25",15.8
"2019-03-26",8.95
"2019-03-27",10.1
"2019-03-28",12.05
"2019-03-29",15.4
"2019-03-30",17.65
"2019-03-31",14.55
"2019-04-01",8
"2019-04-02",7.2
"2019-04-03",12.2
"2019-04-04",16.6
"2019-04-05",16.85
"2019-04-06",15.85
"2019-04-07",17.6
"2019-04-08",22.5
"2019-04-09",20.6
"2019-04-10",16.65
"2019-04-11",20.45
"2019-04-12",21.95
"2019-04-13",21.3
"2019-04-14",21.95
"2019-04-15",16.05
"2019-04-16",13.95
"2019-04-17",19.75
"2019-04-18",21.85
"2019-04-19",20.1
"2019-04-20",14.95
"2019-04-21",13.9
"2019-04-22",17.2
"2019-04-23",20.85
"2019-04-24",22.1
"2019-04-25",23.55
"2019-04-26",18.75
"2019-04-27",19.4
"2019-04-28",20
"2019-04-29",18.95
"2019-04-30",21.05
"2019-05-01",22.1
"2019-05-02",21.4
"2019-05-03",22.2
"2019-05-04",24.4
"2019-05-05",22
"2019-05-06",18.25
"2019-05-07",19.6
"2019-05-08",21.25
"2019-05-09",21.5
"2019-05-10",23.15
"2019-05-11",24.55
"2019-05-12",22.85
"2019-05-13",21.05
"2019-05-14",16.45
"2019-05-15",16.75
"2019-05-16",22.25
"2019-05-17",24.15
"2019-05-18",25.95
"2019-05-19",24.8
"2019-05-20",24.9
"2019-05-21",24.05
"2019-05-22",20.7
"2019-05-23",24.45
"2019-05-24",27.4
"2019-05-25",26.3
"2019-05-26",26.6
"2019-05-27",27.6
"2019-05-28",27.5
"2019-05-29",28.5
"2019-05-30",28.95
"2019-05-31",25.6
"2019-06-01",21.85
"2019-06-02",23.85
"2019-06-03",22.75
"2019-06-04",23.3
"2019-06-05",25.6
"2019-06-06",26.9
"2019-06-07",25.5
"2019-06-08",24.15
"2019-06-09",25.7
"2019-06-10",26.15
"2019-06-11",22.05
"2019-06-12",21.15
"2019-06-13",22.85
"2019-06-14",19.15
"2019-06-15",22.1
"2019-06-16",26
"2019-06-17",27.35
"2019-06-18",26.7
"2019-06-19",27.6
"2019-06-20",27.55
"2019-06-21",24.4
"2019-06-22",25.45
"2019-06-23",23.35
"2019-06-24",27.95
"2019-06-25",27.55
"2019-06-26",27.1
"2019-06-27",26.5
"2019-06-28",26.45
"2019-06-29",27.45
"2019-06-30",29.55
"2019-07-01",26.9
"2019-07-02",29.1
"2019-07-03",28.05
"2019-07-04",27.7
"2019-07-05",26.9
"2019-07-06",27.75
"2019-07-07",28.2
"2019-07-08",27.3
"2019-07-09",26.6
"2019-07-10",27.2
"2019-07-11",26.45
"2019-07-12",26.55
"2019-07-13",27.65
"2019-07-14",28.1
"2019-07-15",29.05
"2019-07-16",29.55
"2019-07-17",30
"2019-07-18",29.05
"2019-07-19",29.05
"2019-07-20",29.25
"2019-07-21",30.15
"2019-07-22",29.7
"2019-07-23",25.75
"2019-07-24",23.6
"2019-07-25",25.9
"2019-07-26",25.45
"2019-07-27",24.2
"2019-07-28",24.5
"2019-07-29",24.95
"2019-07-30",26.75
"2019-07-31",26.9
"2019-08-01",27.25
"2019-08-02",25.95
"2019-08-03",24.75
"2019-08-04",26.9
"2019-08-05",25.5
"2019-08-06",26.3
"2019-08-07",27.2
"2019-08-08",26.95
"2019-08-09",28.9
"2019-08-10",27.1
"2019-08-11",26.9
"2019-08-12",26.55
"2019-08-13",28.95
"2019-08-14",29.1
"2019-08-15",27.55
"2019-08-16",25.75
"2019-08-17",25.9
"2019-08-18",27.55
"2019-08-19",27.65
"2019-08-20",28.5
"2019-08-21",28.35
"2019-08-22",28.75
"2019-08-23",27.65
"2019-08-24",23.5
"2019-08-25",23.3
"2019-08-26",24.95
"2019-08-27",25.65
"2019-08-28",26.65
"2019-08-29",24.9
"2019-08-30",24.9
"2019-08-31",26.4
"2019-09-01",25.65
"2019-09-02",24.95
"2019-09-03",27
"2019-09-04",26.65
"2019-09-05",25.2
"2019-09-06",24.15
"2019-09-07",27
"2019-09-08",26.95
"2019-09-09",25.6
"2019-09-10",25.05
"2019-09-11",24.75
"2019-09-12",26
"2019-09-13",25.7
"2019-09-14",25.7
"2019-09-15",26.45
"2019-09-16",25.85
"2019-09-17",23.65
"2019-09-18",20.6
"2019-09-19",19.95
"2019-09-20",19.65
"2019-09-21",20.9
"2019-09-22",21.2
"2019-09-23",23.55
"2019-09-24",23.65
"2019-09-25",24.2
"2019-09-26",26.35
"2019-09-27",25.9
"2019-09-28",26.6
"2019-09-29",27.75
"2019-09-30",24.6
"2019-10-01",23.5
"2019-10-02",26.2
"2019-10-03",28.7
"2019-10-04",25.8
"2019-10-05",20.85
"2019-10-06",22.85
"2019-10-07",23.85
"2019-10-08",20.35
"2019-10-09",18.1
"2019-10-10",15.9
"2019-10-11",17.5
"2019-10-12",20.65
"2019-10-13",22.5
"2019-10-14",19.9
"2019-10-15",20.6
"2019-10-16",16.4
"2019-10-17",12.95
"2019-10-18",13.1
"2019-10-19",16.95
"2019-10-20",21
"2019-10-21",17.3
"2019-10-22",20.35
"2019-10-23",17.05
"2019-10-24",18.45
"2019-10-25",19.95
"2019-10-26",21.5
"2019-10-27",23.75
"2019-10-28",20.55
"2019-10-29",22.15
"2019-10-30",22.7
"2019-10-31",17.55
"2019-11-01",11.9
"2019-11-02",12.2
"2019-11-03",10.3
"2019-11-04",14.9
"2019-11-05",17.9
"2019-11-06",14.4
"2019-11-07",17
"2019-11-08",6.9
"2019-11-09",7.45
"2019-11-10",10
"2019-11-11",13
"2019-11-12",9.65
"2019-11-13",2.55
"2019-11-14",7.75
"2019-11-15",9.95
"2019-11-16",10
"2019-11-17",9.4
"2019-11-18",7.75
"2019-11-19",7.7
"2019-11-20",8.85
"2019-11-21",8.9
"2019-11-22",13.95
"2019-11-23",14.4
"2019-11-24",8.35
"2019-11-25",10.2
"2019-11-26",13.2
"2019-11-27",15.25
"2019-11-28",9.7
"2019-11-29",7.9
"2019-11-30",10.05
"2019-12-01",14.4
"2019-12-02",7.2
"2019-12-03",7.75
"2019-12-04",9.1
"2019-12-05",7.25
"2019-12-06",9.85
"2019-12-07",8.6
"2019-12-08",11.35
"2019-12-09",16.8
"2019-12-10",17.05
"2019-12-11",6.45
"2019-12-12",7.45
"2019-12-13",13.95
"2019-12-14",11.25
"2019-12-15",10.15
"2019-12-16",13.75
"2019-12-17",14.05
"2019-12-18",4.95
"2019-12-19",1.85
"2019-12-20",5.15
"2019-12-21",6.1
"2019-12-22",8.2
"2019-12-23",12.1
"2019-12-24",13.1
"2019-12-25",12.8
"2019-12-26",15.25
"2019-12-27",16.35
"2019-12-28",17.2
"2019-12-29",19.85
"2019-12-30",15.9
"2019-12-31",7.95
"2020-01-01",8.2
"2020-01-02",11.55
"2020-01-03",20.9
"2020-01-04",12.4
"2020-01-05",6.4
"2020-01-06",8.3
"2020-01-07",9.3
"2020-01-08",8.55
"2020-01-09",9.3
"2020-01-10",16.35
"2020-01-11",19.55
"2020-01-12",19.15
"2020-01-13",18.4
"2020-01-14",18.75
"2020-01-15",15.4
"2020-01-16",12
"2020-01-17",4.55
"2020-01-18",9.75
"2020-01-19",8
"2020-01-20",1.05
"2020-01-21",1.7
"2020-01-22",5.35
"2020-01-23",9.35
"2020-01-24",14.25
"2020-01-25",9.95
"2020-01-26",7.05
"2020-01-27",9.45
"2020-01-28",5.8
"2020-01-29",6.15
"2020-01-30",7.55
"2020-01-31",8.55
"2020-02-01",7
"2020-02-02",10.3
"2020-02-03",17.6
"2020-02-04",17.95
"2020-02-05",18.7
"2020-02-06",18.95
"2020-02-07",9.2
"2020-02-08",5.6
"2020-02-09",7.2
"2020-02-10",13.45
"2020-02-11",17.55
"2020-02-12",16.15
"2020-02-13",17.7
"2020-02-14",7.25
"2020-02-15",4.6
"2020-02-16",9.45
"2020-02-17",12.05
"2020-02-18",14
"2020-02-19",12.2
"2020-02-20",4.85
"2020-02-21",0.1
"2020-02-22",4.55
"2020-02-23",8.25
"2020-02-24",11.2
"2020-02-25",16.85
"2020-02-26",13.45
"2020-02-27",5.85
"2020-02-28",6.85
"2020-02-29",5.1
"2020-03-01",6.3
"2020-03-02",12.9
"2020-03-03",16.85
"2020-03-04",13.35
"2020-03-05",9.75
"2020-03-06",10.35
"2020-03-07",6.3
"2020-03-08",7.9
"2020-03-09",13.5
"2020-03-10",17.1
"2020-03-11",17.2
"2020-03-12",18.6
"2020-03-13",19
"2020-03-14",14.5
"2020-03-15",9.15
"2020-03-16",13.15
"2020-03-17",12.3
"2020-03-18",16.9
"2020-03-19",21.65
"2020-03-20",21.35
"2020-03-21",17.2
"2020-03-22",11.75
"2020-03-23",13.7
"2020-03-24",14.05
"2020-03-25",12.9
"2020-03-26",13.3
"2020-03-27",21.15
"2020-03-28",22.45
"2020-03-29",22.35
"2020-03-30",19.35
"2020-03-31",11.9
"2020-04-01",8.2
"2020-04-02",12.1
"2020-04-03",13.5
"2020-04-04",13.2
"2020-04-05",14
"2020-04-06",17.85
"2020-04-07",20.95
"2020-04-08",22.2
"2020-04-09",18.9
"2020-04-10",10.1
"2020-04-11",12.8
"2020-04-12",19.7
"2020-04-13",18.45
"2020-04-14",14.7
"2020-04-15",7.05
"2020-04-16",12.25
"2020-04-17",16.65
"2020-04-18",15.6
"2020-04-19",17.35
"2020-04-20",11.5
"2020-04-21",16.25
"2020-04-22",14
"2020-04-23",17.65
"2020-04-24",18.6
"2020-04-25",16.25
"2020-04-26",17.45
"2020-04-27",12.6
"2020-04-28",18.05
"2020-04-29",21.3
"2020-04-30",17.25
"2020-05-01",14.6
"2020-05-02",17.35
"2020-05-03",23.45
"2020-05-04",20.9
"2020-05-05",18.05
"2020-05-06",15.8
"2020-05-07",13.25
"2020-05-08",14.9
"2020-05-09",11.3
"2020-05-10",15.1
"2020-05-11",15.5
"2020-05-12",13.05
"2020-05-13",16.3
"2020-05-14",19.65
"2020-05-15",20.8
"2020-05-16",22.95
"2020-05-17",23.2
"2020-05-18",21
"2020-05-19",17.2
"2020-05-20",19.75
"2020-05-21",21
"2020-05-22",22.75
"2020-05-23",24
"2020-05-24",21.85
"2020-05-25",20.5
"2020-05-26",20.9
"2020-05-27",24.6
"2020-05-28",24.75
"2020-05-29",24.4
"2020-05-30",24.2
"2020-05-31",19.85
"2020-06-01",18.95
"2020-06-02",23.55
"2020-06-03",25.65
"2020-06-04",25.95
"2020-06-05",25.1
"2020-06-06",26.6
"2020-06-07",24.65
"2020-06-08",25.2
"2020-06-09",26.15
"2020-06-10",25.55
"2020-06-11",25.05
"2020-06-12",20.95
"2020-06-13",19.65
"2020-06-14",19.9
"2020-06-15",19.45
"2020-06-16",21
"2020-06-17",20.65
"2020-06-18",22.7
"2020-06-19",24
"2020-06-20",23.75
"2020-06-21",25.7
"2020-06-22",27.2
"2020-06-23",26.75
"2020-06-24",26.6
"2020-06-25",23.75
"2020-06-26",26.55
"2020-06-27",27
"2020-06-28",27.75
"2020-06-29",27.1
"2020-06-30",26.4
"2020-07-01",25.4
"2020-07-02",25.9
"2020-07-03",28.1
"2020-07-04",29.05
"2020-07-05",26.65
"2020-07-06",26.6
"2020-07-07",26.15
"2020-07-08",26
"2020-07-09",26.65
"2020-07-10",27.55
"2020-07-11",27.95
"2020-07-12",28.45
"2020-07-13",26.1
"2020-07-14",28.3
"2020-07-15",27.5
"2020-07-16",26.95
"2020-07-17",28.15
"2020-07-18",29.1
"2020-07-19",29.85
"2020-07-20",29.55
"2020-07-21",29.15
"2020-07-22",29.5
"2020-07-23",28.1
"2020-07-24",27.65
"2020-07-25",28.3
"2020-07-26",28.65
"2020-07-27",29.55
"2020-07-28",29.1
"2020-07-29",26
"2020-07-30",28.6
"2020-07-31",28.9
"2020-08-01",28.9
"2020-08-02",28.65
"2020-08-03",27.25
"2020-08-04",27.3
"2020-08-05",27.8
"2020-08-06",26.55
"2020-08-07",26.55
"2020-08-08",27.15
"2020-08-09",27.3
"2020-08-10",27.45
"2020-08-11",27.25
"2020-08-12",27.7
"2020-08-13",26.2
"2020-08-14",26.7
"2020-08-15",26.15
"2020-08-16",25
"2020-08-17",26.1
"2020-08-18",26.75
"2020-08-19",24.45
"2020-08-20",25.9
"2020-08-21",25.75
"2020-08-22",27
"2020-08-23",26.1
"2020-08-24",27.15
"2020-08-25",27.65
"2020-08-26",27.1
"2020-08-27",28.4
"2020-08-28",29.65
"2020-08-29",27.7
"2020-08-30",27.35
"2020-08-31",26.9
"2020-09-01",28.1
"2020-09-02",29.6
"2020-09-03",29.45
"2020-09-04",28.6
"2020-09-05",26.05
"2020-09-06",25.2
"2020-09-07",25.9
"2020-09-08",25.6
"2020-09-09",27.1
"2020-09-10",25.45
"2020-09-11",26.6
"2020-09-12",23.7
"2020-09-13",25.7
"2020-09-14",24.75
"2020-09-15",22.75
"2020-09-16",24.25
"2020-09-17",24
"2020-09-18",21.65
"2020-09-19",18.05
"2020-09-20",18.1
"2020-09-21",16.5
"2020-09-22",15.35
"2020-09-23",17.3
"2020-09-24",20.85
"2020-09-25",22.9
"2020-09-26",24
"2020-09-27",22.45
"2020-09-28",24.15
"2020-09-29",21.4
"2020-09-30",17.2
"2020-10-01",19.55
"2020-10-02",18.15
"2020-10-03",17.75
"2020-10-04",15.5
"2020-10-05",18.2
"2020-10-06",19
"2020-10-07",21.75
"2020-10-08",22.45
"2020-10-09",20.5
"2020-10-10",23.45
"2020-10-11",21.65
"2020-10-12",24.25
"2020-10-13",21.15
"2020-10-14",17.95
"2020-10-15",21.55
"2020-10-16",19.4
"2020-10-17",14.8
"2020-10-18",18.9
"2020-10-19",20.85
"2020-10-20",22.25
"2020-10-21",22.95
"2020-10-22",22.75
"2020-10-23",20.8
"2020-10-24",21.75
"2020-10-25",18.05
"2020-10-26",17.65
"2020-10-27",18.4
"2020-10-28",20.2
"2020-10-29",23.05
"2020-10-30",15.3
"2020-10-31",14.6
"2020-11-01",14.3
"2020-11-02",6.9
"2020-11-03",10.85
"2020-11-04",14.45
"2020-11-05",18.55
"2020-11-06",18.6
"2020-11-07",19.8
"2020-11-08",20.5
"2020-11-09",20.1
"2020-11-10",21.45
"2020-11-11",23.55
"2020-11-12",20.05
"2020-11-13",13.85
"2020-11-14",15.55
"2020-11-15",17.8
"2020-11-16",10.85
"2020-11-17",10.9
"2020-11-18",5.8
"2020-11-19",9.25
"2020-11-20",14.05
"2020-11-21",15.15
"2020-11-22",16.85
"2020-11-23",11.9
"2020-11-24",8.8
"2020-11-25",13.95
"2020-11-26",19.3
"2020-11-27",16.45
"2020-11-28",12.05
"2020-11-29",14.3
"2020-11-30",14.65
"2020-12-01",5.3
"2020-12-02",4.35
"2020-12-03",7.1
"2020-12-04",13.4
"2020-12-05",8.35
"2020-12-06",7.4
"2020-12-07",5.8
"2020-12-08",3.4
"2020-12-09",6.35
"2020-12-10",9.25
"2020-12-11",15.4
"2020-12-12",16.3
"2020-12-13",16.65
"2020-12-14",12.25
"2020-12-15",6.8
"2020-12-16",11.45
"2020-12-17",6.1
"2020-12-18",3.8
"2020-12-19",5.05
"2020-12-20",9.05
"2020-12-21",8.35
"2020-12-22",7.7
"2020-12-23",10.3
"2020-12-24",14.8
"2020-12-25",1.7
"2020-12-26",1.45
"2020-12-27",5.2
"2020-12-28",10.75
"2020-12-29",7.35
"2020-12-30",10.45
"2020-12-31",15.9
"2021-01-01",15.5
"2021-01-02",17.45
"2021-01-03",13.2
"2021-01-04",5.5
"2021-01-05",6.25
"2021-01-06",4.4
"2021-01-07",4.9
"2021-01-08",6.45
"2021-01-09",4.2
"2021-01-10",4.55
"2021-01-11",5.95
"2021-01-12",4.95
"2021-01-13",7.3
"2021-01-14",6
"2021-01-15",8.2
"2021-01-16",5.35
"2021-01-17",5.3
"2021-01-18",5.75
"2021-01-19",7
"2021-01-20",7.15
"2021-01-21",10.05
"2021-01-22",7.7
"2021-01-23",3.75
"2021-01-24",3.85
"2021-01-25",7.25
"2021-01-26",12
"2021-01-27",6.45
"2021-01-28",0.95
"2021-01-29",-0.05
"2021-01-30",1.2
"2021-01-31",9.3
"2021-02-01",3.3
"2021-02-02",3.95
"2021-02-03",4.75
"2021-02-04",6.3
"2021-02-05",11.35
"2021-02-06",8.8
"2021-02-07",4.85
"2021-02-08",7.15
"2021-02-09",13.25
"2021-02-10",10.25
"2021-02-11",10.55
"2021-02-12",6.25
"2021-02-13",6.5
"2021-02-14",5.6
"2021-02-15",12.85
"2021-02-16",12.3
"2021-02-17",6.9
"2021-02-18",5.6
"2021-02-19",2.6
"2021-02-20",3.4
"2021-02-21",4.1
"2021-02-22",11.35
"2021-02-23",10.75
"2021-02-24",13.2
"2021-02-25",17.1
"2021-02-26",7
"2021-02-27",6.1
"2021-02-28",9.45
"2021-03-01",12.75
"2021-03-02",8.5
"2021-03-03",9.95
"2021-03-04",12.05
"2021-03-05",6.05
"2021-03-06",4.9
"2021-03-07",4.9
"2021-03-08",6.15
"2021-03-09",10.5
"2021-03-10",14.25
"2021-03-11",16.85
"2021-03-12",19.9
"2021-03-13",14.7
"2021-03-14",16.2
"2021-03-15",9.55
"2021-03-16",9.8
"2021-03-17",11.65
"2021-03-18",17.45
"2021-03-19",7.95
"2021-03-20",9.65
"2021-03-21",13.65
"2021-03-22",15.1
"2021-03-23",17.7
"2021-03-24",17.4
"2021-03-25",20.1
"2021-03-26",18.85
"2021-03-27",21.8
"2021-03-28",17.65
"2021-03-29",12.85
"2021-03-30",18.4
"2021-03-31",18.75
"2021-04-01",7.35
"2021-04-02",2.65
"2021-04-03",7.55
"2021-04-04",14.4
"2021-04-05",16.5
"2021-04-06",19
"2021-04-07",20.25
"2021-04-08",20
"2021-04-09",20.95
"2021-04-10",21.8
"2021-04-11",19.55
"2021-04-12",18.65
"2021-04-13",14.55
"2021-04-14",18.1
"2021-04-15",16.4
"2021-04-16",14.6
"2021-04-17",14.6
"2021-04-18",17.35
"2021-04-19",14.35
"2021-04-20",15.75
"2021-04-21",14.05
"2021-04-22",8.25
"2021-04-23",12.6
"2021-04-24",15.3
"2021-04-25",13.8
"2021-04-26",15.85
"2021-04-27",19.85
"2021-04-28",22.25
"2021-04-29",23.55
"2021-04-30",19.8
"2021-05-01",15.8
"2021-05-02",20.6
"2021-05-03",23.25
"2021-05-04",25.55
"2021-05-05",22.8
"2021-05-06",16.2
"2021-05-07",13.45
"2021-05-08",17.2
"2021-05-09",21.6
"2021-05-10",21.45
"2021-05-11",16.85
"2021-05-12",11.1
"2021-05-13",15.2
"2021-05-14",14.65
"2021-05-15",16.35
"2021-05-16",18.25
"2021-05-17",20.3
"2021-05-18",20
"2021-05-19",19.05
"2021-05-20",21.65
"2021-05-21",19.95
"2021-05-22",22.45
"2021-05-23",24.65
"2021-05-24",26.75
"2021-05-25",24.65
"2021-05-26",25.4
"2021-05-27",25.8
"2021-05-28",26.7
"2021-05-29",21.85
"2021-05-30",14.5
"2021-05-31",18.1
"2021-06-01",22.55
"2021-06-02",24.1
"2021-06-03",23.7
"2021-06-04",23.5
"2021-06-05",25.2
"2021-06-06",25.4
"2021-06-07",25.9
"2021-06-08",26.35
"2021-06-09",25.6
"2021-06-10",25
"2021-06-11",26.7
"2021-06-12",24.25
"2021-06-13",24.25
"2021-06-14",26.7
"2021-06-15",24.25
"2021-06-16",23.85
"2021-06-17",23.4
"2021-06-18",25.2
"2021-06-19",26.85
"2021-06-20",25.25
"2021-06-21",27.25
"2021-06-22",23.9
"2021-06-23",20.4
"2021-06-24",23
"2021-06-25",24.75
"2021-06-26",25.65
"2021-06-27",26.05
"2021-06-28",26.4
"2021-06-29",26.5
"2021-06-30",26.55
"2021-07-01",27.25
"2021-07-02",24.05
"2021-07-03",21.85
"2021-07-04",23.55
"2021-07-05",24.15
"2021-07-06",24.1
"2021-07-07",27.35
"2021-07-08",25.6
"2021-07-09",26.35
"2021-07-10",27
"2021-07-11",27.2
"2021-07-12",26.8
"2021-07-13",26.6
"2021-07-14",27.1
"2021-07-15",27.5
"2021-07-16",27.45
"2021-07-17",27.85
"2021-07-18",26.1
"2021-07-19",24.2
"2021-07-20",24.75
"2021-07-21",26.05
"2021-07-22",25.45
"2021-07-23",23.55
"2021-07-24",23.5
"2021-07-25",25.55
"2021-07-26",26.45
"2021-07-27",27.6
"2021-07-28",24.8
"2021-07-29",28
"2021-07-30",29.25
"2021-07-31",27.1
"2021-08-01",26.6
"2021-08-02",25.9
"2021-08-03",23.55
"2021-08-04",22.25
"2021-08-05",24.35
"2021-08-06",25.7
"2021-08-07",24.05
"2021-08-08",25.05
"2021-08-09",26.05
"2021-08-10",27.35
"2021-08-11",28.35
"2021-08-12",28.25
"2021-08-13",27.95
"2021-08-14",28
"2021-08-15",27.55
"2021-08-16",27.35
"2021-08-17",27.85
"2021-08-18",28.05
"2021-08-19",28.65
"2021-08-20",26.75
"2021-08-21",25.8
"2021-08-22",25.95
"2021-08-23",26.8
"2021-08-24",26.8
"2021-08-25",26.75
"2021-08-26",25.85
"2021-08-27",26.3
"2021-08-28",27.55
"2021-08-29",28.6
"2021-08-30",28.25
"2021-08-31",27.3
"2021-09-01",25.25
"2021-09-02",20.15
"2021-09-03",20.95
"2021-09-04",20.6
"2021-09-05",22.8
"2021-09-06",25.6
"2021-09-07",24.55
"2021-09-08",25.6
"2021-09-09",22.05
"2021-09-10",19.85
"2021-09-11",20
"2021-09-12",22.55
"2021-09-13",23.9
"2021-09-14",24.65
"2021-09-15",24.8
"2021-09-16",25.25
"2021-09-17",24.9
"2021-09-18",24.2
"2021-09-19",25.3
"2021-09-20",24.95
"2021-09-21",26.2
"2021-09-22",25.05
"2021-09-23",20.45
"2021-09-24",19.35
"2021-09-25",18.8
"2021-09-26",17.85
"2021-09-27",20.55
"2021-09-28",24.1
"2021-09-29",23.25
"2021-09-30",20.8
"2021-10-01",21.2
"2021-10-02",21.75
"2021-10-03",23.3
"2021-10-04",23.95
"2021-10-05",26.3
"2021-10-06",26.05
"2021-10-07",23.85
"2021-10-08",25.15
"2021-10-09",23.25
"2021-10-10",23.9
"2021-10-11",21.8
"2021-10-12",22
"2021-10-13",21.1
"2021-10-14",22.75
"2021-10-15",22.05
"2021-10-16",21.85
"2021-10-17",15.1
"2021-10-18",16.05
"2021-10-19",17.35
"2021-10-20",19.7
"2021-10-21",21.2
"2021-10-22",22.8
"2021-10-23",18.95
"2021-10-24",21.2
"2021-10-25",21
"2021-10-26",16.05
"2021-10-27",15.95
"2021-10-28",17.6
"2021-10-29",16.95
"2021-10-30",14.7
"2021-10-31",14.35
"2021-11-01",13.9
"2021-11-02",14.8
"2021-11-03",11.65
"2021-11-04",8.85
"2021-11-05",8.5
"2021-11-06",13.05
"2021-11-07",9.8
"2021-11-08",11.9
"2021-11-09",13.65
"2021-11-10",13.7
"2021-11-11",15.2
"2021-11-12",14.25
"2021-11-13",12.35
"2021-11-14",10.85
"2021-11-15",7.6
"2021-11-16",9.55
"2021-11-17",13.95
"2021-11-18",17.05
"2021-11-19",8
"2021-11-20",9.7
"2021-11-21",14.15
"2021-11-22",10.2
"2021-11-23",2.3
"2021-11-24",3.3
"2021-11-25",6.75
"2021-11-26",7.2
"2021-11-27",5.05
"2021-11-28",10.95
"2021-11-29",3.6
"2021-11-30",6.35
"2021-12-01",10.65
"2021-12-02",15
"2021-12-03",14.25
"2021-12-04",15.45
"2021-12-05",13.8
"2021-12-06",16.45
"2021-12-07",10
"2021-12-08",6.05
"2021-12-09",5.95
"2021-12-10",14.95
"2021-12-11",17.55
"2021-12-12",6.5
"2021-12-13",8.75
"2021-12-14",9.6
"2021-12-15",12.75
"2021-12-16",14.8
"2021-12-17",18.6
"2021-12-18",19.6
"2021-12-19",10.45
"2021-12-20",5.85
"2021-12-21",9.2
"2021-12-22",7.65
"2021-12-23",4.9
"2021-12-24",9.35
"2021-12-25",17.55
"2021-12-26",15.9
"2021-12-27",16.75
"2021-12-28",19.25
"2021-12-29",21.55
"2021-12-30",20
"2021-12-31",18.75
"2022-01-01",21.05
"2022-01-02",19.25
"2022-01-03",10.8
"2022-01-04",5.95
"2022-01-05",12.2
"2022-01-06",10.85
"2022-01-07",3.95
"2022-01-08",2.8
"2022-01-09",12.25
"2022-01-10",5
"2022-01-11",0.6
"2022-01-12",4
"2022-01-13",6.45
"2022-01-14",6.8
"2022-01-15",3.95
"2022-01-16",9.7
"2022-01-17",4.2
"2022-01-18",3.75
"2022-01-19",6.6
"2022-01-20",9.25
"2022-01-21",-1.1
"2022-01-22",-2.5
"2022-01-23",0.95
"2022-01-24",5.1
"2022-01-25",7
"2022-01-26",1.85
"2022-01-27",3.2
"2022-01-28",4.15
"2022-01-29",-1.15
"2022-01-30",0.6
"2022-01-31",5.95
"2022-02-01",6.95
"2022-02-02",9.45
"2022-02-03",16.9
"2022-02-04",14
"2022-02-05",4.3
"2022-02-06",5.55
"2022-02-07",8.25
"2022-02-08",4.05
"2022-02-09",7.4
"2022-02-10",10.3
"2022-02-11",11.15
"2022-02-12",13.05
"2022-02-13",5.8
"2022-02-14",3.85
"2022-02-15",4.9
"2022-02-16",11.6
"2022-02-17",15.3
"2022-02-18",12.3
"2022-02-19",8
"2022-02-20",6.6
"2022-02-21",12.8
"2022-02-22",18
"2022-02-23",18.1
"2022-02-24",12.85
"2022-02-25",16.2
"2022-02-26",6.7
"2022-02-27",5.7
"2022-02-28",9
"2022-03-01",11.95
"2022-03-02",13.8
"2022-03-03",14.9
"2022-03-04",10.2
"2022-03-05",15.45
"2022-03-06",20.45
"2022-03-07",20.6
"2022-03-08",14
"2022-03-09",14.2
"2022-03-10",8.5
"2022-03-11",13.7
"2022-03-12",9.15
"2022-03-13",2.8
"2022-03-14",9.1
"2022-03-15",13.25
"2022-03-16",16.95
"2022-03-17",15.55
"2022-03-18",17.25
"2022-03-19",19.8
"2022-03-20",11.1
"2022-03-21",11.45
"2022-03-22",15
"2022-03-23",19.05
"2022-03-24",15.4
"2022-03-25",14.05
"2022-03-26",10.2
"2022-03-27",7.85
"2022-03-28",7.05
"2022-03-29",7
"2022-03-30",14
"2022-03-31",19.35
"2022-04-01",14.7
"2022-04-02",12.2
"2022-04-03",14.55
"2022-04-04",13.45
"2022-04-05",19.35
"2022-04-06",21.6
"2022-04-07",17.2
"2022-04-08",15.5
"2022-04-09",10.65
"2022-04-10",10.85
"2022-04-11",18.8
"2022-04-12",20.8
"2022-04-13",21.6
"2022-04-14",20.1
"2022-04-15",15.25
"2022-04-16",18.7
"2022-04-17",16.8
"2022-04-18",12.35
"2022-04-19",9.15
"2022-04-20",11.35
"2022-04-21",15.55
"2022-04-22",18.5
"2022-04-23",19.2
"2022-04-24",19.85
"2022-04-25",20.75
"2022-04-26",19.7
"2022-04-27",14.95
"2022-04-28",13.3
"2022-04-29",15.1
"2022-04-30",18.4
"2022-05-01",21.8
"2022-05-02",22.9
"2022-05-03",24.05
"2022-05-04",23.6
"2022-05-05",20.35
"2022-05-06",23.05
"2022-05-07",18.55
"2022-05-08",11.05
"2022-05-09",14.95
"2022-05-10",15.35
"2022-05-11",16.55
"2022-05-12",19.05
"2022-05-13",20.8
"2022-05-14",20.85
"2022-05-15",23.3
"2022-05-16",22.7
"2022-05-17",21.35
"2022-05-18",23.25
"2022-05-19",25.6
"2022-05-20",26.6
"2022-05-21",25.8
"2022-05-22",24.5
"2022-05-23",24.4
"2022-05-24",22.15
"2022-05-25",18.65
"2022-05-26",21.65
"2022-05-27",24.3
"2022-05-28",23.5
"2022-05-29",23.6
"2022-05-30",23.95
"2022-05-31",25.7
"2022-06-01",27.45
"2022-06-02",27.2
"2022-06-03",25.9
"2022-06-04",23.2
"2022-06-05",22.2
"2022-06-06",22.8
"2022-06-07",24.2
"2022-06-08",26.35
"2022-06-09",25.35
"2022-06-10",22.6
"2022-06-11",24.8
"2022-06-12",26.35
"2022-06-13",28.05
"2022-06-14",28.05
"2022-06-15",25.45
"2022-06-16",25.05
"2022-06-17",27.55
"2022-06-18",24.45
"2022-06-19",19.5
"2022-06-20",21.9
"2022-06-21",23.65
"2022-06-22",25.75
"2022-06-23",24.2
"2022-06-24",22.75
"2022-06-25",23.65
"2022-06-26",24.25
"2022-06-27",26.35
"2022-06-28",25.25
"2022-06-29",23.6
"2022-06-30",25.9
"2022-07-01",25
"2022-07-02",26.3
"2022-07-03",27.65
"2022-07-04",26.6
"2022-07-05",28.15
"2022-07-06",28.05
"2022-07-07",28.25
"2022-07-08",27.8
"2022-07-09",26.8
"2022-07-10",23.1
"2022-07-11",24.15
"2022-07-12",27.5
"2022-07-13",27.25
"2022-07-14",26.85
"2022-07-15",24.75
"2022-07-16",25.7
"2022-07-17",26.9
"2022-07-18",27.25
"2022-07-19",27.55
"2022-07-20",27.6
"2022-07-21",27.15
"2022-07-22",26.6
"2022-07-23",27.6
"2022-07-24",28.2
"2022-07-25",28.55
"2022-07-26",28.5
"2022-07-27",28.9
"2022-07-28",29.7
"2022-07-29",29.5
"2022-07-30",28.15
"2022-07-31",25.8
"2022-08-01",28.6
"2022-08-02",28.5
"2022-08-03",29.15
"2022-08-04",27.25
"2022-08-05",27
"2022-08-06",27.05
"2022-08-07",26.7
"2022-08-08",27.1
"2022-08-09",28.1
"2022-08-10",28.7
"2022-08-11",27.25
"2022-08-12",21.75
"2022-08-13",23.6
"2022-08-14",24.3
"2022-08-15",23.8
"2022-08-16",24
"2022-08-17",23.55
"2022-08-18",24.15
"2022-08-19",23.8
"2022-08-20",26
"2022-08-21",25.75
"2022-08-22",25.65
"2022-08-23",25.6
"2022-08-24",26
"2022-08-25",25.9
"2022-08-26",25.75
"2022-08-27",25.9
"2022-08-28",26.3
"2022-08-29",25.4
"2022-08-30",26.35
"2022-08-31",26
"2022-09-01",25.4
"2022-09-02",26.4
"2022-09-03",25.75
"2022-09-04",25
"2022-09-05",26.6
"2022-09-06",26.55
"2022-09-07",25.85
"2022-09-08",23.25
"2022-09-09",24.1
"2022-09-10",25.2
"2022-09-11",26.95
"2022-09-12",26.9
"2022-09-13",24.75
"2022-09-14",23.8
"2022-09-15",22.5
"2022-09-16",20.95
"2022-09-17",23.45
"2022-09-18",23.9
"2022-09-19",24.05
"2022-09-20",25.45
"2022-09-21",24.6
"2022-09-22",22.9
"2022-09-23",15.4
"2022-09-24",19.1
"2022-09-25",23.8
"2022-09-26",22.85
"2022-09-27",20.05
"2022-09-28",19.6
"2022-09-29",18.9
"2022-09-30",21.55
"2022-10-01",20.15
"2022-10-02",18.1
"2022-10-03",12.6
"2022-10-04",13.3
"2022-10-05",16.7
"2022-10-06",19.25
"2022-10-07",21.55
"2022-10-08",15.15
"2022-10-09",14.95
"2022-10-10",16.5
"2022-10-11",17.15
"2022-10-12",20.05
"2022-10-13",21.5
"2022-10-14",15.35
"2022-10-15",17.5
"2022-10-16",22.1
"2022-10-17",19.9
"2022-10-18",9.75
"2022-10-19",8.7
"2022-10-20",11.25
"2022-10-21",15.2
"2022-10-22",18.95
"2022-10-23",16.5
"2022-10-24",17.25
"2022-10-25",16.95
"2022-10-26",19.75
"2022-10-27",18.1
"2022-10-28",17.25
"2022-10-29",15.85
"2022-10-30",16.2
"2022-10-31",19.7
"2022-11-01",20.45
"2022-11-02",18.7
"2022-11-03",19.55
"2022-11-04",20.8
"2022-11-05",21.4
"2022-11-06",21.15
"2022-11-07",21.6
"2022-11-08",15.85
"2022-11-09",17.55
"2022-11-10",21
"2022-11-11",23.4
"2022-11-12",20.3
"2022-11-13",11.25
"2022-11-14",9.95
"2022-11-15",15.9
"2022-11-16",11.15
"2022-11-17",5.15
"2022-11-18",5.7
"2022-11-19",8.25
"2022-11-20",5.9
"2022-11-21",9.05
"2022-11-22",13.85
"2022-11-23",13.6
"2022-11-24",15.6
"2022-11-25",12.95
"2022-11-26",11.3
"2022-11-27",17.85
"2022-11-28",13.65
"2022-11-29",13.95
"2022-11-30",12.25
"2022-12-01",5.9
"2022-12-02",10.15
"2022-12-03",17.05
"2022-12-04",7.5
"2022-12-05",9.5
"2022-12-06",16.65
"2022-12-07",18.45
"2022-12-08",15.1
"2022-12-09",9.6
"2022-12-10",10
"2022-12-11",10.15
"2022-12-12",7
"2022-12-13",5.65
"2022-12-14",6.75
"2022-12-15",13.55
"2022-12-16",9.25
"2022-12-17",7.6
"2022-12-18",5.35
"2022-12-19",3.7
"2022-12-20",5.05
"2022-12-21",9.05
"2022-12-22",13.3
"2022-12-23",3.85
"2022-12-24",-3.65
"2022-12-25",-0.25
"2022-12-26",1.05
"2022-12-27",3.4
"2022-12-28",6.5
"2022-12-29",9
"2022-12-30",15
"2022-12-31",18.55
"2023-01-01",14.55
"2023-01-02",13.6
"2023-01-03",15.35
"2023-01-04",19.1
"2023-01-05",14.35
"2023-01-06",9.2
"2023-01-07",6.35
"2023-01-08",7.7
"2023-01-09",5.75
"2023-01-10",6.35
"2023-01-11",7.8
"2023-01-12",16.8
"2023-01-13",10.2
"2023-01-14",2.7
"2023-01-15",3.1
"2023-01-16",6.3
"2023-01-17",11.4
"2023-01-18",14.2
"2023-01-19",15.3
"2023-01-20",11.55
"2023-01-21",7.1
"2023-01-22",12.35
"2023-01-23",6.65
"2023-01-24",5.85
"2023-01-25",13.9
"2023-01-26",7.8
"2023-01-27",5
"2023-01-28",7.3
"2023-01-29",11.35
"2023-01-30",13.6
"2023-01-31",13.9
"2023-02-01",8.15
"2023-02-02",5.95
"2023-02-03",4.05
"2023-02-04",1.7
"2023-02-05",10.4
"2023-02-06",9.5
"2023-02-07",9.85
"2023-02-08",14.6
"2023-02-09",14.65
"2023-02-10",17.7
"2023-02-11",9.55
"2023-02-12",12.15
"2023-02-13",10.7
"2023-02-14",11.15
"2023-02-15",16.6
"2023-02-16",19.7
"2023-02-17",12.75
"2023-02-18",5.75
"2023-02-19",10.6
"2023-02-20",16.85
"2023-02-21",15.95
"2023-02-22",18
"2023-02-23",22
"2023-02-24",11
"2023-02-25",6.85
"2023-02-26",12.1
"2023-02-27",16.1
"2023-02-28",14
"2023-03-01",8.45
"2023-03-02",18.05
"2023-03-03",19.55
"2023-03-04",15.95
"2023-03-05",10.8
"2023-03-06",14.5
"2023-03-07",15.35
"2023-03-08",7.95
"2023-03-09",10.3
"2023-03-10",10.35
"2023-03-11",8.35
"2023-03-12",8.55
"2023-03-13",7.85
"2023-03-14",6.05
"2023-03-15",5.75
"2023-03-16",9.4
"2023-03-17",17.4
"2023-03-18",12.35
"2023-03-19",8.3
"2023-03-20",3.5
"2023-03-21",9.55
"2023-03-22",14.9
"2023-03-23",19.85
"2023-03-24",21
"2023-03-25",21.45
"2023-03-26",19.15
"2023-03-27",18.7
"2023-03-28",14.15
"2023-03-29",8.85
"2023-03-30",12.05
"2023-03-31",17.9
"2023-04-01",17.7
"2023-04-02",12.6
"2023-04-03",17.95
"2023-04-04",19.7
"2023-04-05",22.55
"2023-04-06",21.65
"2023-04-07",14.6
"2023-04-08",8.55
"2023-04-09",11.45
"2023-04-10",10.8
"2023-04-11",14.05
"2023-04-12",16.95
"2023-04-13",19.1
"2023-04-14",20.75
"2023-04-15",20.9
"2023-04-16",22
"2023-04-17",15.1
"2023-04-18",17.95
"2023-04-19",20.2
"2023-04-20",19.65
"2023-04-21",20.75
"2023-04-22",17.7
"2023-04-23",17.3
"2023-04-24",11.75
"2023-04-25",16.4
"2023-04-26",18.25
"2023-04-27",19.65
"2023-04-28",21.2
"2023-04-29",22.55
"2023-04-30",17.4
"2023-05-01",15.7
"2023-05-02",15.45
"2023-05-03",13.7
"2023-05-04",13.95
"2023-05-05",16.05
"2023-05-06",17.2
"2023-05-07",21.85
"2023-05-08",22.65
"2023-05-09",22.2
"2023-05-10",17.95
"2023-05-11",18.85
"2023-05-12",19.6
"2023-05-13",22.7
"2023-05-14",18.75
"2023-05-15",19.75
"2023-05-16",23
"2023-05-17",21.95
"2023-05-18",20.45
"2023-05-19",19.1
"2023-05-20",21.05
"2023-05-21",17.35
"2023-05-22",19.75
"2023-05-23",19.65
"2023-05-24",17.45
"2023-05-25",18.1
"2023-05-26",16.25
"2023-05-27",17.8
"2023-05-28",20.95
"2023-05-29",19.6
"2023-05-30",21.9
"2023-05-31",20.85
"2023-06-01",22.3
"2023-06-02",21.55
"2023-06-03",21.9
"2023-06-04",15.35
"2023-06-05",19.55
"2023-06-06",21.4
"2023-06-07",21.8
"2023-06-08",18.45
"2023-06-09",19.2
"2023-06-10",21.85
"2023-06-11",23.85
"2023-06-12",23.45
"2023-06-13",23.1
"2023-06-14",24.45
"2023-06-15",23.9
"2023-06-16",23.4
"2023-06-17",22.6
"2023-06-18",24.15
"2023-06-19",24.85
"2023-06-20",24.25
"2023-06-21",24.4
"2023-06-22",24.45
"2023-06-23",24.55
"2023-06-24",25.05
"2023-06-25",26.55
"2023-06-26",23.8
"2023-06-27",24.85
"2023-06-28",25.15
"2023-06-29",25.3
"2023-06-30",25
"2023-07-01",26.05
"2023-07-02",27.85
"2023-07-03",28.25
"2023-07-04",27.5
"2023-07-05",26.65
"2023-07-06",25.25
"2023-07-07",26.4
"2023-07-08",26.8
"2023-07-09",26.5
"2023-07-10",25.5
"2023-07-11",27.1
"2023-07-12",27.4
"2023-07-13",27.6
"2023-07-14",26.8
"2023-07-15",28.05
"2023-07-16",28.2
"2023-07-17",27.95
"2023-07-18",28.55
"2023-07-19",27.5
"2023-07-20",28.2
"2023-07-21",28.3
"2023-07-22",25.6
"2023-07-23",26.9
"2023-07-24",27.2
"2023-07-25",27.7
"2023-07-26",27.85
"2023-07-27",28.6
"2023-07-28",28.45
"2023-07-29",27.9
"2023-07-30",26.35
"2023-07-31",25.15
"2023-08-01",24.95
"2023-08-02",22.2
"2023-08-03",24.7
"2023-08-04",25.25
"2023-08-05",25.55
"2023-08-06",26.55
"2023-08-07",27.05
"2023-08-08",27.65
"2023-08-09",26.85
"2023-08-10",26.1
"2023-08-11",26.65
"2023-08-12",28.05
"2023-08-13",29.85
"2023-08-14",29.95
"2023-08-15",28.05
"2023-08-16",27.3
"2023-08-17",27.3
"2023-08-18",27.3
"2023-08-19",26.65
"2023-08-20",27.35
"2023-08-21",28.25
"2023-08-22",26.75
"2023-08-23",24.3
"2023-08-24",25.8
"2023-08-25",26.6
"2023-08-26",27.95
"2023-08-27",26.7
"2023-08-28",26.65
"2023-08-29",27.55
"2023-08-30",25.85
"2023-08-31",20.1
"2023-09-01",22.2
"2023-09-02",21
"2023-09-03",23.4
"2023-09-04",26.85
"2023-09-05",28.2
"2023-09-06",28.7
"2023-09-07",28
"2023-09-08",26.5
"2023-09-09",25.25
"2023-09-10",25.2
"2023-09-11",25.8
"2023-09-12",26.25
"2023-09-13",25.3
"2023-09-14",23.15
"2023-09-15",18.55
"2023-09-16",20
"2023-09-17",23.05
"2023-09-18",19.9
"2023-09-19",22.15
"2023-09-20",23
"2023-09-21",22.75
"2023-09-22",20.7
"2023-09-23",18.7
"2023-09-24",23.25
"2023-09-25",24.45
"2023-09-26",22.65
"2023-09-27",19.95
"2023-09-28",20.65
"2023-09-29",20.5
"2023-09-30",18.65
"2023-10-01",20.45
"2023-10-02",21.4
"2023-10-03",20.5
"2023-10-04",21.65
"2023-10-05",23.85
"2023-10-06",22.6
"2023-10-07",16.45
"2023-10-08",12.25
"2023-10-09",14.85
"2023-10-10",20.35
"2023-10-11",19.75
"2023-10-12",14.95
"2023-10-13",19.2
"2023-10-14",19.2
"2023-10-15",12.6
"2023-10-16",12.6
"2023-10-17",14.35
"2023-10-18",14.6
"2023-10-19",15.5
"2023-10-20",17
"2023-10-21",15.9
"2023-10-22",16.1
"2023-10-23",11.9
"2023-10-24",15.95
"2023-10-25",17.9
"2023-10-26",18
"2023-10-27",19.65
"2023-10-28",20.35
"2023-10-29",21.15
"2023-10-30",20.95
"2023-10-31",12.7
"2023-11-01",6.75
"2023-11-02",8.15
"2023-11-03",12.3
"2023-11-04",16.7
"2023-11-05",14.4
"2023-11-06",15.45
"2023-11-07",17
"2023-11-08",16.15
"2023-11-09",18.85
"2023-11-10",16.3
"2023-11-11",11.3
"2023-11-12",10.05
"2023-11-13",10.65
"2023-11-14",11.5
"2023-11-15",13.05
"2023-11-16",16.7
"2023-11-17",18.55
"2023-11-18",14.05
"2023-11-19",9.65
"2023-11-20",12.8
"2023-11-21",18.3
"2023-11-22",12.95
"2023-11-23",9.55
"2023-11-24",10.95
"2023-11-25",8.75
"2023-11-26",9.1
"2023-11-27",7.7
"2023-11-28",3.25
"2023-11-29",2.4
"2023-11-30",7.05
"2023-12-01",13.15
"2023-12-02",19.8
"2023-12-03",18.8
"2023-12-04",11.75
"2023-12-05",9.9
"2023-12-06",4.7
"2023-12-07",5.4
"2023-12-08",10.05
"2023-12-09",15.25
"2023-12-10",15.2
"2023-12-11",5.15
"2023-12-12",5.55
"2023-12-13",7.3
"2023-12-14",4.65
"2023-12-15",6.15
"2023-12-16",8.95
"2023-12-17",16.7
"2023-12-18",9.4
"2023-12-19",4.1
"2023-12-20",4.1
"2023-12-21",6.15
"2023-12-22",6.9
"2023-12-23",8.9
"2023-12-24",11.1
"2023-12-25",13.25
"2023-12-26",16.45
"2023-12-27",16.25
"2023-12-28",9.25
"2023-12-29",9.95
"2023-12-30",5.65
"2023-12-31",6.2
"2024-01-01",8.5
"2024-01-02",4.15
"2024-01-03",5.75
"2024-01-04",4.2
"2024-01-05",3.7
"2024-01-06",12.45
"2024-01-07",7.7
"2024-01-08",8
"2024-01-09",14.5
"2024-01-10",6.75
"2024-01-11",5.75
"2024-01-12",9.3
"2024-01-13",9.35
"2024-01-14",7.95
"2024-01-15",10.15
"2024-01-16",6.2
"2024-01-17",-0.75
"2024-01-18",3.9
"2024-01-19",5.45
"2024-01-20",-1.7
"2024-01-21",-1.55
"2024-01-22",1.35
"2024-01-23",8.25
"2024-01-24",15.15
"2024-01-25",20
"2024-01-26",17.6
"2024-01-27",16.8
"2024-01-28",14.05
"2024-01-29",7.6
"2024-01-30",6.9
"2024-01-31",7.15
"2024-02-01",7.85
"2024-02-02",10.2
"2024-02-03",5.05
"2024-02-04",6.55
"2024-02-05",9.25
"2024-02-06",6.8
"2024-02-07",5.25
"2024-02-08",7.25
"2024-02-09",9.6
"2024-02-10",16.95
"2024-02-11",17.65
"2024-02-12",15.85
"2024-02-13",8.6
"2024-02-14",9
"2024-02-15",9.65
"2024-02-16",12.1
"2024-02-17",8.1
"2024-02-18",4.9
"2024-02-19",7.95
"2024-02-20",7.8
"2024-02-21",6.2
"2024-02-22",8.5
"2024-02-23",10.2
"2024-02-24",10.5
"2024-02-25",6.1
"2024-02-26",11.3
"2024-02-27",15.65
"2024-02-28",13.55
"2024-02-29",9.2
"2024-03-01",13.6
"2024-03-02",16.7
"2024-03-03",16.85
"2024-03-04",15.95
"2024-03-05",17.2
"2024-03-06",17.25
"2024-03-07",15.8
"2024-03-08",13.8
"2024-03-09",17.4
"2024-03-10",12
"2024-03-11",10.5
"2024-03-12",13.35
"2024-03-13",14.95
"2024-03-14",18.3
"2024-03-15",20.2
"2024-03-16",15.5
"2024-03-17",18.55
"2024-03-18",10.8
"2024-03-19",8.55
"2024-03-20",14
"2024-03-21",11.25
"2024-03-22",16.15
"2024-03-23",11.7
"2024-03-24",7.8
"2024-03-25",9.9
"2024-03-26",10.9
"2024-03-27",14.25
"2024-03-28",9.5
"2024-03-29",14.35
"2024-03-30",17.6
"2024-03-31",19.8
"2024-04-01",19.95
"2024-04-02",20.85
"2024-04-03",13.9
"2024-04-04",10.7
"2024-04-05",11.25
"2024-04-06",10.05
"2024-04-07",11.65
"2024-04-08",15.95
"2024-04-09",19.05
"2024-04-10",19.8
"2024-04-11",19.6
"2024-04-12",16.35
"2024-04-13",14.45
"2024-04-14",18.9
"2024-04-15",20.75
"2024-04-16",18.7
"2024-04-17",21.3
"2024-04-18",21.85
"2024-04-19",18.9
"2024-04-20",21.85
"2024-04-21",13.65
"2024-04-22",8.6
"2024-04-23",14.1
"2024-04-24",17.35
"2024-04-25",16.85
"2024-04-26",16.7
"2024-04-27",16.6
"2024-04-28",18.75
"2024-04-29",20.5
"2024-04-30",21.9
"2024-05-01",21
"2024-05-02",21.15
"2024-05-03",21.65
"2024-05-04",22.6
"2024-05-05",23.65
"2024-05-06",23.4
"2024-05-07",25.4
"2024-05-08",25.5
"2024-05-09",23.65
"2024-05-10",20.5
"2024-05-11",17.1
"2024-05-12",19.35
"2024-05-13",20.85
"2024-05-14",21.4
"2024-05-15",22.05
"2024-05-16",21.8
"2024-05-17",21.15
"2024-05-18",21.95
"2024-05-19",18.4
"2024-05-20",18.6
"2024-05-21",19.85
"2024-05-22",22.5
"2024-05-23",24.35
"2024-05-24",23.05
"2024-05-25",24.2
"2024-05-26",24.95
"2024-05-27",25.95
"2024-05-28",23.8
"2024-05-29",24.15
"2024-05-30",21.2
"2024-05-31",18.65
"2024-06-01",20.15
"2024-06-02",23.2
"2024-06-03",24.05
"2024-06-04",25.05
"2024-06-05",26
"2024-06-06",25.5
"2024-06-07",25.35
"2024-06-08",24.7
"2024-06-09",26.5
"2024-06-10",21.6
"2024-06-11",24.2
"2024-06-12",24.1
"2024-06-13",23.85
"2024-06-14",26.4
"2024-06-15",25.7
"2024-06-16",24.2
"2024-06-17",23.35
"2024-06-18",23.9
"2024-06-19",24.2
"2024-06-20",23.9
"2024-06-21",25.15
"2024-06-22",28
"2024-06-23",28.35
"2024-06-24",26.85
"2024-06-25",26
"2024-06-26",29
"2024-06-27",26.95
"2024-06-28",26.6
"2024-06-29",28.1
"2024-06-30",28.2
"2024-07-01",22.6
"2024-07-02",24.85
"2024-07-03",24.75
"2024-07-04",26.95
"2024-07-05",29.15
"2024-07-06",28.5
"2024-07-07",28.4
"2024-07-08",28.05
"2024-07-09",28.45
"2024-07-10",28.9
"2024-07-11",28.65
"2024-07-12",27.45
"2024-07-13",27.9
"2024-07-14",30.05
"2024-07-15",30.05
"2024-07-16",29.65
"2024-07-17",27.2
"2024-07-18",26.55
"2024-07-19",26.35
"2024-07-20",27.05
"2024-07-21",26.85
"2024-07-22",26.6
"2024-07-23",27.35
"2024-07-24",27.75
"2024-07-25",26.85
"2024-07-26",25.2
"2024-07-27",24.4
"2024-07-28",24
"2024-07-29",25.75
"2024-07-30",28.1
"2024-07-31",28.05
"2024-08-01",29.55
"2024-08-02",29.65
"2024-08-03",27.9
"2024-08-04",26.85
"2024-08-05",26.6
"2024-08-06",26.2
"2024-08-07",26.45
"2024-08-08",27.1
"2024-08-09",26.85
"2024-08-10",27.95
"2024-08-11",27.9
"2024-08-12",26.2
"2024-08-13",25.25
"2024-08-14",24.55
"2024-08-15",24
"2024-08-16",24.9
"2024-08-17",26.85
"2024-08-18",27.1
"2024-08-19",26.45
"2024-08-20",23.9
"2024-08-21",20.55
"2024-08-22",21.2
"2024-08-23",22.85
"2024-08-24",24.05
"2024-08-25",24.95
"2024-08-26",24.85
"2024-08-27",26.5
"2024-08-28",27.95
"2024-08-29",28.35
"2024-08-30",26.35
"2024-08-31",26.45
"2024-09-01",26.8
"2024-09-02",24.2
"2024-09-03",23.45
"2024-09-04",23.5
"2024-09-05",23.3
"2024-09-06",24.15
"2024-09-07",20.8
"2024-09-08",19.45
"2024-09-09",18.5
"2024-09-10",20.2
"2024-09-11",22.05
"2024-09-12",24.35
"2024-09-13",21.5
"2024-09-14",23.15
"2024-09-15",24.35
"2024-09-16",22.8
"2024-09-17",23.25
"2024-09-18",24.65
"2024-09-19",23.75
"2024-09-20",23.15
"2024-09-21",22.95
"2024-09-22",22.95
"2024-09-23",22.75
"2024-09-24",24.25
"2024-09-25",25.65
"2024-09-26",25.9
"2024-09-27",24.75
"2024-09-28",25.05
"2024-09-29",25.3
"2024-09-30",26
"2024-10-01",24
"2024-10-02",21.8
"2024-10-03",22.2
"2024-10-04",22.95
"2024-10-05",22.1
"2024-10-06",19.2
"2024-10-07",21
"2024-10-08",20.05
"2024-10-09",18.75
"2024-10-10",15.85
"2024-10-11",14.05
"2024-10-12",16.8
"2024-10-13",19.05
"2024-10-14",17.7
"2024-10-15",15.5
"2024-10-16",10.1
"2024-10-17",10.4
"2024-10-18",13.4
"2024-10-19",16.3
"2024-10-20",17.3
"2024-10-21",18
"2024-10-22",19.6
"2024-10-23",20.3
"2024-10-24",15.6
"2024-10-25",15.45
"2024-10-26",19.45
"2024-10-27",14.2
"2024-10-28",16
"2024-10-29",18.6
"2024-10-30",19.9
"2024-10-31",21
"2024-11-01",21.4
"2024-11-02",17.25
"2024-11-03",16.05
"2024-11-04",18.7
"2024-11-05",19.95
"2024-11-06",20.65
"2024-11-07",21.45
"2024-11-08",21.2
"2024-11-09",14.75
"2024-11-10",17.65
"2024-11-11",18.9
"2024-11-12",14.45
"2024-11-13",12.1
"2024-11-14",14.25
"2024-11-15",11.3
"2024-11-16",11.25
"2024-11-17",12.1
"2024-11-18",14.5
"2024-11-19",14.2
"2024-11-20",15.45
"2024-11-21",9.7
"2024-11-22",5.75
"2024-11-23",8.55
"2024-11-24",9.9
"2024-11-25",12.4
"2024-11-26",15.8
"2024-11-27",14.4
"2024-11-28",14.45
"2024-11-29",5.8
"2024-11-30",2.25
"2024-12-01",4.15
"2024-12-02",1.8
"2024-12-03",0.55
"2024-12-04",3.75
"2024-12-05",7.35
"2024-12-06",-0.75
"2024-12-07",0.9
"2024-12-08",12
"2024-12-09",14.05
"2024-12-10",19.05
"2024-12-11",9.8
"2024-12-12",4.1
"2024-12-13",6.05
"2024-12-14",10.4
"2024-12-15",10.85
"2024-12-16",14.35
"2024-12-17",18.2
"2024-12-18",17.45
"2024-12-19",11.8
"2024-12-20",8.05
"2024-12-21",3.95
"2024-12-22",1.2
"2024-12-23",3.75
"2024-12-24",6.25
"2024-12-25",6.55
"2024-12-26",7.25
"2024-12-27",10.8
"2024-12-28",14
"2024-12-29",17.25
"2024-12-30",11.75
"2024-12-31",13.35
"2025-01-01",4.45
"2025-01-02",0.05
"2025-01-03",1.65
"2025-01-04",0.15
"2025-01-05",-0.35
"2025-01-06",8.35
"2025-01-07",1.2
"2025-01-08",0.45
"2025-01-09",-0.5
"2025-01-10",3.55
"2025-01-11",1.85
"2025-01-12",1.2
"2025-01-13",3.6
"2025-01-14",3.85
"2025-01-15",-2.65
"2025-01-16",0.8
"2025-01-17",4.3
"2025-01-18",7.95
"2025-01-19",6.7
"2025-01-20",0.5
"2025-01-21",-2.1
"2025-01-22",-4.45
"2025-01-23",-1.95
"2025-01-24",-0.1
"2025-01-25",2.55
"2025-01-26",6.25
"2025-01-27",6.4
"2025-01-28",9.75
"2025-01-29",10.55
"2025-01-30",9.9
"2025-01-31",16.6
"2025-02-01",12.35
"2025-02-02",8.35
"2025-02-03",12.05
"2025-02-04",16.5
"2025-02-05",9.05
"2025-02-06",11.3
"2025-02-07",17.2
"2025-02-08",12.85
"2025-02-09",13.85
"2025-02-10",4.6
"2025-02-11",4.95
"2025-02-12",10.6
"2025-02-13",12.35
"2025-02-14",5.55
"2025-02-15",12.75
"2025-02-16",11.6
"2025-02-17",4.7
"2025-02-18",6.5
"2025-02-19",1
"2025-02-20",-3
"2025-02-21",-0.7
"2025-02-22",3.05
"2025-02-23",7.35
"2025-02-24",8.65
"2025-02-25",11.05
"2025-02-26",12.6
"2025-02-27",13.5
"2025-02-28",12.75
"2025-03-01",11.2
"2025-03-02",1.65
"2025-03-03",4.45
"2025-03-04",11.65
"2025-03-05",14.5
"2025-03-06",6
"2025-03-07",7.7
"2025-03-08",13.7
"2025-03-09",10.5
"2025-03-10",12.35
"2025-03-11",13.3
"2025-03-12",16.25
"2025-03-13",16.3
"2025-03-14",12.15
"2025-03-15",17.8
"2025-03-16",20.1
"2025-03-17",11.6
"2025-03-18",10.55
"2025-03-19",14.5
"2025-03-20",14.75
"2025-03-21",10.75
"2025-03-22",13.35
"2025-03-23",14.3
"2025-03-24",17.05
"2025-03-25",16.05
"2025-03-26",11.15
"2025-03-27",11.65
"2025-03-28",18.45
"2025-03-29",20.65
"2025-03-30",21.75
"2025-03-31",20.25
"2025-04-01",17.4
"2025-04-02",18.7
"2025-04-03",23.55
"2025-04-04",22.35
"2025-04-05",22.9
"2025-04-06",23.6
"2025-04-07",17.75
"2025-04-08",12.8
"2025-04-09",10.45
"2025-04-10",16.4
"2025-04-11",15.25
"2025-04-12",9.3
"2025-04-13",12.85
"2025-04-14",18.25
"2025-04-15",16.2
"2025-04-16",12.7
"2025-04-17",14.45
"2025-04-18",20.15
"2025-04-19",20.8
"2025-04-20",21.35
"2025-04-21",21.9
"2025-04-22",22.55
"2025-04-23",19.5
"2025-04-24",19.85
"2025-04-25",23.05
"2025-04-26",20.75
"2025-04-27",13.35
"2025-04-28",15.15
"2025-04-29",19.6
"2025-04-30",21.7
"2025-05-01",22.2
"2025-05-02",22.9
"2025-05-03",22.4
"2025-05-04",20.15
"2025-05-05",20.65
"2025-05-06",20.9
"2025-05-07",23.25
"2025-05-08",21.4
"2025-05-09",21.15
"2025-05-10",20.2
"2025-05-11",20.65
"2025-05-12",20.8
"2025-05-13",22.1
"2025-05-14",24.15
"2025-05-15",23.85
"2025-05-16",27.65
"2025-05-17",24.45
"2025-05-18",24.1
"2025-05-19",23.25
"2025-05-20",23.55
"2025-05-21",23.65
"2025-05-22",21.1
"2025-05-23",19.7
"2025-05-24",18.95
"2025-05-25",22.15
"2025-05-26",16.85
"2025-05-27",20.4
"2025-05-28",23.95
"2025-05-29",23.6
"2025-05-30",20.7
"2025-05-31",19.6
"2025-06-01",21.2
"2025-06-02",20.3
"2025-06-03",20.35
"2025-06-04",23.2
"2025-06-05",22.65
"2025-06-06",26.05
"2025-06-07",26.85
"2025-06-08",26.25
"2025-06-09",25.9
"2025-06-10",24.1
"2025-06-11",25.85
"2025-06-12",26.4
"2025-06-13",26.8
"2025-06-14",25.2
"2025-06-15",27.3
"2025-06-16",26.3
"2025-06-17",28.05
"2025-06-18",28.15
"2025-06-19",27.3
"2025-06-20",25.55
"2025-06-21",25.85
"2025-06-22",27.5
"2025-06-23",30.15
"2025-06-24",29.95
"2025-06-25",28.55
"2025-06-26",28.2
"2025-06-27",28.05
"2025-06-28",27.6
"2025-06-29",27.95
"2025-06-30",28.25
"2025-07-01",28.05
"2025-07-02",25.95
"2025-07-03",25.85
"2025-07-04",27.25
"2025-07-05",25.55
"2025-07-06",26.35
"2025-07-07",28.25
"2025-07-08",28.25
"2025-07-09",26.95
"2025-07-10",26.2
"2025-07-11",27.05
"2025-07-12",27.35
"2025-07-13",26.95
"2025-07-14",27.3
"2025-07-15",27.6
"2025-07-16",28.25
"2025-07-17",28.25
"2025-07-18",28.45
"2025-07-19",28.45
"2025-07-20",30.05
"2025-07-21",29.5
"2025-07-22",26.95
"2025-07-23",27.6
"2025-07-24",27.8
"2025-07-25",29.15
"2025-07-26",30.25
"2025-07-27",28.9
"2025-07-28",29.35
"2025-07-29",28.3
"2025-07-30",28.2
"2025-07-31",27
"2025-08-01",27.45
"2025-08-02",23.2
"2025-08-03",23.75
"2025-08-04",24.6
"2025-08-05",25.6
"2025-08-06",25.35
"2025-08-07",25.5
"2025-08-08",24.45
"2025-08-09",25.55
"2025-08-10",24.25
"2025-08-11",25.5
"2025-08-12",24.65
"2025-08-13",28.25
"2025-08-14",27.9
"2025-08-15",27.6
"2025-08-16",26.05
"2025-08-17",26.45
"2025-08-18",28
"2025-08-19",28
"2025-08-20",26.95
"2025-08-21",25.2
"2025-08-22",22.2
"2025-08-23",24.85
"2025-08-24",24.15
"2025-08-25",26.65
"2025-08-26",22.2
"2025-08-27",22.65
"2025-08-28",21.45
"2025-08-29",22.95
"2025-08-30",24.6
"2025-08-31",21.75
"2025-09-01",22.05
"2025-09-02",22.65
"2025-09-03",20.9
"2025-09-04",22.8
"2025-09-05",24.45
"2025-09-06",25.05
"2025-09-07",23.95
"2025-09-08",21.5
"2025-09-09",21.3
"2025-09-10",22.2
"2025-09-11",20.9
"2025-09-12",22.05
"2025-09-13",22.2
"2025-09-14",19.85
"2025-09-15",20.3
"2025-09-16",18.35
"2025-09-17",21.4
"2025-09-18",20.9
"2025-09-19",22.55
"2025-09-20",23.9
"2025-09-21",23.05
"2025-09-22",22.45
"2025-09-23",24.65
"2025-09-24",25.7
"2025-09-25",27.15
"2025-09-26",26.75
"2025-09-27",23.95
"2025-09-28",22.6
"2025-09-29",24.9
"2025-09-30",22.45
"2025-10-01",19.9
"2025-10-02",19.5
"2025-10-03",20.7
"2025-10-04",21.95
"2025-10-05",22.4
"2025-10-06",22.1
"2025-10-07",23.6
"2025-10-08",22.2
"2025-10-09",19.9
"2025-10-10",20.6
"2025-10-11",19.75
"2025-10-12",18.5
"2025-10-13",16.15
"2025-10-14",17.35
"2025-10-15",14.3
"2025-10-16",12.7
"2025-10-17",12.2
"2025-10-18",15.35
"2025-10-19",18.7
"2025-10-20",13.65
"2025-10-21",15.3
"2025-10-22",16.25
"2025-10-23",14.05
"2025-10-24",14.2
"2025-10-25",13.1
"2025-10-26",14.4
"2025-10-27",16.15
"2025-10-28",14.45
"2025-10-29",15.9
"2025-10-30",14.75
"2025-10-31",10.7
"2025-11-01",10.3
"2025-11-02",11.8
"2025-11-03",10.2
"2025-11-04",10.4
"2025-11-05",11.8
"2025-11-06",13
"2025-11-07",15
"2025-11-08",20
"2025-11-09",18.3
"2025-11-10",6.45
"2025-11-11",3.4
"2025-11-12",9.9
"2025-11-13",10.25
"2025-11-14",9.85
"2025-11-15",15.45
"2025-11-16",12.5
"2025-11-17",8.85
"2025-11-18",9.55
"2025-11-19",15.75
"2025-11-20",13.55
"2025-11-21",16.25
"2025-11-22",17.75
"2025-11-23",11.5
"2025-11-24",12.5
"2025-11-25",17.1
"2025-11-26",17.3
"2025-11-27",5.5
"2025-11-28",1.95
"2025-11-29",2.55
"2025-11-30",12.4
"2025-12-01",11.15
"2025-12-02",10.7
"2025-12-03",4.65
"2025-12-04",5.5
"2025-12-05",6.75
"2025-12-06",3.55
"2025-12-07",4
"2025-12-08",5.8
"2025-12-09",2.4
"2025-12-10",4.75
"2025-12-11",4.3
"2025-12-12",4.35
"2025-12-13",15.7
"2025-12-14",4.6
"2025-12-15",-2.65
"2025-12-16",2.4
"2025-12-17",8.75
"2025-12-18",12.55
"2025-12-19",11.9
"2025-12-20",7.45
"2025-12-21",10.45
"2025-12-22",6.9
"2025-12-23",10.1
"2025-12-24",12.5
"2025-12-25",12.65
"2025-12-26",9.55
"2025-12-27",10.2
"2025-12-28",11.55
"2025-12-29",10.25
"2025-12-30",1.2
"2025-12-31",2.65
"2026-01-01",11.35
"2026-01-02",9.5
"2026-01-03",5.05
"2026-01-04",5.6
"2026-01-05",8.6
"2026-01-06",12.65
"2026-01-07",13.1
"2026-01-08",11.6
"2026-01-09",15.65
"2026-01-10",17.85
"2026-01-11",8.5
"2026-01-12",2.5
"2026-01-13",4.9
"2026-01-14",9.9
"2026-01-15",1.8
"2026-01-16",1.25
"2026-01-17",8.7
"2026-01-18",2.9
"2026-01-19",3.4
"2026-01-20",1.25
"2026-01-21",3.7
"2026-01-22",14.4
"2026-01-23",7.7
"2026-01-24",0.1
"2026-01-25",4.05
"2026-01-26",-0.25
"2026-01-27",-2
"2026-01-28",1.2
"2026-01-29",-1.8
"2026-01-30",-0.5
"2026-01-31",-4.45
"2026-02-01",-5.25
"2026-02-02",-3.3
"2026-02-03",0.95
"2026-02-04",6.35
"2026-02-05",-0.7
"2026-02-06",1.9
"2026-02-07",-0.05
"2026-02-08",-2.2
"2026-02-09",0.05
"2026-02-10",8.6
"2026-02-11",7.35
"2026-02-12",4.35
"2026-02-13",2.25
"2026-02-14",4.7
"2026-02-15",10.1
"2026-02-16",6.6
"2026-02-17",8.25
"2026-02-18",16.85
"2026-02-19",16
"2026-02-20",17.05
"2026-02-21",14.55
"2026-02-22",6.15
"2026-02-23",2.55
"2026-02-24",3.3
"2026-02-25",10.9
"2026-02-26",13.75
"2026-02-27",9.3
"2026-02-28",10.3
"2026-03-01",13.25
"2026-03-02",9.85
"2026-03-03",14.4
"2026-03-04",16.6
"2026-03-05",19.15
"2026-03-06",21.95
"2026-03-07",21.9
"2026-03-08",20.1
"2026-03-09",18.9
"2026-03-10",20.15
"2026-03-11",21.45
"2026-03-12",11.2
"2026-03-13",8.55
"2026-03-14",15.8
"2026-03-15",19.05
"2026-03-16",12.85
"2026-03-17",5.7
"2026-03-18",6.1
"2026-03-19",8.25
"2026-03-20",11.5