,"(mm) Precipitation (gridMET) at -77.4705E,34.6437N, 2015-01-01 to 2026-03-23"
"2015-01-01",0
"2015-01-02",1.1711
"2015-01-03",7.0858
"2015-01-04",12.6561
"2015-01-05",0
"2015-01-06",0
"2015-01-07",0
"2015-01-08",0
"2015-01-09",0
"2015-01-10",0
"2015-01-11",1.2203
"2015-01-12",25.6173
"2015-01-13",3.8677
"2015-01-14",0.2854
"2015-01-15",0.9841
"2015-01-16",0
"2015-01-17",3.9366
"2015-01-18",22.9699
"2015-01-19",0
"2015-01-20",0
"2015-01-21",0
"2015-01-22",0
"2015-01-23",68.8901
"2015-01-24",5.6982
"2015-01-25",0
"2015-01-26",0
"2015-01-27",0
"2015-01-28",0
"2015-01-29",0
"2015-01-30",0
"2015-01-31",0
"2015-02-01",8.8081
"2015-02-02",8.2471
"2015-02-03",0
"2015-02-04",12.0755
"2015-02-05",0
"2015-02-06",0
"2015-02-07",0
"2015-02-08",0
"2015-02-09",0
"2015-02-10",5.216
"2015-02-11",0
"2015-02-12",0
"2015-02-13",0
"2015-02-14",0
"2015-02-15",0
"2015-02-16",21.2674
"2015-02-17",2.2045
"2015-02-18",0.7086
"2015-02-19",0
"2015-02-20",0
"2015-02-21",3.3363
"2015-02-22",14.0241
"2015-02-23",4.5763
"2015-02-24",12.7152
"2015-02-25",34.1203
"2015-02-26",0
"2015-02-27",0
"2015-02-28",0
"2015-03-01",3.5429
"2015-03-02",0
"2015-03-03",4.1039
"2015-03-04",0
"2015-03-05",7.824
"2015-03-06",0
"2015-03-07",0
"2015-03-08",0
"2015-03-09",0
"2015-03-10",1.1514
"2015-03-11",1.6435
"2015-03-12",0
"2015-03-13",0
"2015-03-14",22.5763
"2015-03-15",0
"2015-03-16",0
"2015-03-17",0
"2015-03-18",0
"2015-03-19",16.3565
"2015-03-20",3.3264
"2015-03-21",0
"2015-03-22",6.5249
"2015-03-23",0.3149
"2015-03-24",0
"2015-03-25",0
"2015-03-26",0.9743
"2015-03-27",14.0536
"2015-03-28",0
"2015-03-29",0
"2015-03-30",0.3444
"2015-03-31",0
"2015-04-01",0
"2015-04-02",0
"2015-04-03",0
"2015-04-04",0.3051
"2015-04-05",0
"2015-04-06",0
"2015-04-07",0
"2015-04-08",1.4762
"2015-04-09",9.6446
"2015-04-10",0
"2015-04-11",0.4035
"2015-04-12",0
"2015-04-13",0
"2015-04-14",1.614
"2015-04-15",2.175
"2015-04-16",0
"2015-04-17",7.9322
"2015-04-18",24.5643
"2015-04-19",13.2269
"2015-04-20",0
"2015-04-21",0
"2015-04-22",0
"2015-04-23",0
"2015-04-24",0
"2015-04-25",2.0175
"2015-04-26",0.7775
"2015-04-27",0
"2015-04-28",0
"2015-04-29",10.6091
"2015-04-30",4.9207
"2015-05-01",4.094
"2015-05-02",0
"2015-05-03",0
"2015-05-04",0
"2015-05-05",0
"2015-05-06",0
"2015-05-07",1.6435
"2015-05-08",3.2378
"2015-05-09",35.2422
"2015-05-10",71.7638
"2015-05-11",0.866
"2015-05-12",0
"2015-05-13",0
"2015-05-14",0
"2015-05-15",0
"2015-05-16",0
"2015-05-17",0
"2015-05-18",0
"2015-05-19",0
"2015-05-20",0
"2015-05-21",8.9951
"2015-05-22",0
"2015-05-23",0
"2015-05-24",0
"2015-05-25",0
"2015-05-26",0
"2015-05-27",0
"2015-05-28",0
"2015-05-29",0
"2015-05-30",0
"2015-05-31",0
"2015-06-01",0
"2015-06-02",33.4019
"2015-06-03",41.2652
"2015-06-04",0.3051
"2015-06-05",0
"2015-06-06",13.2269
"2015-06-07",0
"2015-06-08",0
"2015-06-09",22.9207
"2015-06-10",0
"2015-06-11",0
"2015-06-12",0
"2015-06-13",0
"2015-06-14",0
"2015-06-15",0
"2015-06-16",0
"2015-06-17",2.8835
"2015-06-18",6.5249
"2015-06-19",18.0295
"2015-06-20",8.4243
"2015-06-21",0
"2015-06-22",0
"2015-06-23",0
"2015-06-24",2.3226
"2015-06-25",0
"2015-06-26",35.5473
"2015-06-27",3.5331
"2015-06-28",0
"2015-06-29",0
"2015-06-30",0
"2015-07-01",0
"2015-07-02",0
"2015-07-03",6.1706
"2015-07-04",0
"2015-07-05",0.8168
"2015-07-06",3.3166
"2015-07-07",1.8305
"2015-07-08",0
"2015-07-09",0
"2015-07-10",0
"2015-07-11",0.8168
"2015-07-12",0.6889
"2015-07-13",24.2296
"2015-07-14",2.5785
"2015-07-15",0
"2015-07-16",2.2242
"2015-07-17",0
"2015-07-18",0.7479
"2015-07-19",0.9153
"2015-07-20",0
"2015-07-21",8.9656
"2015-07-22",0
"2015-07-23",75.228
"2015-07-24",0
"2015-07-25",0
"2015-07-26",0
"2015-07-27",0
"2015-07-28",0
"2015-07-29",0
"2015-07-30",0.8267
"2015-07-31",3.3166
"2015-08-01",0
"2015-08-02",6.0426
"2015-08-03",19.9683
"2015-08-04",5.5998
"2015-08-05",0
"2015-08-06",9.2706
"2015-08-07",11.5342
"2015-08-08",0.2854
"2015-08-09",0
"2015-08-10",0
"2015-08-11",40.7436
"2015-08-12",0
"2015-08-13",0
"2015-08-14",0
"2015-08-15",0
"2015-08-16",0
"2015-08-17",0
"2015-08-18",16.5435
"2015-08-19",48.853
"2015-08-20",0
"2015-08-21",12.6463
"2015-08-22",0
"2015-08-23",0
"2015-08-24",0
"2015-08-25",8.0601
"2015-08-26",19.0235
"2015-08-27",17.5178
"2015-08-28",0
"2015-08-29",0
"2015-08-30",0
"2015-08-31",16.2187
"2015-09-01",0
"2015-09-02",5.1471
"2015-09-03",0
"2015-09-04",0.2657
"2015-09-05",0
"2015-09-06",0.2657
"2015-09-07",8.2176
"2015-09-08",1.3089
"2015-09-09",3.1788
"2015-09-10",1.5057
"2015-09-11",0.4429
"2015-09-12",0.8464
"2015-09-13",0
"2015-09-14",0
"2015-09-15",0
"2015-09-16",0
"2015-09-17",0
"2015-09-18",0.7479
"2015-09-19",0
"2015-09-20",0
"2015-09-21",0
"2015-09-22",0.3444
"2015-09-23",0
"2015-09-24",12.2231
"2015-09-25",10.1269
"2015-09-26",5.4817
"2015-09-27",7.824
"2015-09-28",12.5675
"2015-09-29",0.5806
"2015-09-30",0.4035
"2015-10-01",55.4762
"2015-10-02",72.5118
"2015-10-03",3.3363
"2015-10-04",19.9093
"2015-10-05",18.8857
"2015-10-06",0
"2015-10-07",0
"2015-10-08",0
"2015-10-09",1.5156
"2015-10-10",12.9612
"2015-10-11",5.7868
"2015-10-12",23.9935
"2015-10-13",0
"2015-10-14",0
"2015-10-15",0
"2015-10-16",0
"2015-10-17",0
"2015-10-18",0
"2015-10-19",0
"2015-10-20",0
"2015-10-21",0
"2015-10-22",0
"2015-10-23",0
"2015-10-24",0
"2015-10-25",0
"2015-10-26",0
"2015-10-27",11.5637
"2015-10-28",6.4363
"2015-10-29",0
"2015-10-30",0
"2015-10-31",0
"2015-11-01",2.2045
"2015-11-02",30.666
"2015-11-03",12.9218
"2015-11-04",2.2045
"2015-11-05",0
"2015-11-06",0
"2015-11-07",22.2515
"2015-11-08",3.5331
"2015-11-09",55.8305
"2015-11-10",4.3007
"2015-11-11",0
"2015-11-12",0
"2015-11-13",0
"2015-11-14",0
"2015-11-15",0
"2015-11-16",0
"2015-11-17",0
"2015-11-18",11.1996
"2015-11-19",38.5588
"2015-11-20",0
"2015-11-21",4.2417
"2015-11-22",10.3434
"2015-11-23",0
"2015-11-24",0
"2015-11-25",0
"2015-11-26",0
"2015-11-27",0
"2015-11-28",0
"2015-11-29",0
"2015-11-30",0
"2015-12-01",1.5254
"2015-12-02",4.222
"2015-12-03",0
"2015-12-04",0
"2015-12-05",0
"2015-12-06",0.6495
"2015-12-07",17.5473
"2015-12-08",0
"2015-12-09",0.807
"2015-12-10",0
"2015-12-11",0
"2015-12-12",0
"2015-12-13",0
"2015-12-14",5.0388
"2015-12-15",0
"2015-12-16",0
"2015-12-17",4.2613
"2015-12-18",1.7124
"2015-12-19",0
"2015-12-20",0
"2015-12-21",0
"2015-12-22",20.362
"2015-12-23",43.9814
"2015-12-24",0.5413
"2015-12-25",0.2756
"2015-12-26",0
"2015-12-27",0
"2015-12-28",12.5872
"2015-12-29",0.6397
"2015-12-30",12.0951
"2015-12-31",0.5724
"2016-01-01",0.9
"2016-01-02",0
"2016-01-03",0
"2016-01-04",0
"2016-01-05",0
"2016-01-06",0
"2016-01-07",0
"2016-01-08",0.5
"2016-01-09",2.6
"2016-01-10",0
"2016-01-11",0
"2016-01-12",0
"2016-01-13",0
"2016-01-14",0
"2016-01-15",23
"2016-01-16",0.3
"2016-01-17",5.2
"2016-01-18",0
"2016-01-19",0
"2016-01-20",0
"2016-01-21",0
"2016-01-22",39.2
"2016-01-23",0
"2016-01-24",0
"2016-01-25",0
"2016-01-26",0
"2016-01-27",0
"2016-01-28",4.8
"2016-01-29",0
"2016-01-30",0
"2016-01-31",0
"2016-02-01",0
"2016-02-02",0
"2016-02-03",64.6
"2016-02-04",52.5
"2016-02-05",0
"2016-02-06",10.8
"2016-02-07",43.8
"2016-02-08",0
"2016-02-09",0
"2016-02-10",0
"2016-02-11",0
"2016-02-12",3.9
"2016-02-13",0
"2016-02-14",0
"2016-02-15",11
"2016-02-16",11.1
"2016-02-17",0
"2016-02-18",0
"2016-02-19",0
"2016-02-20",0
"2016-02-21",0
"2016-02-22",2.4
"2016-02-23",2.4
"2016-02-24",7.4
"2016-02-25",0
"2016-02-26",0
"2016-02-27",0
"2016-02-28",0
"2016-02-29",0
"2016-03-01",3.6
"2016-03-02",1.4
"2016-03-03",16.9
"2016-03-04",1.9
"2016-03-05",0
"2016-03-06",0
"2016-03-07",0
"2016-03-08",0
"2016-03-09",0
"2016-03-10",0
"2016-03-11",0
"2016-03-12",0
"2016-03-13",0.4
"2016-03-14",1.9
"2016-03-15",0
"2016-03-16",0
"2016-03-17",0
"2016-03-18",0
"2016-03-19",3.5
"2016-03-20",6
"2016-03-21",0
"2016-03-22",0
"2016-03-23",0
"2016-03-24",8
"2016-03-25",0.4
"2016-03-26",0
"2016-03-27",16.7
"2016-03-28",0
"2016-03-29",0
"2016-03-30",0
"2016-03-31",14.5
"2016-04-01",6.3
"2016-04-02",0.9
"2016-04-03",0
"2016-04-04",0
"2016-04-05",0
"2016-04-06",2.3
"2016-04-07",4.9
"2016-04-08",0
"2016-04-09",0
"2016-04-10",0
"2016-04-11",0
"2016-04-12",9.9
"2016-04-13",0
"2016-04-14",0
"2016-04-15",0
"2016-04-16",0
"2016-04-17",0
"2016-04-18",0
"2016-04-19",0
"2016-04-20",0
"2016-04-21",0
"2016-04-22",10.9
"2016-04-23",1.9
"2016-04-24",0
"2016-04-25",0
"2016-04-26",0
"2016-04-27",0
"2016-04-28",0
"2016-04-29",0
"2016-04-30",0
"2016-05-01",3.8
"2016-05-02",15.1
"2016-05-03",22.4
"2016-05-04",1.2
"2016-05-05",20.3
"2016-05-06",0
"2016-05-07",0
"2016-05-08",0
"2016-05-09",0
"2016-05-10",0
"2016-05-11",2.8
"2016-05-12",8.7
"2016-05-13",14.3
"2016-05-14",0
"2016-05-15",0
"2016-05-16",0
"2016-05-17",26.7
"2016-05-18",16.6
"2016-05-19",0.5
"2016-05-20",11.9
"2016-05-21",3
"2016-05-22",0
"2016-05-23",2
"2016-05-24",0
"2016-05-25",0
"2016-05-26",0
"2016-05-27",0
"2016-05-28",5.4
"2016-05-29",2.1
"2016-05-30",0.7
"2016-05-31",12.8
"2016-06-01",9
"2016-06-02",0
"2016-06-03",0
"2016-06-04",4.2
"2016-06-05",0
"2016-06-06",43
"2016-06-07",4.3
"2016-06-08",0
"2016-06-09",0
"2016-06-10",0
"2016-06-11",0
"2016-06-12",0
"2016-06-13",0
"2016-06-14",0.3
"2016-06-15",11.1
"2016-06-16",0
"2016-06-17",1.7
"2016-06-18",0
"2016-06-19",0
"2016-06-20",0
"2016-06-21",0
"2016-06-22",0
"2016-06-23",0
"2016-06-24",0
"2016-06-25",28
"2016-06-26",0
"2016-06-27",0
"2016-06-28",6.1
"2016-06-29",0
"2016-06-30",0
"2016-07-01",0.9
"2016-07-02",1.1
"2016-07-03",24.2
"2016-07-04",14.3
"2016-07-05",9.4
"2016-07-06",0
"2016-07-07",27.4
"2016-07-08",42.1
"2016-07-09",0
"2016-07-10",0
"2016-07-11",2.7
"2016-07-12",18.8
"2016-07-13",0
"2016-07-14",0
"2016-07-15",3.1
"2016-07-16",7.3
"2016-07-17",0
"2016-07-18",0
"2016-07-19",16.4
"2016-07-20",1.8
"2016-07-21",0
"2016-07-22",0
"2016-07-23",0
"2016-07-24",0
"2016-07-25",0
"2016-07-26",0
"2016-07-27",1.5
"2016-07-28",0
"2016-07-29",0
"2016-07-30",19.3
"2016-07-31",45.6
"2016-08-01",3
"2016-08-02",9.6
"2016-08-03",26.5
"2016-08-04",2.2
"2016-08-05",0.9
"2016-08-06",14.2
"2016-08-07",0
"2016-08-08",5.8
"2016-08-09",0.4
"2016-08-10",2.5
"2016-08-11",0
"2016-08-12",3.1
"2016-08-13",0
"2016-08-14",0
"2016-08-15",0
"2016-08-16",0
"2016-08-17",0
"2016-08-18",8.8
"2016-08-19",58.8
"2016-08-20",0
"2016-08-21",0
"2016-08-22",0
"2016-08-23",0
"2016-08-24",0
"2016-08-25",0
"2016-08-26",0
"2016-08-27",0
"2016-08-28",4
"2016-08-29",4.3
"2016-08-30",3.7
"2016-08-31",1.1
"2016-09-01",20.7
"2016-09-02",134.7
"2016-09-03",1
"2016-09-04",0
"2016-09-05",0
"2016-09-06",0
"2016-09-07",0.7
"2016-09-08",0
"2016-09-09",0
"2016-09-10",0
"2016-09-11",0
"2016-09-12",4.8
"2016-09-13",0
"2016-09-14",0.3
"2016-09-15",0.5
"2016-09-16",0
"2016-09-17",0.7
"2016-09-18",3.5
"2016-09-19",35.6
"2016-09-20",1.4
"2016-09-21",4.9
"2016-09-22",66.1
"2016-09-23",14.5
"2016-09-24",0
"2016-09-25",0
"2016-09-26",0
"2016-09-27",11
"2016-09-28",0
"2016-09-29",23.8
"2016-09-30",19
"2016-10-01",10.8
"2016-10-02",0
"2016-10-03",0
"2016-10-04",0
"2016-10-05",0
"2016-10-06",10.3
"2016-10-07",12.1
"2016-10-08",90
"2016-10-09",0
"2016-10-10",0
"2016-10-11",0
"2016-10-12",0
"2016-10-13",0
"2016-10-14",0
"2016-10-15",0
"2016-10-16",0
"2016-10-17",0
"2016-10-18",0
"2016-10-19",0
"2016-10-20",0
"2016-10-21",4.4
"2016-10-22",0
"2016-10-23",0
"2016-10-24",0
"2016-10-25",0
"2016-10-26",0
"2016-10-27",0
"2016-10-28",0
"2016-10-29",0
"2016-10-30",0
"2016-10-31",0
"2016-11-01",0
"2016-11-02",0
"2016-11-03",1.8
"2016-11-04",4
"2016-11-05",0
"2016-11-06",0
"2016-11-07",0
"2016-11-08",0
"2016-11-09",0
"2016-11-10",0
"2016-11-11",0
"2016-11-12",0
"2016-11-13",28.3
"2016-11-14",0.4
"2016-11-15",0
"2016-11-16",0
"2016-11-17",0
"2016-11-18",0
"2016-11-19",0
"2016-11-20",0
"2016-11-21",0
"2016-11-22",0
"2016-11-23",0
"2016-11-24",0
"2016-11-25",6.6
"2016-11-26",0
"2016-11-27",0
"2016-11-28",0
"2016-11-29",0.4
"2016-11-30",7
"2016-12-01",0
"2016-12-02",0
"2016-12-03",0
"2016-12-04",37.9
"2016-12-05",14.7
"2016-12-06",7.1
"2016-12-07",0
"2016-12-08",0
"2016-12-09",0
"2016-12-10",0
"2016-12-11",2.7
"2016-12-12",15
"2016-12-13",9.3
"2016-12-14",1.2
"2016-12-15",0
"2016-12-16",7
"2016-12-17",0
"2016-12-18",0.7
"2016-12-19",3.4
"2016-12-20",0
"2016-12-21",0
"2016-12-22",0
"2016-12-23",0
"2016-12-24",0
"2016-12-25",0
"2016-12-26",0
"2016-12-27",0
"2016-12-28",0
"2016-12-29",19
"2016-12-30",0
"2016-12-31",0
"2017-01-01",26.6
"2017-01-02",27.8
"2017-01-03",3.7
"2017-01-04",0
"2017-01-05",0.5
"2017-01-06",18.2
"2017-01-07",1.2
"2017-01-08",0
"2017-01-09",0
"2017-01-10",2.7
"2017-01-11",0.5
"2017-01-12",0
"2017-01-13",0
"2017-01-14",0
"2017-01-15",0
"2017-01-16",0
"2017-01-17",0
"2017-01-18",1.4
"2017-01-19",0
"2017-01-20",0
"2017-01-21",2.4
"2017-01-22",23.1
"2017-01-23",1.7
"2017-01-24",0
"2017-01-25",0
"2017-01-26",0.7
"2017-01-27",0
"2017-01-28",0
"2017-01-29",0
"2017-01-30",0
"2017-01-31",0
"2017-02-01",0
"2017-02-02",0.6
"2017-02-03",2.1
"2017-02-04",0
"2017-02-05",0
"2017-02-06",0
"2017-02-07",17.9
"2017-02-08",18.9
"2017-02-09",0
"2017-02-10",0
"2017-02-11",0
"2017-02-12",0
"2017-02-13",0
"2017-02-14",0
"2017-02-15",17.8
"2017-02-16",0
"2017-02-17",0
"2017-02-18",0
"2017-02-19",0
"2017-02-20",0
"2017-02-21",0
"2017-02-22",0
"2017-02-23",0
"2017-02-24",0
"2017-02-25",0
"2017-02-26",0
"2017-02-27",5.6
"2017-02-28",0
"2017-03-01",5.3
"2017-03-02",0
"2017-03-03",0
"2017-03-04",0
"2017-03-05",0
"2017-03-06",0
"2017-03-07",0
"2017-03-08",0
"2017-03-09",0
"2017-03-10",0.6
"2017-03-11",0.6
"2017-03-12",5.3
"2017-03-13",40.3
"2017-03-14",0.5
"2017-03-15",0
"2017-03-16",0
"2017-03-17",1.9
"2017-03-18",13.2
"2017-03-19",0
"2017-03-20",0
"2017-03-21",4.7
"2017-03-22",0
"2017-03-23",0
"2017-03-24",0
"2017-03-25",0
"2017-03-26",0
"2017-03-27",0
"2017-03-28",13.4
"2017-03-29",0
"2017-03-30",0.8
"2017-03-31",17.2
"2017-04-01",0
"2017-04-02",0
"2017-04-03",17.2
"2017-04-04",0
"2017-04-05",38.5
"2017-04-06",0.4
"2017-04-07",0
"2017-04-08",0
"2017-04-09",0
"2017-04-10",0
"2017-04-11",0
"2017-04-12",0
"2017-04-13",0
"2017-04-14",0
"2017-04-15",0.3
"2017-04-16",0
"2017-04-17",1.2
"2017-04-18",0.8
"2017-04-19",0
"2017-04-20",0
"2017-04-21",0
"2017-04-22",0.3
"2017-04-23",13.6
"2017-04-24",80.3
"2017-04-25",14.4
"2017-04-26",0
"2017-04-27",0
"2017-04-28",0
"2017-04-29",0
"2017-04-30",0
"2017-05-01",1.8
"2017-05-02",0
"2017-05-03",0
"2017-05-04",27.2
"2017-05-05",11
"2017-05-06",4.5
"2017-05-07",0
"2017-05-08",0
"2017-05-09",8.1
"2017-05-10",0
"2017-05-11",0
"2017-05-12",2.2
"2017-05-13",0
"2017-05-14",0
"2017-05-15",0
"2017-05-16",0
"2017-05-17",0
"2017-05-18",0
"2017-05-19",0
"2017-05-20",0
"2017-05-21",0
"2017-05-22",12.6
"2017-05-23",17
"2017-05-24",6.9
"2017-05-25",3.1
"2017-05-26",0
"2017-05-27",0
"2017-05-28",6.8
"2017-05-29",22.5
"2017-05-30",0.7
"2017-05-31",17.4
"2017-06-01",0
"2017-06-02",0
"2017-06-03",0
"2017-06-04",0
"2017-06-05",7.4
"2017-06-06",10.9
"2017-06-07",16
"2017-06-08",2.4
"2017-06-09",0
"2017-06-10",0
"2017-06-11",0
"2017-06-12",0
"2017-06-13",0
"2017-06-14",4.7
"2017-06-15",2
"2017-06-16",4.6
"2017-06-17",0.3
"2017-06-18",4.2
"2017-06-19",1.9
"2017-06-20",31.7
"2017-06-21",0
"2017-06-22",1.3
"2017-06-23",0
"2017-06-24",27.6
"2017-06-25",0.5
"2017-06-26",0
"2017-06-27",0
"2017-06-28",0
"2017-06-29",0
"2017-06-30",18.5
"2017-07-01",9
"2017-07-02",8
"2017-07-03",7.1
"2017-07-04",14.6
"2017-07-05",0
"2017-07-06",1.2
"2017-07-07",2.3
"2017-07-08",12.5
"2017-07-09",2.2
"2017-07-10",5.8
"2017-07-11",5.4
"2017-07-12",0
"2017-07-13",0
"2017-07-14",0
"2017-07-15",41.1
"2017-07-16",34.5
"2017-07-17",2.2
"2017-07-18",7.1
"2017-07-19",4.8
"2017-07-20",0
"2017-07-21",0
"2017-07-22",0
"2017-07-23",0
"2017-07-24",0
"2017-07-25",2.1
"2017-07-26",0
"2017-07-27",0
"2017-07-28",0
"2017-07-29",16.5
"2017-07-30",0
"2017-07-31",0
"2017-08-01",0
"2017-08-02",0
"2017-08-03",15.4
"2017-08-04",2.2
"2017-08-05",6.7
"2017-08-06",5
"2017-08-07",24.6
"2017-08-08",37.1
"2017-08-09",0
"2017-08-10",1.4
"2017-08-11",9.6
"2017-08-12",5.4
"2017-08-13",3.1
"2017-08-14",1.4
"2017-08-15",9
"2017-08-16",0
"2017-08-17",0
"2017-08-18",12.2
"2017-08-19",19.4
"2017-08-20",0
"2017-08-21",0
"2017-08-22",10.4
"2017-08-23",28.1
"2017-08-24",1.9
"2017-08-25",0
"2017-08-26",1.9
"2017-08-27",0
"2017-08-28",28.6
"2017-08-29",8.9
"2017-08-30",0
"2017-08-31",10
"2017-09-01",28.7
"2017-09-02",12.9
"2017-09-03",0
"2017-09-04",0
"2017-09-05",46.2
"2017-09-06",3.6
"2017-09-07",0
"2017-09-08",0
"2017-09-09",0
"2017-09-10",0
"2017-09-11",3
"2017-09-12",43.4
"2017-09-13",0
"2017-09-14",10.3
"2017-09-15",0
"2017-09-16",0.4
"2017-09-17",15.9
"2017-09-18",0
"2017-09-19",0
"2017-09-20",0
"2017-09-21",9.5
"2017-09-22",0
"2017-09-23",0
"2017-09-24",0
"2017-09-25",0
"2017-09-26",0
"2017-09-27",0
"2017-09-28",0
"2017-09-29",1.3
"2017-09-30",0
"2017-10-01",0
"2017-10-02",0
"2017-10-03",0
"2017-10-04",0
"2017-10-05",0
"2017-10-06",1.2
"2017-10-07",5.7
"2017-10-08",0
"2017-10-09",6.2
"2017-10-10",4.5
"2017-10-11",2.4
"2017-10-12",0
"2017-10-13",0
"2017-10-14",0
"2017-10-15",0
"2017-10-16",5.6
"2017-10-17",0
"2017-10-18",0
"2017-10-19",0
"2017-10-20",0
"2017-10-21",0
"2017-10-22",0
"2017-10-23",27.3
"2017-10-24",0
"2017-10-25",0
"2017-10-26",0
"2017-10-27",0
"2017-10-28",19.3
"2017-10-29",34
"2017-10-30",0
"2017-10-31",0
"2017-11-01",0
"2017-11-02",0
"2017-11-03",0
"2017-11-04",0
"2017-11-05",0
"2017-11-06",0
"2017-11-07",0
"2017-11-08",1.2
"2017-11-09",13.3
"2017-11-10",0
"2017-11-11",0
"2017-11-12",0
"2017-11-13",3.3
"2017-11-14",0
"2017-11-15",0
"2017-11-16",0
"2017-11-17",0
"2017-11-18",1.1
"2017-11-19",0
"2017-11-20",0
"2017-11-21",7.6
"2017-11-22",0
"2017-11-23",0
"2017-11-24",0
"2017-11-25",0
"2017-11-26",0
"2017-11-27",0
"2017-11-28",0
"2017-11-29",0
"2017-11-30",0
"2017-12-01",0
"2017-12-02",0
"2017-12-03",0
"2017-12-04",3.8
"2017-12-05",15.6
"2017-12-06",7
"2017-12-07",13.7
"2017-12-08",32.7
"2017-12-09",1.4
"2017-12-10",0
"2017-12-11",0
"2017-12-12",0
"2017-12-13",0
"2017-12-14",0
"2017-12-15",0
"2017-12-16",0
"2017-12-17",0
"2017-12-18",0
"2017-12-19",0
"2017-12-20",12.9
"2017-12-21",0.5
"2017-12-22",4.2
"2017-12-23",8.4
"2017-12-24",7.9
"2017-12-25",0
"2017-12-26",4
"2017-12-27",6.5
"2017-12-28",0
"2017-12-29",0
"2017-12-30",0
"2017-12-31",0
"2018-01-01",0
"2018-01-02",0
"2018-01-03",22
"2018-01-04",0
"2018-01-05",0
"2018-01-06",0
"2018-01-07",0
"2018-01-08",0
"2018-01-09",0
"2018-01-10",0.3
"2018-01-11",29.1
"2018-01-12",27.6
"2018-01-13",0
"2018-01-14",0
"2018-01-15",0
"2018-01-16",0
"2018-01-17",3
"2018-01-18",0
"2018-01-19",0
"2018-01-20",0
"2018-01-21",0
"2018-01-22",3.7
"2018-01-23",5.6
"2018-01-24",0
"2018-01-25",0
"2018-01-26",0
"2018-01-27",0.9
"2018-01-28",55.3
"2018-01-29",5.8
"2018-01-30",0.6
"2018-01-31",0
"2018-02-01",1.7
"2018-02-02",0
"2018-02-03",0
"2018-02-04",11
"2018-02-05",0
"2018-02-06",0
"2018-02-07",0.6
"2018-02-08",0
"2018-02-09",9.5
"2018-02-10",0.6
"2018-02-11",15.4
"2018-02-12",3.1
"2018-02-13",0.7
"2018-02-14",0
"2018-02-15",0
"2018-02-16",0
"2018-02-17",0
"2018-02-18",0
"2018-02-19",2.3
"2018-02-20",0.7
"2018-02-21",0
"2018-02-22",0
"2018-02-23",0
"2018-02-24",0
"2018-02-25",5.7
"2018-02-26",4.9
"2018-02-27",0
"2018-02-28",6.2
"2018-03-01",3.3
"2018-03-02",0
"2018-03-03",0
"2018-03-04",0
"2018-03-05",0
"2018-03-06",5.1
"2018-03-07",0
"2018-03-08",0
"2018-03-09",0
"2018-03-10",0
"2018-03-11",3.6
"2018-03-12",10.4
"2018-03-13",0
"2018-03-14",0
"2018-03-15",0
"2018-03-16",0
"2018-03-17",2.3
"2018-03-18",0
"2018-03-19",9.5
"2018-03-20",17.2
"2018-03-21",0.5
"2018-03-22",0
"2018-03-23",0
"2018-03-24",19.8
"2018-03-25",0.6
"2018-03-26",0
"2018-03-27",0
"2018-03-28",0
"2018-03-29",0
"2018-03-30",0
"2018-03-31",0
"2018-04-01",0
"2018-04-02",0
"2018-04-03",1.2
"2018-04-04",0.9
"2018-04-05",0
"2018-04-06",0
"2018-04-07",41.3
"2018-04-08",0.5
"2018-04-09",8.9
"2018-04-10",0
"2018-04-11",0
"2018-04-12",0
"2018-04-13",0
"2018-04-14",3
"2018-04-15",27.2
"2018-04-16",0
"2018-04-17",0
"2018-04-18",0
"2018-04-19",0
"2018-04-20",0
"2018-04-21",0
"2018-04-22",0
"2018-04-23",17.6
"2018-04-24",68.9
"2018-04-25",0
"2018-04-26",1.1
"2018-04-27",0
"2018-04-28",0
"2018-04-29",0
"2018-04-30",0
"2018-05-01",0
"2018-05-02",0
"2018-05-03",0
"2018-05-04",0
"2018-05-05",13
"2018-05-06",18.1
"2018-05-07",0
"2018-05-08",0
"2018-05-09",0
"2018-05-10",0
"2018-05-11",0
"2018-05-12",0
"2018-05-13",0
"2018-05-14",0
"2018-05-15",0
"2018-05-16",5.9
"2018-05-17",5.3
"2018-05-18",12.9
"2018-05-19",11.5
"2018-05-20",0.7
"2018-05-21",6.1
"2018-05-22",0
"2018-05-23",3.5
"2018-05-24",0
"2018-05-25",0
"2018-05-26",2.1
"2018-05-27",9.8
"2018-05-28",93.2
"2018-05-29",27.4
"2018-05-30",4.6
"2018-05-31",4.2
"2018-06-01",0
"2018-06-02",18.6
"2018-06-03",0
"2018-06-04",0
"2018-06-05",0
"2018-06-06",0
"2018-06-07",12
"2018-06-08",1.4
"2018-06-09",0
"2018-06-10",1.3
"2018-06-11",29
"2018-06-12",0.4
"2018-06-13",0
"2018-06-14",20.3
"2018-06-15",20.4
"2018-06-16",0
"2018-06-17",0
"2018-06-18",1.5
"2018-06-19",0
"2018-06-20",2.7
"2018-06-21",0.3
"2018-06-22",0
"2018-06-23",0
"2018-06-24",75.8
"2018-06-25",0.6
"2018-06-26",29.2
"2018-06-27",0
"2018-06-28",7.9
"2018-06-29",0
"2018-06-30",0
"2018-07-01",0
"2018-07-02",0
"2018-07-03",0
"2018-07-04",2
"2018-07-05",1.9
"2018-07-06",0
"2018-07-07",0
"2018-07-08",0
"2018-07-09",0
"2018-07-10",0
"2018-07-11",0
"2018-07-12",8.3
"2018-07-13",0
"2018-07-14",0
"2018-07-15",0
"2018-07-16",0
"2018-07-17",1.2
"2018-07-18",8.1
"2018-07-19",0
"2018-07-20",47.6
"2018-07-21",0.6
"2018-07-22",3
"2018-07-23",44.2
"2018-07-24",38.6
"2018-07-25",27.2
"2018-07-26",5
"2018-07-27",19.6
"2018-07-28",28
"2018-07-29",10.9
"2018-07-30",21
"2018-07-31",5.6
"2018-08-01",0.5
"2018-08-02",35.4
"2018-08-03",12.2
"2018-08-04",21.4
"2018-08-05",10.3
"2018-08-06",0
"2018-08-07",11.9
"2018-08-08",5.6
"2018-08-09",0
"2018-08-10",0
"2018-08-11",54.2
"2018-08-12",1.9
"2018-08-13",3.6
"2018-08-14",0.7
"2018-08-15",0
"2018-08-16",6.2
"2018-08-17",0
"2018-08-18",0.8
"2018-08-19",0.3
"2018-08-20",0.4
"2018-08-21",13.3
"2018-08-22",7.1
"2018-08-23",0
"2018-08-24",0
"2018-08-25",0
"2018-08-26",0
"2018-08-27",0
"2018-08-28",1.2
"2018-08-29",0
"2018-08-30",0
"2018-08-31",0
"2018-09-01",0
"2018-09-02",0.3
"2018-09-03",0.9
"2018-09-04",0
"2018-09-05",0
"2018-09-06",4
"2018-09-07",0
"2018-09-08",0
"2018-09-09",4.4
"2018-09-10",0.5
"2018-09-11",7.1
"2018-09-12",5
"2018-09-13",140.1
"2018-09-14",236.3
"2018-09-15",168.3
"2018-09-16",22.9
"2018-09-17",5.2
"2018-09-18",1.6
"2018-09-19",0
"2018-09-20",0
"2018-09-21",0
"2018-09-22",0
"2018-09-23",0
"2018-09-24",1.9
"2018-09-25",5.7
"2018-09-26",0
"2018-09-27",0
"2018-09-28",0.9
"2018-09-29",0
"2018-09-30",0
"2018-10-01",0
"2018-10-02",0
"2018-10-03",0
"2018-10-04",0
"2018-10-05",0
"2018-10-06",7.7
"2018-10-07",0
"2018-10-08",0
"2018-10-09",3
"2018-10-10",7.6
"2018-10-11",4.4
"2018-10-12",0
"2018-10-13",0
"2018-10-14",0
"2018-10-15",0
"2018-10-16",8.3
"2018-10-17",0.7
"2018-10-18",0
"2018-10-19",0
"2018-10-20",1.4
"2018-10-21",0
"2018-10-22",0
"2018-10-23",0
"2018-10-24",0
"2018-10-25",0
"2018-10-26",42
"2018-10-27",0.3
"2018-10-28",0
"2018-10-29",0
"2018-10-30",0
"2018-10-31",0
"2018-11-01",9.2
"2018-11-02",11.6
"2018-11-03",0
"2018-11-04",15.4
"2018-11-05",3.7
"2018-11-06",0.5
"2018-11-07",16.5
"2018-11-08",0.4
"2018-11-09",3
"2018-11-10",0
"2018-11-11",0.3
"2018-11-12",38.8
"2018-11-13",1.1
"2018-11-14",10.1
"2018-11-15",8.6
"2018-11-16",0
"2018-11-17",0
"2018-11-18",1.1
"2018-11-19",4.5
"2018-11-20",0
"2018-11-21",0
"2018-11-22",0
"2018-11-23",0.5
"2018-11-24",14.1
"2018-11-25",0
"2018-11-26",0.6
"2018-11-27",0
"2018-11-28",0
"2018-11-29",0
"2018-11-30",0
"2018-12-01",12.4
"2018-12-02",0
"2018-12-03",0
"2018-12-04",0
"2018-12-05",0
"2018-12-06",0
"2018-12-07",0
"2018-12-08",16.7
"2018-12-09",30.3
"2018-12-10",4.8
"2018-12-11",0
"2018-12-12",0
"2018-12-13",0
"2018-12-14",33.2
"2018-12-15",4.8
"2018-12-16",0
"2018-12-17",0
"2018-12-18",0
"2018-12-19",5.5
"2018-12-20",17.6
"2018-12-21",0
"2018-12-22",0
"2018-12-23",0
"2018-12-24",0
"2018-12-25",0
"2018-12-26",0
"2018-12-27",5.7
"2018-12-28",22.7
"2018-12-29",7.9
"2018-12-30",5.2
"2018-12-31",0
"2019-01-01",0.4
"2019-01-02",0
"2019-01-03",0.6
"2019-01-04",15.2
"2019-01-05",0
"2019-01-06",0
"2019-01-07",0
"2019-01-08",0
"2019-01-09",0
"2019-01-10",0
"2019-01-11",0
"2019-01-12",1.1
"2019-01-13",4.5
"2019-01-14",0
"2019-01-15",0
"2019-01-16",0
"2019-01-17",1.5
"2019-01-18",0
"2019-01-19",10.2
"2019-01-20",0
"2019-01-21",0
"2019-01-22",0
"2019-01-23",24.9
"2019-01-24",21.1
"2019-01-25",0
"2019-01-26",0
"2019-01-27",0
"2019-01-28",0
"2019-01-29",0
"2019-01-30",0
"2019-01-31",0
"2019-02-01",0
"2019-02-02",1.6
"2019-02-03",13.6
"2019-02-04",0.4
"2019-02-05",0
"2019-02-06",0
"2019-02-07",0
"2019-02-08",0
"2019-02-09",0
"2019-02-10",0
"2019-02-11",13.2
"2019-02-12",1.5
"2019-02-13",0
"2019-02-14",0
"2019-02-15",2.3
"2019-02-16",5.1
"2019-02-17",1.2
"2019-02-18",0.4
"2019-02-19",5.4
"2019-02-20",5.2
"2019-02-21",0
"2019-02-22",3.6
"2019-02-23",0.5
"2019-02-24",0
"2019-02-25",0
"2019-02-26",0
"2019-02-27",0
"2019-02-28",0
"2019-03-01",13.8
"2019-03-02",0.7
"2019-03-03",21.8
"2019-03-04",5.8
"2019-03-05",1.8
"2019-03-06",0
"2019-03-07",0
"2019-03-08",4.4
"2019-03-09",0
"2019-03-10",0
"2019-03-11",0
"2019-03-12",0
"2019-03-13",0
"2019-03-14",0
"2019-03-15",0
"2019-03-16",0
"2019-03-17",0
"2019-03-18",0
"2019-03-19",0
"2019-03-20",22.1
"2019-03-21",0.6
"2019-03-22",0
"2019-03-23",0
"2019-03-24",0
"2019-03-25",2
"2019-03-26",0.3
"2019-03-27",0
"2019-03-28",0
"2019-03-29",0
"2019-03-30",0
"2019-03-31",0.6
"2019-04-01",3.6
"2019-04-02",22.3
"2019-04-03",0
"2019-04-04",0
"2019-04-05",9.4
"2019-04-06",0
"2019-04-07",0
"2019-04-08",0.9
"2019-04-09",0
"2019-04-10",0
"2019-04-11",0
"2019-04-12",2.8
"2019-04-13",13.9
"2019-04-14",4.2
"2019-04-15",0
"2019-04-16",0
"2019-04-17",0
"2019-04-18",0
"2019-04-19",23.6
"2019-04-20",0
"2019-04-21",0
"2019-04-22",0
"2019-04-23",0
"2019-04-24",0
"2019-04-25",0
"2019-04-26",3.8
"2019-04-27",0
"2019-04-28",0
"2019-04-29",0
"2019-04-30",0
"2019-05-01",0
"2019-05-02",0
"2019-05-03",0
"2019-05-04",0.8
"2019-05-05",8.7
"2019-05-06",0
"2019-05-07",0
"2019-05-08",0
"2019-05-09",0
"2019-05-10",0
"2019-05-11",0.6
"2019-05-12",27.3
"2019-05-13",0
"2019-05-14",0
"2019-05-15",0
"2019-05-16",0
"2019-05-17",0
"2019-05-18",0
"2019-05-19",0
"2019-05-20",0
"2019-05-21",0
"2019-05-22",0
"2019-05-23",0
"2019-05-24",0
"2019-05-25",0
"2019-05-26",0
"2019-05-27",0
"2019-05-28",0
"2019-05-29",0
"2019-05-30",0
"2019-05-31",9.7
"2019-06-01",1.1
"2019-06-02",0
"2019-06-03",0
"2019-06-04",0
"2019-06-05",0.5
"2019-06-06",0
"2019-06-07",9.7
"2019-06-08",26.3
"2019-06-09",4.8
"2019-06-10",7.2
"2019-06-11",1.3
"2019-06-12",6.3
"2019-06-13",0
"2019-06-14",0
"2019-06-15",0
"2019-06-16",0
"2019-06-17",0
"2019-06-18",5.8
"2019-06-19",0.4
"2019-06-20",1.1
"2019-06-21",0
"2019-06-22",0
"2019-06-23",1.2
"2019-06-24",0
"2019-06-25",0
"2019-06-26",0
"2019-06-27",0
"2019-06-28",0
"2019-06-29",0
"2019-06-30",0
"2019-07-01",0
"2019-07-02",0
"2019-07-03",36.2
"2019-07-04",3.2
"2019-07-05",22.6
"2019-07-06",2.3
"2019-07-07",3.2
"2019-07-08",24.1
"2019-07-09",7.2
"2019-07-10",0.4
"2019-07-11",8.9
"2019-07-12",8.2
"2019-07-13",23.9
"2019-07-14",0
"2019-07-15",0
"2019-07-16",0
"2019-07-17",0
"2019-07-18",2.7
"2019-07-19",0
"2019-07-20",0
"2019-07-21",0
"2019-07-22",0
"2019-07-23",1.4
"2019-07-24",0
"2019-07-25",0
"2019-07-26",0
"2019-07-27",0
"2019-07-28",0
"2019-07-29",0
"2019-07-30",0
"2019-07-31",0
"2019-08-01",3.9
"2019-08-02",17.2
"2019-08-03",0
"2019-08-04",0
"2019-08-05",4
"2019-08-06",0
"2019-08-07",2
"2019-08-08",0.7
"2019-08-09",0
"2019-08-10",53.5
"2019-08-11",0
"2019-08-12",0
"2019-08-13",0
"2019-08-14",1.3
"2019-08-15",8.1
"2019-08-16",31.4
"2019-08-17",46.8
"2019-08-18",0
"2019-08-19",4.5
"2019-08-20",0
"2019-08-21",0
"2019-08-22",0
"2019-08-23",0
"2019-08-24",0
"2019-08-25",0
"2019-08-26",0
"2019-08-27",0
"2019-08-28",0
"2019-08-29",0
"2019-08-30",0
"2019-08-31",0
"2019-09-01",11.7
"2019-09-02",2.1
"2019-09-03",1.1
"2019-09-04",12.9
"2019-09-05",135.2
"2019-09-06",1.7
"2019-09-07",0
"2019-09-08",0
"2019-09-09",54.7
"2019-09-10",0
"2019-09-11",0
"2019-09-12",0
"2019-09-13",0.3
"2019-09-14",0
"2019-09-15",0
"2019-09-16",0
"2019-09-17",0
"2019-09-18",0
"2019-09-19",0
"2019-09-20",0
"2019-09-21",0
"2019-09-22",0
"2019-09-23",0
"2019-09-24",0
"2019-09-25",0
"2019-09-26",0
"2019-09-27",0
"2019-09-28",0
"2019-09-29",0.6
"2019-09-30",0
"2019-10-01",0
"2019-10-02",0
"2019-10-03",0
"2019-10-04",0
"2019-10-05",0
"2019-10-06",0
"2019-10-07",0
"2019-10-08",0
"2019-10-09",0
"2019-10-10",0
"2019-10-11",0
"2019-10-12",0
"2019-10-13",19
"2019-10-14",0
"2019-10-15",4.5
"2019-10-16",5.3
"2019-10-17",0
"2019-10-18",0
"2019-10-19",18.1
"2019-10-20",0
"2019-10-21",0
"2019-10-22",0.3
"2019-10-23",0
"2019-10-24",0
"2019-10-25",0
"2019-10-26",1.9
"2019-10-27",5.6
"2019-10-28",0
"2019-10-29",1.8
"2019-10-30",0
"2019-10-31",9.6
"2019-11-01",0
"2019-11-02",0
"2019-11-03",0
"2019-11-04",0
"2019-11-05",7.2
"2019-11-06",0
"2019-11-07",16.5
"2019-11-08",0
"2019-11-09",0
"2019-11-10",0
"2019-11-11",0
"2019-11-12",14
"2019-11-13",0
"2019-11-14",18.7
"2019-11-15",16.1
"2019-11-16",12.2
"2019-11-17",0
"2019-11-18",0.5
"2019-11-19",0
"2019-11-20",0
"2019-11-21",0
"2019-11-22",0
"2019-11-23",11.7
"2019-11-24",0
"2019-11-25",0
"2019-11-26",0
"2019-11-27",0
"2019-11-28",0
"2019-11-29",0
"2019-11-30",8.7
"2019-12-01",15
"2019-12-02",0
"2019-12-03",0
"2019-12-04",0
"2019-12-05",0
"2019-12-06",1.4
"2019-12-07",0
"2019-12-08",15.3
"2019-12-09",0
"2019-12-10",0
"2019-12-11",0
"2019-12-12",0
"2019-12-13",13.8
"2019-12-14",0
"2019-12-15",0
"2019-12-16",0
"2019-12-17",0.6
"2019-12-18",0
"2019-12-19",0
"2019-12-20",0
"2019-12-21",0
"2019-12-22",6.1
"2019-12-23",11.6
"2019-12-24",0
"2019-12-25",0
"2019-12-26",0
"2019-12-27",0
"2019-12-28",0
"2019-12-29",6.1
"2019-12-30",2.2
"2019-12-31",0
"2020-01-01",0
"2020-01-02",0
"2020-01-03",5.3
"2020-01-04",5.9
"2020-01-05",0
"2020-01-06",0
"2020-01-07",0
"2020-01-08",0
"2020-01-09",0
"2020-01-10",0
"2020-01-11",0.9
"2020-01-12",0.4
"2020-01-13",4.7
"2020-01-14",0
"2020-01-15",0
"2020-01-16",0
"2020-01-17",0
"2020-01-18",0.7
"2020-01-19",0
"2020-01-20",0
"2020-01-21",0
"2020-01-22",0
"2020-01-23",0
"2020-01-24",9.6
"2020-01-25",0
"2020-01-26",0
"2020-01-27",1
"2020-01-28",0
"2020-01-29",0
"2020-01-30",0
"2020-01-31",36.1
"2020-02-01",0.4
"2020-02-02",0
"2020-02-03",0
"2020-02-04",0.8
"2020-02-05",1.1
"2020-02-06",81.4
"2020-02-07",0
"2020-02-08",0
"2020-02-09",0
"2020-02-10",0
"2020-02-11",0.4
"2020-02-12",0
"2020-02-13",3.4
"2020-02-14",0
"2020-02-15",0
"2020-02-16",9.3
"2020-02-17",0
"2020-02-18",6.9
"2020-02-19",3.5
"2020-02-20",35.4
"2020-02-21",0
"2020-02-22",0
"2020-02-23",0
"2020-02-24",8.5
"2020-02-25",7.9
"2020-02-26",3.1
"2020-02-27",0
"2020-02-28",0
"2020-02-29",0
"2020-03-01",0
"2020-03-02",2.3
"2020-03-03",0.6
"2020-03-04",4.3
"2020-03-05",37.8
"2020-03-06",0.4
"2020-03-07",0
"2020-03-08",0
"2020-03-09",0
"2020-03-10",0
"2020-03-11",0
"2020-03-12",0
"2020-03-13",0
"2020-03-14",5.3
"2020-03-15",0
"2020-03-16",1.5
"2020-03-17",5.1
"2020-03-18",0
"2020-03-19",0
"2020-03-20",0
"2020-03-21",0
"2020-03-22",0.9
"2020-03-23",3.1
"2020-03-24",16.8
"2020-03-25",0
"2020-03-26",0
"2020-03-27",0
"2020-03-28",0
"2020-03-29",0
"2020-03-30",0
"2020-03-31",20.5
"2020-04-01",0
"2020-04-02",0
"2020-04-03",0
"2020-04-04",0
"2020-04-05",0
"2020-04-06",8.6
"2020-04-07",0
"2020-04-08",9.1
"2020-04-09",1.5
"2020-04-10",0
"2020-04-11",0
"2020-04-12",0.5
"2020-04-13",18.5
"2020-04-14",0
"2020-04-15",2.3
"2020-04-16",0
"2020-04-17",0
"2020-04-18",0
"2020-04-19",5.3
"2020-04-20",9.3
"2020-04-21",0
"2020-04-22",0
"2020-04-23",6.1
"2020-04-24",0
"2020-04-25",3.7
"2020-04-26",0
"2020-04-27",0
"2020-04-28",0
"2020-04-29",0
"2020-04-30",29.4
"2020-05-01",0
"2020-05-02",0
"2020-05-03",0
"2020-05-04",2.2
"2020-05-05",26.1
"2020-05-06",2
"2020-05-07",0
"2020-05-08",0.6
"2020-05-09",0
"2020-05-10",0
"2020-05-11",0
"2020-05-12",0
"2020-05-13",0
"2020-05-14",0
"2020-05-15",0
"2020-05-16",0
"2020-05-17",72.5
"2020-05-18",13.8
"2020-05-19",15.1
"2020-05-20",51.7
"2020-05-21",51.8
"2020-05-22",3.6
"2020-05-23",0
"2020-05-24",0
"2020-05-25",0
"2020-05-26",0.4
"2020-05-27",1.1
"2020-05-28",1.4
"2020-05-29",34.8
"2020-05-30",5.2
"2020-05-31",0
"2020-06-01",0
"2020-06-02",0
"2020-06-03",0
"2020-06-04",0
"2020-06-05",0
"2020-06-06",12.6
"2020-06-07",6.1
"2020-06-08",0
"2020-06-09",0
"2020-06-10",0
"2020-06-11",17.9
"2020-06-12",43.7
"2020-06-13",18.4
"2020-06-14",2
"2020-06-15",33.7
"2020-06-16",52.7
"2020-06-17",0
"2020-06-18",0
"2020-06-19",8
"2020-06-20",20.5
"2020-06-21",0
"2020-06-22",12
"2020-06-23",3.8
"2020-06-24",1.7
"2020-06-25",5.3
"2020-06-26",0
"2020-06-27",0
"2020-06-28",1.2
"2020-06-29",0
"2020-06-30",19.9
"2020-07-01",1.7
"2020-07-02",0
"2020-07-03",0
"2020-07-04",0
"2020-07-05",3.6
"2020-07-06",1.7
"2020-07-07",3.9
"2020-07-08",8.6
"2020-07-09",9.4
"2020-07-10",0
"2020-07-11",1.1
"2020-07-12",0.5
"2020-07-13",37.4
"2020-07-14",0
"2020-07-15",6
"2020-07-16",0
"2020-07-17",0
"2020-07-18",0
"2020-07-19",0
"2020-07-20",0
"2020-07-21",0
"2020-07-22",0
"2020-07-23",0
"2020-07-24",0
"2020-07-25",8.2
"2020-07-26",0
"2020-07-27",0
"2020-07-28",17.3
"2020-07-29",5.9
"2020-07-30",4.6
"2020-07-31",0
"2020-08-01",0.5
"2020-08-02",0
"2020-08-03",33.9
"2020-08-04",0
"2020-08-05",5.9
"2020-08-06",16.7
"2020-08-07",0
"2020-08-08",0
"2020-08-09",18.6
"2020-08-10",2.4
"2020-08-11",21.1
"2020-08-12",0
"2020-08-13",26.7
"2020-08-14",6
"2020-08-15",37.5
"2020-08-16",13.9
"2020-08-17",0
"2020-08-18",0
"2020-08-19",42.7
"2020-08-20",0.9
"2020-08-21",0.4
"2020-08-22",0
"2020-08-23",5.6
"2020-08-24",2.1
"2020-08-25",0
"2020-08-26",0
"2020-08-27",0
"2020-08-28",0
"2020-08-29",2.1
"2020-08-30",0
"2020-08-31",0
"2020-09-01",5.4
"2020-09-02",0.3
"2020-09-03",0
"2020-09-04",0
"2020-09-05",0
"2020-09-06",0
"2020-09-07",0
"2020-09-08",28.6
"2020-09-09",18.9
"2020-09-10",0
"2020-09-11",0.6
"2020-09-12",0
"2020-09-13",12.5
"2020-09-14",0
"2020-09-15",0
"2020-09-16",4.9
"2020-09-17",66.8
"2020-09-18",1.7
"2020-09-19",0
"2020-09-20",0
"2020-09-21",0
"2020-09-22",0
"2020-09-23",0
"2020-09-24",0.4
"2020-09-25",15.9
"2020-09-26",0
"2020-09-27",0
"2020-09-28",12.8
"2020-09-29",11.8
"2020-09-30",0
"2020-10-01",0
"2020-10-02",0
"2020-10-03",1
"2020-10-04",2.7
"2020-10-05",0
"2020-10-06",0
"2020-10-07",0
"2020-10-08",0
"2020-10-09",0.9
"2020-10-10",4.5
"2020-10-11",27.4
"2020-10-12",0
"2020-10-13",0
"2020-10-14",0
"2020-10-15",0
"2020-10-16",2
"2020-10-17",0
"2020-10-18",0
"2020-10-19",0
"2020-10-20",0
"2020-10-21",0
"2020-10-22",0
"2020-10-23",0
"2020-10-24",0
"2020-10-25",33.1
"2020-10-26",0
"2020-10-27",0
"2020-10-28",0
"2020-10-29",0.8
"2020-10-30",0
"2020-10-31",0
"2020-11-01",8.7
"2020-11-02",0
"2020-11-03",0
"2020-11-04",0
"2020-11-05",0
"2020-11-06",0.7
"2020-11-07",0
"2020-11-08",0
"2020-11-09",0.8
"2020-11-10",0.8
"2020-11-11",40.9
"2020-11-12",85.1
"2020-11-13",0
"2020-11-14",0
"2020-11-15",0
"2020-11-16",0
"2020-11-17",0
"2020-11-18",0
"2020-11-19",0
"2020-11-20",0
"2020-11-21",0
"2020-11-22",1
"2020-11-23",0
"2020-11-24",0
"2020-11-25",3.4
"2020-11-26",7.9
"2020-11-27",0.4
"2020-11-28",0
"2020-11-29",33
"2020-11-30",0.5
"2020-12-01",0
"2020-12-02",0
"2020-12-03",0
"2020-12-04",5
"2020-12-05",0
"2020-12-06",2.5
"2020-12-07",1.2
"2020-12-08",0
"2020-12-09",0
"2020-12-10",0
"2020-12-11",0.7
"2020-12-12",2.5
"2020-12-13",1.5
"2020-12-14",1.2
"2020-12-15",0.8
"2020-12-16",14.2
"2020-12-17",0
"2020-12-18",0
"2020-12-19",0
"2020-12-20",23.3
"2020-12-21",0
"2020-12-22",0
"2020-12-23",0
"2020-12-24",8.9
"2020-12-25",0
"2020-12-26",0
"2020-12-27",0
"2020-12-28",0
"2020-12-29",0
"2020-12-30",0.3
"2020-12-31",38.4
"2021-01-01",2.1
"2021-01-02",4.8
"2021-01-03",1.1
"2021-01-04",0
"2021-01-05",1.1
"2021-01-06",0
"2021-01-07",9.1
"2021-01-08",4.1
"2021-01-09",0
"2021-01-10",0
"2021-01-11",10
"2021-01-12",2.1
"2021-01-13",1.7
"2021-01-14",0
"2021-01-15",9.1
"2021-01-16",0
"2021-01-17",0
"2021-01-18",0
"2021-01-19",0
"2021-01-20",0
"2021-01-21",0
"2021-01-22",0
"2021-01-23",0
"2021-01-24",3.9
"2021-01-25",16.7
"2021-01-26",2.4
"2021-01-27",12.1
"2021-01-28",0.4
"2021-01-29",0
"2021-01-30",0
"2021-01-31",24.5
"2021-02-01",0.6
"2021-02-02",0
"2021-02-03",0
"2021-02-04",0
"2021-02-05",2
"2021-02-06",9.8
"2021-02-07",1.3
"2021-02-08",0
"2021-02-09",1.6
"2021-02-10",1
"2021-02-11",4.8
"2021-02-12",2.5
"2021-02-13",23.7
"2021-02-14",34.5
"2021-02-15",2
"2021-02-16",0
"2021-02-17",0.6
"2021-02-18",42.1
"2021-02-19",14.2
"2021-02-20",0
"2021-02-21",0.4
"2021-02-22",0
"2021-02-23",0
"2021-02-24",0
"2021-02-25",0
"2021-02-26",0
"2021-02-27",6.4
"2021-02-28",0
"2021-03-01",0
"2021-03-02",0.3
"2021-03-03",0
"2021-03-04",0
"2021-03-05",0
"2021-03-06",0
"2021-03-07",0
"2021-03-08",0
"2021-03-09",0
"2021-03-10",0
"2021-03-11",0
"2021-03-12",0
"2021-03-13",0
"2021-03-14",0
"2021-03-15",0
"2021-03-16",18.4
"2021-03-17",0.4
"2021-03-18",0
"2021-03-19",0.9
"2021-03-20",0
"2021-03-21",0
"2021-03-22",2
"2021-03-23",3.6
"2021-03-24",0
"2021-03-25",0
"2021-03-26",0.4
"2021-03-27",5.4
"2021-03-28",5.3
"2021-03-29",0
"2021-03-30",0
"2021-03-31",16.6
"2021-04-01",0
"2021-04-02",0
"2021-04-03",0
"2021-04-04",0
"2021-04-05",0
"2021-04-06",0
"2021-04-07",0
"2021-04-08",0
"2021-04-09",0
"2021-04-10",7.2
"2021-04-11",0
"2021-04-12",0
"2021-04-13",0
"2021-04-14",0
"2021-04-15",1.5
"2021-04-16",0
"2021-04-17",0
"2021-04-18",0
"2021-04-19",1
"2021-04-20",0
"2021-04-21",0
"2021-04-22",0
"2021-04-23",0
"2021-04-24",0.4
"2021-04-25",0
"2021-04-26",0
"2021-04-27",0
"2021-04-28",0
"2021-04-29",0
"2021-04-30",0
"2021-05-01",0
"2021-05-02",0
"2021-05-03",1.1
"2021-05-04",1.8
"2021-05-05",0
"2021-05-06",0
"2021-05-07",11.3
"2021-05-08",0
"2021-05-09",0
"2021-05-10",6.4
"2021-05-11",0
"2021-05-12",19.1
"2021-05-13",0
"2021-05-14",0
"2021-05-15",0
"2021-05-16",0
"2021-05-17",0
"2021-05-18",0
"2021-05-19",0
"2021-05-20",0
"2021-05-21",0
"2021-05-22",0
"2021-05-23",0
"2021-05-24",2.5
"2021-05-25",0
"2021-05-26",0
"2021-05-27",0
"2021-05-28",0.4
"2021-05-29",16.5
"2021-05-30",0
"2021-05-31",0
"2021-06-01",0
"2021-06-02",5.7
"2021-06-03",55
"2021-06-04",38.8
"2021-06-05",0
"2021-06-06",10.2
"2021-06-07",4.5
"2021-06-08",3.6
"2021-06-09",3
"2021-06-10",24.9
"2021-06-11",9.1
"2021-06-12",0.7
"2021-06-13",0.6
"2021-06-14",0
"2021-06-15",2.5
"2021-06-16",0
"2021-06-17",0
"2021-06-18",0
"2021-06-19",2.7
"2021-06-20",12.1
"2021-06-21",0
"2021-06-22",21.3
"2021-06-23",0
"2021-06-24",0
"2021-06-25",21.2
"2021-06-26",0.6
"2021-06-27",0
"2021-06-28",0.7
"2021-06-29",0
"2021-06-30",0
"2021-07-01",0
"2021-07-02",40.4
"2021-07-03",0
"2021-07-04",0
"2021-07-05",0
"2021-07-06",0
"2021-07-07",2.8
"2021-07-08",14.5
"2021-07-09",7.7
"2021-07-10",0
"2021-07-11",4.8
"2021-07-12",4.8
"2021-07-13",0
"2021-07-14",0
"2021-07-15",7.7
"2021-07-16",0
"2021-07-17",1.5
"2021-07-18",17.2
"2021-07-19",24.4
"2021-07-20",0
"2021-07-21",1.5
"2021-07-22",0.5
"2021-07-23",0
"2021-07-24",0
"2021-07-25",0
"2021-07-26",2.6
"2021-07-27",8.5
"2021-07-28",17.7
"2021-07-29",0
"2021-07-30",0
"2021-07-31",2.6
"2021-08-01",18.8
"2021-08-02",6
"2021-08-03",75.8
"2021-08-04",5.1
"2021-08-05",0
"2021-08-06",14.6
"2021-08-07",11.2
"2021-08-08",0
"2021-08-09",0
"2021-08-10",0
"2021-08-11",0
"2021-08-12",0
"2021-08-13",0
"2021-08-14",0
"2021-08-15",2.3
"2021-08-16",1
"2021-08-17",10.2
"2021-08-18",4.1
"2021-08-19",0
"2021-08-20",14.3
"2021-08-21",0
"2021-08-22",0
"2021-08-23",0
"2021-08-24",0
"2021-08-25",16
"2021-08-26",0
"2021-08-27",0
"2021-08-28",0
"2021-08-29",0
"2021-08-30",0
"2021-08-31",0
"2021-09-01",2.6
"2021-09-02",0.5
"2021-09-03",0
"2021-09-04",0
"2021-09-05",0
"2021-09-06",0
"2021-09-07",0.8
"2021-09-08",0.3
"2021-09-09",3.4
"2021-09-10",0
"2021-09-11",0
"2021-09-12",0
"2021-09-13",0
"2021-09-14",0
"2021-09-15",0
"2021-09-16",0
"2021-09-17",1.7
"2021-09-18",0
"2021-09-19",0
"2021-09-20",0.4
"2021-09-21",21.2
"2021-09-22",29.9
"2021-09-23",0.7
"2021-09-24",0
"2021-09-25",0
"2021-09-26",0
"2021-09-27",0
"2021-09-28",0
"2021-09-29",0
"2021-09-30",0
"2021-10-01",0
"2021-10-02",0
"2021-10-03",1.1
"2021-10-04",1
"2021-10-05",0
"2021-10-06",0
"2021-10-07",16.8
"2021-10-08",49.2
"2021-10-09",11.4
"2021-10-10",1.3
"2021-10-11",1.2
"2021-10-12",0
"2021-10-13",0
"2021-10-14",0
"2021-10-15",0
"2021-10-16",1.5
"2021-10-17",0
"2021-10-18",0
"2021-10-19",0
"2021-10-20",0
"2021-10-21",0
"2021-10-22",0
"2021-10-23",0
"2021-10-24",0
"2021-10-25",7.5
"2021-10-26",0
"2021-10-27",0
"2021-10-28",13
"2021-10-29",1.2
"2021-10-30",0
"2021-10-31",0
"2021-11-01",0
"2021-11-02",0
"2021-11-03",0
"2021-11-04",0
"2021-11-05",0
"2021-11-06",10.6
"2021-11-07",0
"2021-11-08",0
"2021-11-09",0
"2021-11-10",0
"2021-11-11",5.7
"2021-11-12",0
"2021-11-13",0
"2021-11-14",0
"2021-11-15",0
"2021-11-16",0
"2021-11-17",0
"2021-11-18",0.3
"2021-11-19",0
"2021-11-20",0
"2021-11-21",0
"2021-11-22",1.2
"2021-11-23",0
"2021-11-24",0
"2021-11-25",2.3
"2021-11-26",1.4
"2021-11-27",0
"2021-11-28",0
"2021-11-29",0
"2021-11-30",0
"2021-12-01",0
"2021-12-02",0
"2021-12-03",0
"2021-12-04",0
"2021-12-05",0
"2021-12-06",0
"2021-12-07",0.4
"2021-12-08",27.2
"2021-12-09",0
"2021-12-10",1
"2021-12-11",4.6
"2021-12-12",0
"2021-12-13",0
"2021-12-14",0
"2021-12-15",0
"2021-12-16",0
"2021-12-17",0
"2021-12-18",0.3
"2021-12-19",5.5
"2021-12-20",0.8
"2021-12-21",15.7
"2021-12-22",0.5
"2021-12-23",0
"2021-12-24",0
"2021-12-25",0
"2021-12-26",0
"2021-12-27",0
"2021-12-28",0
"2021-12-29",0.8
"2021-12-30",1.3
"2021-12-31",0
"2022-01-01",0
"2022-01-02",14.7
"2022-01-03",3.3
"2022-01-04",0
"2022-01-05",1.7
"2022-01-06",0
"2022-01-07",0
"2022-01-08",0
"2022-01-09",10.5
"2022-01-10",0
"2022-01-11",0
"2022-01-12",0
"2022-01-13",0
"2022-01-14",0
"2022-01-15",1.1
"2022-01-16",47.1
"2022-01-17",0
"2022-01-18",0
"2022-01-19",0
"2022-01-20",4.8
"2022-01-21",12.8
"2022-01-22",0
"2022-01-23",0
"2022-01-24",0
"2022-01-25",0
"2022-01-26",0
"2022-01-27",0
"2022-01-28",2.6
"2022-01-29",0.3
"2022-01-30",0
"2022-01-31",0
"2022-02-01",0
"2022-02-02",0
"2022-02-03",0
"2022-02-04",7.7
"2022-02-05",0
"2022-02-06",0
"2022-02-07",10.8
"2022-02-08",0
"2022-02-09",0
"2022-02-10",0
"2022-02-11",0
"2022-02-12",0
"2022-02-13",1.3
"2022-02-14",0
"2022-02-15",0
"2022-02-16",0
"2022-02-17",8.4
"2022-02-18",3.6
"2022-02-19",0
"2022-02-20",0
"2022-02-21",0.3
"2022-02-22",0
"2022-02-23",0
"2022-02-24",0
"2022-02-25",0
"2022-02-26",0
"2022-02-27",6.5
"2022-02-28",0
"2022-03-01",0
"2022-03-02",0
"2022-03-03",0
"2022-03-04",0
"2022-03-05",0
"2022-03-06",0
"2022-03-07",0
"2022-03-08",2.2
"2022-03-09",3
"2022-03-10",0.6
"2022-03-11",2.9
"2022-03-12",13.1
"2022-03-13",0
"2022-03-14",0
"2022-03-15",0
"2022-03-16",5.1
"2022-03-17",0
"2022-03-18",0
"2022-03-19",0
"2022-03-20",0
"2022-03-21",0
"2022-03-22",0
"2022-03-23",16.9
"2022-03-24",24.3
"2022-03-25",0
"2022-03-26",0
"2022-03-27",0
"2022-03-28",0
"2022-03-29",0
"2022-03-30",0
"2022-03-31",11
"2022-04-01",0
"2022-04-02",0
"2022-04-03",0
"2022-04-04",0
"2022-04-05",37.7
"2022-04-06",3.3
"2022-04-07",0
"2022-04-08",0
"2022-04-09",0
"2022-04-10",0
"2022-04-11",0
"2022-04-12",0
"2022-04-13",0
"2022-04-14",0
"2022-04-15",0
"2022-04-16",1
"2022-04-17",0.4
"2022-04-18",23.7
"2022-04-19",0
"2022-04-20",0
"2022-04-21",0
"2022-04-22",0
"2022-04-23",0
"2022-04-24",0
"2022-04-25",0
"2022-04-26",1.7
"2022-04-27",0
"2022-04-28",0
"2022-04-29",3.6
"2022-04-30",0
"2022-05-01",0.4
"2022-05-02",0
"2022-05-03",0
"2022-05-04",1.8
"2022-05-05",0
"2022-05-06",0
"2022-05-07",14.4
"2022-05-08",0.6
"2022-05-09",0
"2022-05-10",0
"2022-05-11",1.2
"2022-05-12",5.3
"2022-05-13",4.1
"2022-05-14",3.3
"2022-05-15",0
"2022-05-16",5.1
"2022-05-17",0
"2022-05-18",0
"2022-05-19",0
"2022-05-20",0
"2022-05-21",0
"2022-05-22",0
"2022-05-23",12.9
"2022-05-24",3
"2022-05-25",0
"2022-05-26",0
"2022-05-27",3.9
"2022-05-28",0
"2022-05-29",0
"2022-05-30",0
"2022-05-31",0
"2022-06-01",0
"2022-06-02",2.2
"2022-06-03",69
"2022-06-04",0
"2022-06-05",0
"2022-06-06",0
"2022-06-07",0
"2022-06-08",4.8
"2022-06-09",2.7
"2022-06-10",0
"2022-06-11",0
"2022-06-12",27.9
"2022-06-13",0
"2022-06-14",0
"2022-06-15",0
"2022-06-16",0
"2022-06-17",2.8
"2022-06-18",0
"2022-06-19",0
"2022-06-20",0
"2022-06-21",0
"2022-06-22",11.9
"2022-06-23",1.5
"2022-06-24",0
"2022-06-25",0
"2022-06-26",0
"2022-06-27",6.6
"2022-06-28",4.9
"2022-06-29",2.4
"2022-06-30",0
"2022-07-01",5.4
"2022-07-02",3.3
"2022-07-03",4.9
"2022-07-04",1.5
"2022-07-05",0
"2022-07-06",11.4
"2022-07-07",37.1
"2022-07-08",15.4
"2022-07-09",55.5
"2022-07-10",1.6
"2022-07-11",0
"2022-07-12",0
"2022-07-13",5.4
"2022-07-14",2.6
"2022-07-15",12.6
"2022-07-16",0
"2022-07-17",0.6
"2022-07-18",2
"2022-07-19",30.9
"2022-07-20",10.6
"2022-07-21",17.1
"2022-07-22",0.9
"2022-07-23",0
"2022-07-24",2.6
"2022-07-25",1.7
"2022-07-26",1.2
"2022-07-27",0
"2022-07-28",0
"2022-07-29",0
"2022-07-30",28.7
"2022-07-31",15.1
"2022-08-01",0
"2022-08-02",0
"2022-08-03",0
"2022-08-04",0
"2022-08-05",1.2
"2022-08-06",0
"2022-08-07",0.5
"2022-08-08",3.4
"2022-08-09",0
"2022-08-10",0
"2022-08-11",0
"2022-08-12",19.7
"2022-08-13",0
"2022-08-14",0
"2022-08-15",5.6
"2022-08-16",0
"2022-08-17",0
"2022-08-18",0
"2022-08-19",37.7
"2022-08-20",0.8
"2022-08-21",47.8
"2022-08-22",5.3
"2022-08-23",0.9
"2022-08-24",0
"2022-08-25",2.3
"2022-08-26",0
"2022-08-27",0
"2022-08-28",13.4
"2022-08-29",2.5
"2022-08-30",0.6
"2022-08-31",0
"2022-09-01",0
"2022-09-02",0
"2022-09-03",0
"2022-09-04",0
"2022-09-05",0.6
"2022-09-06",3.4
"2022-09-07",17.9
"2022-09-08",0
"2022-09-09",6
"2022-09-10",10.7
"2022-09-11",17.8
"2022-09-12",3.4
"2022-09-13",0
"2022-09-14",0
"2022-09-15",0
"2022-09-16",0
"2022-09-17",0
"2022-09-18",0
"2022-09-19",0.7
"2022-09-20",0
"2022-09-21",0
"2022-09-22",2.3
"2022-09-23",0
"2022-09-24",0
"2022-09-25",0
"2022-09-26",0.6
"2022-09-27",0
"2022-09-28",0
"2022-09-29",26.9
"2022-09-30",31.7
"2022-10-01",0
"2022-10-02",2.6
"2022-10-03",0
"2022-10-04",0
"2022-10-05",0
"2022-10-06",0
"2022-10-07",0
"2022-10-08",0
"2022-10-09",0
"2022-10-10",0
"2022-10-11",0
"2022-10-12",12.6
"2022-10-13",4
"2022-10-14",0
"2022-10-15",0
"2022-10-16",0
"2022-10-17",2
"2022-10-18",0
"2022-10-19",0
"2022-10-20",0
"2022-10-21",0
"2022-10-22",1.2
"2022-10-23",0.4
"2022-10-24",0
"2022-10-25",0
"2022-10-26",0
"2022-10-27",0
"2022-10-28",34
"2022-10-29",2.2
"2022-10-30",0
"2022-10-31",0
"2022-11-01",0.5
"2022-11-02",0
"2022-11-03",0
"2022-11-04",0.3
"2022-11-05",0
"2022-11-06",0
"2022-11-07",0
"2022-11-08",0
"2022-11-09",0
"2022-11-10",8.9
"2022-11-11",2.8
"2022-11-12",0.6
"2022-11-13",0
"2022-11-14",0
"2022-11-15",6.9
"2022-11-16",0
"2022-11-17",0
"2022-11-18",0
"2022-11-19",0
"2022-11-20",0
"2022-11-21",0
"2022-11-22",0
"2022-11-23",0
"2022-11-24",2.6
"2022-11-25",7.2
"2022-11-26",0
"2022-11-27",0.6
"2022-11-28",0
"2022-11-29",0.4
"2022-11-30",10.9
"2022-12-01",0.3
"2022-12-02",0
"2022-12-03",1
"2022-12-04",0
"2022-12-05",0
"2022-12-06",0
"2022-12-07",0
"2022-12-08",2.2
"2022-12-09",0
"2022-12-10",0
"2022-12-11",0.3
"2022-12-12",0
"2022-12-13",0
"2022-12-14",1.7
"2022-12-15",17.7
"2022-12-16",0
"2022-12-17",0
"2022-12-18",0
"2022-12-19",0
"2022-12-20",0.8
"2022-12-21",2.2
"2022-12-22",32.3
"2022-12-23",0
"2022-12-24",0
"2022-12-25",0
"2022-12-26",0
"2022-12-27",0
"2022-12-28",0
"2022-12-29",0
"2022-12-30",21.3
"2022-12-31",0.6
"2023-01-01",0
"2023-01-02",0
"2023-01-03",0
"2023-01-04",2.5
"2023-01-05",0
"2023-01-06",0
"2023-01-07",0
"2023-01-08",0
"2023-01-09",0
"2023-01-10",0
"2023-01-11",0
"2023-01-12",3.8
"2023-01-13",0
"2023-01-14",0
"2023-01-15",0
"2023-01-16",0
"2023-01-17",0.5
"2023-01-18",0
"2023-01-19",0
"2023-01-20",0
"2023-01-21",0.7
"2023-01-22",41.9
"2023-01-23",0
"2023-01-24",0
"2023-01-25",6.2
"2023-01-26",0
"2023-01-27",0
"2023-01-28",0
"2023-01-29",7
"2023-01-30",1.1
"2023-01-31",1.1
"2023-02-01",5.5
"2023-02-02",11.8
"2023-02-03",0
"2023-02-04",0
"2023-02-05",4.3
"2023-02-06",0
"2023-02-07",0
"2023-02-08",0
"2023-02-09",0
"2023-02-10",9.1
"2023-02-11",32.9
"2023-02-12",5.1
"2023-02-13",0
"2023-02-14",0
"2023-02-15",0
"2023-02-16",0
"2023-02-17",0.6
"2023-02-18",0
"2023-02-19",0
"2023-02-20",0
"2023-02-21",0
"2023-02-22",0.3
"2023-02-23",7.4
"2023-02-24",0
"2023-02-25",0
"2023-02-26",0
"2023-02-27",0.4
"2023-02-28",1.6
"2023-03-01",0
"2023-03-02",1.7
"2023-03-03",0
"2023-03-04",0
"2023-03-05",0
"2023-03-06",0
"2023-03-07",0
"2023-03-08",0
"2023-03-09",0
"2023-03-10",3.3
"2023-03-11",0
"2023-03-12",11.4
"2023-03-13",0
"2023-03-14",0
"2023-03-15",0
"2023-03-16",0
"2023-03-17",4.7
"2023-03-18",0.7
"2023-03-19",0
"2023-03-20",0
"2023-03-21",0
"2023-03-22",0
"2023-03-23",0
"2023-03-24",0
"2023-03-25",1.1
"2023-03-26",21.7
"2023-03-27",0.4
"2023-03-28",2.8
"2023-03-29",0
"2023-03-30",0
"2023-03-31",1.1
"2023-04-01",1.5
"2023-04-02",0
"2023-04-03",2.4
"2023-04-04",0
"2023-04-05",0
"2023-04-06",0
"2023-04-07",9
"2023-04-08",45.4
"2023-04-09",1.5
"2023-04-10",0
"2023-04-11",0
"2023-04-12",0
"2023-04-13",1.5
"2023-04-14",9.1
"2023-04-15",0
"2023-04-16",0
"2023-04-17",0
"2023-04-18",0
"2023-04-19",0
"2023-04-20",0
"2023-04-21",0
"2023-04-22",9.8
"2023-04-23",0
"2023-04-24",0
"2023-04-25",0
"2023-04-26",8.8
"2023-04-27",3.6
"2023-04-28",10.1
"2023-04-29",4.8
"2023-04-30",12.9
"2023-05-01",0
"2023-05-02",0
"2023-05-03",0
"2023-05-04",0
"2023-05-05",0
"2023-05-06",0
"2023-05-07",0
"2023-05-08",0
"2023-05-09",2.3
"2023-05-10",0
"2023-05-11",0
"2023-05-12",0
"2023-05-13",0
"2023-05-14",0
"2023-05-15",0
"2023-05-16",0
"2023-05-17",0
"2023-05-18",4.8
"2023-05-19",51.2
"2023-05-20",0
"2023-05-21",0
"2023-05-22",0
"2023-05-23",0
"2023-05-24",0
"2023-05-25",0.9
"2023-05-26",19.6
"2023-05-27",41.2
"2023-05-28",14.3
"2023-05-29",0
"2023-05-30",11.1
"2023-05-31",0
"2023-06-01",3.1
"2023-06-02",0.6
"2023-06-03",0
"2023-06-04",0
"2023-06-05",0
"2023-06-06",9.8
"2023-06-07",6.8
"2023-06-08",1
"2023-06-09",0
"2023-06-10",0
"2023-06-11",0
"2023-06-12",10.6
"2023-06-13",0
"2023-06-14",0
"2023-06-15",0
"2023-06-16",1.9
"2023-06-17",0
"2023-06-18",0
"2023-06-19",0.5
"2023-06-20",24.1
"2023-06-21",11.1
"2023-06-22",13.2
"2023-06-23",9.3
"2023-06-24",0.8
"2023-06-25",0
"2023-06-26",24
"2023-06-27",9.3
"2023-06-28",0
"2023-06-29",0
"2023-06-30",0
"2023-07-01",0
"2023-07-02",0
"2023-07-03",0
"2023-07-04",0.8
"2023-07-05",13
"2023-07-06",26.2
"2023-07-07",30.2
"2023-07-08",0
"2023-07-09",15
"2023-07-10",0.6
"2023-07-11",0
"2023-07-12",3
"2023-07-13",4.3
"2023-07-14",37.6
"2023-07-15",13.5
"2023-07-16",0
"2023-07-17",0
"2023-07-18",0
"2023-07-19",23.5
"2023-07-20",0
"2023-07-21",0
"2023-07-22",6.7
"2023-07-23",3.4
"2023-07-24",0
"2023-07-25",0
"2023-07-26",0
"2023-07-27",0.6
"2023-07-28",0
"2023-07-29",3
"2023-07-30",9.2
"2023-07-31",0
"2023-08-01",2.2
"2023-08-02",0
"2023-08-03",0.4
"2023-08-04",9.7
"2023-08-05",0
"2023-08-06",0
"2023-08-07",3.4
"2023-08-08",0
"2023-08-09",0
"2023-08-10",7.6
"2023-08-11",0
"2023-08-12",0
"2023-08-13",5.3
"2023-08-14",5.4
"2023-08-15",3.1
"2023-08-16",14.7
"2023-08-17",0
"2023-08-18",0
"2023-08-19",0
"2023-08-20",0
"2023-08-21",0
"2023-08-22",0
"2023-08-23",0
"2023-08-24",0
"2023-08-25",0
"2023-08-26",2.8
"2023-08-27",33.8
"2023-08-28",2.1
"2023-08-29",4.2
"2023-08-30",137
"2023-08-31",4.5
"2023-09-01",0
"2023-09-02",0
"2023-09-03",0
"2023-09-04",0
"2023-09-05",0
"2023-09-06",0
"2023-09-07",0
"2023-09-08",1.3
"2023-09-09",5.3
"2023-09-10",0.8
"2023-09-11",0
"2023-09-12",0
"2023-09-13",9.8
"2023-09-14",0
"2023-09-15",0
"2023-09-16",0
"2023-09-17",12
"2023-09-18",0
"2023-09-19",0
"2023-09-20",0
"2023-09-21",0
"2023-09-22",96.6
"2023-09-23",25.7
"2023-09-24",0
"2023-09-25",0
"2023-09-26",0
"2023-09-27",0
"2023-09-28",0
"2023-09-29",0
"2023-09-30",0
"2023-10-01",0
"2023-10-02",0
"2023-10-03",0
"2023-10-04",0
"2023-10-05",3.1
"2023-10-06",0.3
"2023-10-07",0
"2023-10-08",0
"2023-10-09",0
"2023-10-10",0
"2023-10-11",2.1
"2023-10-12",10
"2023-10-13",0
"2023-10-14",5.5
"2023-10-15",0
"2023-10-16",0
"2023-10-17",0
"2023-10-18",0
"2023-10-19",0.7
"2023-10-20",2
"2023-10-21",0
"2023-10-22",0
"2023-10-23",0
"2023-10-24",0
"2023-10-25",0
"2023-10-26",0
"2023-10-27",0
"2023-10-28",0
"2023-10-29",0
"2023-10-30",0
"2023-10-31",0
"2023-11-01",0
"2023-11-02",0
"2023-11-03",0
"2023-11-04",0
"2023-11-05",0
"2023-11-06",0
"2023-11-07",0
"2023-11-08",0
"2023-11-09",0
"2023-11-10",0
"2023-11-11",10.4
"2023-11-12",2.1
"2023-11-13",0
"2023-11-14",0
"2023-11-15",0
"2023-11-16",0
"2023-11-17",0
"2023-11-18",0
"2023-11-19",0
"2023-11-20",0
"2023-11-21",10.5
"2023-11-22",18
"2023-11-23",0
"2023-11-24",0.6
"2023-11-25",0
"2023-11-26",9.8
"2023-11-27",0
"2023-11-28",0
"2023-11-29",0
"2023-11-30",0
"2023-12-01",0.3
"2023-12-02",0.4
"2023-12-03",0
"2023-12-04",0
"2023-12-05",0
"2023-12-06",0
"2023-12-07",0
"2023-12-08",0
"2023-12-09",8.9
"2023-12-10",41.3
"2023-12-11",0.7
"2023-12-12",0
"2023-12-13",0
"2023-12-14",0
"2023-12-15",0
"2023-12-16",1.3
"2023-12-17",72.3
"2023-12-18",0
"2023-12-19",0
"2023-12-20",0
"2023-12-21",0
"2023-12-22",0
"2023-12-23",0
"2023-12-24",0
"2023-12-25",0
"2023-12-26",35.6
"2023-12-27",33.4
"2023-12-28",0
"2023-12-29",0
"2023-12-30",0
"2023-12-31",0
"2024-01-01",0
"2024-01-02",0
"2024-01-03",8
"2024-01-04",0
"2024-01-05",0
"2024-01-06",3.1
"2024-01-07",0
"2024-01-08",0.7
"2024-01-09",39.1
"2024-01-10",0
"2024-01-11",0
"2024-01-12",2.1
"2024-01-13",0
"2024-01-14",0
"2024-01-15",0
"2024-01-16",1.4
"2024-01-17",0
"2024-01-18",0
"2024-01-19",0
"2024-01-20",0
"2024-01-21",0
"2024-01-22",0
"2024-01-23",0
"2024-01-24",1.4
"2024-01-25",0.5
"2024-01-26",0.9
"2024-01-27",12
"2024-01-28",0
"2024-01-29",0
"2024-01-30",0.7
"2024-01-31",1
"2024-02-01",0
"2024-02-02",0
"2024-02-03",0
"2024-02-04",0
"2024-02-05",0
"2024-02-06",0
"2024-02-07",0
"2024-02-08",0
"2024-02-09",0
"2024-02-10",0
"2024-02-11",7
"2024-02-12",20.5
"2024-02-13",0
"2024-02-14",0
"2024-02-15",0
"2024-02-16",0
"2024-02-17",0
"2024-02-18",0
"2024-02-19",0
"2024-02-20",0
"2024-02-21",0
"2024-02-22",0.3
"2024-02-23",8
"2024-02-24",0
"2024-02-25",0
"2024-02-26",0
"2024-02-27",0.5
"2024-02-28",1.7
"2024-02-29",0
"2024-03-01",29.7
"2024-03-02",7.9
"2024-03-03",0
"2024-03-04",6.6
"2024-03-05",24.1
"2024-03-06",8.1
"2024-03-07",0
"2024-03-08",0.7
"2024-03-09",2.7
"2024-03-10",0
"2024-03-11",0
"2024-03-12",0
"2024-03-13",0
"2024-03-14",0
"2024-03-15",0
"2024-03-16",0
"2024-03-17",0
"2024-03-18",0
"2024-03-19",0
"2024-03-20",0
"2024-03-21",0
"2024-03-22",45.2
"2024-03-23",4.6
"2024-03-24",0
"2024-03-25",0
"2024-03-26",0
"2024-03-27",30.2
"2024-03-28",21.4
"2024-03-29",0
"2024-03-30",0
"2024-03-31",0
"2024-04-01",0
"2024-04-02",0.9
"2024-04-03",12
"2024-04-04",0
"2024-04-05",0
"2024-04-06",0
"2024-04-07",0
"2024-04-08",0
"2024-04-09",0
"2024-04-10",0
"2024-04-11",14.5
"2024-04-12",0.9
"2024-04-13",0
"2024-04-14",0
"2024-04-15",0
"2024-04-16",0
"2024-04-17",0
"2024-04-18",0
"2024-04-19",1.3
"2024-04-20",13.2
"2024-04-21",16.5
"2024-04-22",0
"2024-04-23",0
"2024-04-24",1
"2024-04-25",0.4
"2024-04-26",0
"2024-04-27",0
"2024-04-28",0
"2024-04-29",0
"2024-04-30",0
"2024-05-01",8
"2024-05-02",0
"2024-05-03",0
"2024-05-04",0
"2024-05-05",0
"2024-05-06",4.4
"2024-05-07",0.8
"2024-05-08",1.6
"2024-05-09",0.6
"2024-05-10",18.3
"2024-05-11",0
"2024-05-12",0
"2024-05-13",0
"2024-05-14",7.6
"2024-05-15",45.7
"2024-05-16",0
"2024-05-17",1.1
"2024-05-18",26.2
"2024-05-19",0
"2024-05-20",0
"2024-05-21",0
"2024-05-22",0
"2024-05-23",0
"2024-05-24",24.2
"2024-05-25",0.6
"2024-05-26",0
"2024-05-27",4.9
"2024-05-28",10.1
"2024-05-29",0
"2024-05-30",0
"2024-05-31",0
"2024-06-01",0
"2024-06-02",0
"2024-06-03",0
"2024-06-04",0
"2024-06-05",0.7
"2024-06-06",10.1
"2024-06-07",0
"2024-06-08",0
"2024-06-09",0.6
"2024-06-10",2.2
"2024-06-11",0
"2024-06-12",0
"2024-06-13",0
"2024-06-14",0
"2024-06-15",0
"2024-06-16",0
"2024-06-17",0
"2024-06-18",0
"2024-06-19",0
"2024-06-20",0
"2024-06-21",0
"2024-06-22",6
"2024-06-23",0.6
"2024-06-24",20.2
"2024-06-25",0
"2024-06-26",0
"2024-06-27",17.6
"2024-06-28",15.4
"2024-06-29",1.5
"2024-06-30",42.9
"2024-07-01",1.2
"2024-07-02",0
"2024-07-03",0
"2024-07-04",0
"2024-07-05",0
"2024-07-06",1.2
"2024-07-07",4.4
"2024-07-08",0.8
"2024-07-09",0.6
"2024-07-10",0.5
"2024-07-11",7.4
"2024-07-12",22.9
"2024-07-13",3.6
"2024-07-14",0
"2024-07-15",0
"2024-07-16",0
"2024-07-17",2.1
"2024-07-18",20.8
"2024-07-19",21.3
"2024-07-20",0
"2024-07-21",10.4
"2024-07-22",3.6
"2024-07-23",18.6
"2024-07-24",6.4
"2024-07-25",23.1
"2024-07-26",51.3
"2024-07-27",0
"2024-07-28",0
"2024-07-29",0.4
"2024-07-30",8.8
"2024-07-31",0
"2024-08-01",0.5
"2024-08-02",4
"2024-08-03",6.9
"2024-08-04",4.6
"2024-08-05",0.7
"2024-08-06",54.2
"2024-08-07",53.7
"2024-08-08",52.3
"2024-08-09",48.6
"2024-08-10",32.9
"2024-08-11",7.9
"2024-08-12",1.4
"2024-08-13",0
"2024-08-14",0
"2024-08-15",0
"2024-08-16",0
"2024-08-17",0
"2024-08-18",0.8
"2024-08-19",8.7
"2024-08-20",0
"2024-08-21",0
"2024-08-22",0
"2024-08-23",0
"2024-08-24",0
"2024-08-25",0
"2024-08-26",0
"2024-08-27",0
"2024-08-28",0
"2024-08-29",0
"2024-08-30",8.3
"2024-08-31",0.3
"2024-09-01",0
"2024-09-02",10.5
"2024-09-03",0
"2024-09-04",0
"2024-09-05",0
"2024-09-06",16.1
"2024-09-07",2.6
"2024-09-08",0
"2024-09-09",0
"2024-09-10",0
"2024-09-11",0
"2024-09-12",9.5
"2024-09-13",11.1
"2024-09-14",15.8
"2024-09-15",23.4
"2024-09-16",143.3
"2024-09-17",0.4
"2024-09-18",0
"2024-09-19",7.9
"2024-09-20",0.3
"2024-09-21",0
"2024-09-22",0
"2024-09-23",0
"2024-09-24",0.3
"2024-09-25",0
"2024-09-26",3.7
"2024-09-27",16.2
"2024-09-28",0
"2024-09-29",0
"2024-09-30",9.9
"2024-10-01",0.9
"2024-10-02",0
"2024-10-03",0
"2024-10-04",0
"2024-10-05",0
"2024-10-06",0
"2024-10-07",0
"2024-10-08",0
"2024-10-09",0
"2024-10-10",0
"2024-10-11",0
"2024-10-12",0
"2024-10-13",0
"2024-10-14",0
"2024-10-15",0
"2024-10-16",0.5
"2024-10-17",0
"2024-10-18",0
"2024-10-19",0
"2024-10-20",0
"2024-10-21",0
"2024-10-22",0
"2024-10-23",0
"2024-10-24",0
"2024-10-25",0
"2024-10-26",0.8
"2024-10-27",2.3
"2024-10-28",0
"2024-10-29",0
"2024-10-30",0
"2024-10-31",0
"2024-11-01",0
"2024-11-02",0
"2024-11-03",0
"2024-11-04",0
"2024-11-05",0
"2024-11-06",1.1
"2024-11-07",0.3
"2024-11-08",0
"2024-11-09",0
"2024-11-10",0.4
"2024-11-11",1.5
"2024-11-12",0
"2024-11-13",0
"2024-11-14",26.8
"2024-11-15",0
"2024-11-16",0
"2024-11-17",0
"2024-11-18",0
"2024-11-19",0.5
"2024-11-20",0.5
"2024-11-21",0
"2024-11-22",0
"2024-11-23",0
"2024-11-24",0
"2024-11-25",0
"2024-11-26",1.4
"2024-11-27",0
"2024-11-28",0.8
"2024-11-29",0
"2024-11-30",0
"2024-12-01",0
"2024-12-02",0
"2024-12-03",0
"2024-12-04",0
"2024-12-05",0
"2024-12-06",0
"2024-12-07",0
"2024-12-08",0
"2024-12-09",2.9
"2024-12-10",1.8
"2024-12-11",12.3
"2024-12-12",0
"2024-12-13",0
"2024-12-14",0
"2024-12-15",0
"2024-12-16",0.7
"2024-12-17",0
"2024-12-18",0.7
"2024-12-19",0
"2024-12-20",0
"2024-12-21",0
"2024-12-22",0
"2024-12-23",0
"2024-12-24",12.3
"2024-12-25",0
"2024-12-26",0.4
"2024-12-27",0.3
"2024-12-28",0.8
"2024-12-29",7.1
"2024-12-30",0
"2024-12-31",0
"2025-01-01",0
"2025-01-02",0
"2025-01-03",6.8
"2025-01-04",0
"2025-01-05",0
"2025-01-06",2.6
"2025-01-07",0
"2025-01-08",0
"2025-01-09",0
"2025-01-10",15.8
"2025-01-11",0
"2025-01-12",0
"2025-01-13",0
"2025-01-14",0
"2025-01-15",0
"2025-01-16",0
"2025-01-17",0
"2025-01-18",10.8
"2025-01-19",1.3
"2025-01-20",0
"2025-01-21",14.9
"2025-01-22",0
"2025-01-23",0
"2025-01-24",0
"2025-01-25",0
"2025-01-26",1.4
"2025-01-27",8.7
"2025-01-28",0
"2025-01-29",0
"2025-01-30",0
"2025-01-31",2.8
"2025-02-01",0
"2025-02-02",0.8
"2025-02-03",0
"2025-02-04",0
"2025-02-05",0.3
"2025-02-06",0.4
"2025-02-07",1.7
"2025-02-08",0
"2025-02-09",0.5
"2025-02-10",0
"2025-02-11",2.6
"2025-02-12",1.2
"2025-02-13",6.1
"2025-02-14",0
"2025-02-15",2.1
"2025-02-16",8.1
"2025-02-17",0
"2025-02-18",0.5
"2025-02-19",11.8
"2025-02-20",0
"2025-02-21",0
"2025-02-22",0
"2025-02-23",0
"2025-02-24",0
"2025-02-25",0
"2025-02-26",0
"2025-02-27",0.7
"2025-02-28",0
"2025-03-01",0
"2025-03-02",0
"2025-03-03",0
"2025-03-04",0
"2025-03-05",17.1
"2025-03-06",0
"2025-03-07",0
"2025-03-08",0
"2025-03-09",0
"2025-03-10",0
"2025-03-11",0
"2025-03-12",0
"2025-03-13",0
"2025-03-14",0
"2025-03-15",0
"2025-03-16",34.6
"2025-03-17",8.6
"2025-03-18",0
"2025-03-19",0
"2025-03-20",2.3
"2025-03-21",0
"2025-03-22",0
"2025-03-23",0
"2025-03-24",0
"2025-03-25",0
"2025-03-26",0
"2025-03-27",0
"2025-03-28",0
"2025-03-29",0
"2025-03-30",0
"2025-03-31",7.2
"2025-04-01",0
"2025-04-02",1.2
"2025-04-03",0
"2025-04-04",0
"2025-04-05",0
"2025-04-06",0
"2025-04-07",13.7
"2025-04-08",0
"2025-04-09",0
"2025-04-10",8.5
"2025-04-11",3.4
"2025-04-12",0
"2025-04-13",0
"2025-04-14",0
"2025-04-15",0
"2025-04-16",0
"2025-04-17",0
"2025-04-18",0
"2025-04-19",0
"2025-04-20",0
"2025-04-21",0
"2025-04-22",0
"2025-04-23",36
"2025-04-24",0
"2025-04-25",0.3
"2025-04-26",0
"2025-04-27",0
"2025-04-28",0
"2025-04-29",0
"2025-04-30",0
"2025-05-01",0
"2025-05-02",0
"2025-05-03",7.1
"2025-05-04",5.9
"2025-05-05",0
"2025-05-06",0
"2025-05-07",0
"2025-05-08",0
"2025-05-09",1.2
"2025-05-10",1.1
"2025-05-11",21.5
"2025-05-12",138.5
"2025-05-13",38.6
"2025-05-14",8.5
"2025-05-15",0
"2025-05-16",0
"2025-05-17",0
"2025-05-18",0
"2025-05-19",0
"2025-05-20",0
"2025-05-21",0
"2025-05-22",2.2
"2025-05-23",0
"2025-05-24",0
"2025-05-25",2.5
"2025-05-26",4.8
"2025-05-27",173.7
"2025-05-28",0.7
"2025-05-29",20.3
"2025-05-30",2.9
"2025-05-31",2.6
"2025-06-01",2.1
"2025-06-02",0
"2025-06-03",0
"2025-06-04",0.9
"2025-06-05",31.6
"2025-06-06",0
"2025-06-07",15.8
"2025-06-08",21.8
"2025-06-09",1.7
"2025-06-10",2.2
"2025-06-11",14.4
"2025-06-12",1.5
"2025-06-13",18
"2025-06-14",29.3
"2025-06-15",0
"2025-06-16",29.3
"2025-06-17",2.3
"2025-06-18",0
"2025-06-19",0
"2025-06-20",21.2
"2025-06-21",0
"2025-06-22",0
"2025-06-23",0
"2025-06-24",0
"2025-06-25",6.2
"2025-06-26",0
"2025-06-27",0
"2025-06-28",0.9
"2025-06-29",0.5
"2025-06-30",0
"2025-07-01",0
"2025-07-02",21.9
"2025-07-03",0.5
"2025-07-04",7.2
"2025-07-05",34.5
"2025-07-06",4.7
"2025-07-07",0
"2025-07-08",0.3
"2025-07-09",1.2
"2025-07-10",46.2
"2025-07-11",0.4
"2025-07-12",0
"2025-07-13",0
"2025-07-14",0
"2025-07-15",0.8
"2025-07-16",9.8
"2025-07-17",1.6
"2025-07-18",0
"2025-07-19",0
"2025-07-20",0
"2025-07-21",1.5
"2025-07-22",0
"2025-07-23",0
"2025-07-24",34
"2025-07-25",0
"2025-07-26",0.9
"2025-07-27",2.7
"2025-07-28",0
"2025-07-29",6.3
"2025-07-30",7.7
"2025-07-31",27.9
"2025-08-01",46.8
"2025-08-02",0.4
"2025-08-03",0
"2025-08-04",0
"2025-08-05",0.3
"2025-08-06",33.6
"2025-08-07",0
"2025-08-08",0
"2025-08-09",0
"2025-08-10",34.5
"2025-08-11",5.7
"2025-08-12",14.6
"2025-08-13",0
"2025-08-14",8.6
"2025-08-15",0
"2025-08-16",1.7
"2025-08-17",0
"2025-08-18",0
"2025-08-19",5.9
"2025-08-20",5.1
"2025-08-21",0
"2025-08-22",0
"2025-08-23",0
"2025-08-24",0
"2025-08-25",2.9
"2025-08-26",0
"2025-08-27",0
"2025-08-28",0
"2025-08-29",0
"2025-08-30",0
"2025-08-31",0
"2025-09-01",0
"2025-09-02",0
"2025-09-03",0
"2025-09-04",0
"2025-09-05",0
"2025-09-06",0
"2025-09-07",12.5
"2025-09-08",0
"2025-09-09",0
"2025-09-10",0
"2025-09-11",0
"2025-09-12",0
"2025-09-13",0
"2025-09-14",1
"2025-09-15",1.1
"2025-09-16",0
"2025-09-17",0
"2025-09-18",0
"2025-09-19",0
"2025-09-20",0
"2025-09-21",0
"2025-09-22",0
"2025-09-23",0
"2025-09-24",0
"2025-09-25",0
"2025-09-26",12
"2025-09-27",17
"2025-09-28",7.4
"2025-09-29",16.9
"2025-09-30",0.3
"2025-10-01",0.5
"2025-10-02",0
"2025-10-03",0
"2025-10-04",0
"2025-10-05",0
"2025-10-06",0
"2025-10-07",0
"2025-10-08",1.3
"2025-10-09",0
"2025-10-10",1.8
"2025-10-11",27
"2025-10-12",17.7
"2025-10-13",1
"2025-10-14",0
"2025-10-15",0
"2025-10-16",0
"2025-10-17",0
"2025-10-18",0
"2025-10-19",0
"2025-10-20",0
"2025-10-21",0
"2025-10-22",0
"2025-10-23",0
"2025-10-24",0
"2025-10-25",0
"2025-10-26",0
"2025-10-27",6.7
"2025-10-28",9.5
"2025-10-29",1.6
"2025-10-30",0
"2025-10-31",0
"2025-11-01",0
"2025-11-02",12
"2025-11-03",7.5
"2025-11-04",0
"2025-11-05",0
"2025-11-06",0
"2025-11-07",1.9
"2025-11-08",0.5
"2025-11-09",2.9
"2025-11-10",0
"2025-11-11",0
"2025-11-12",0
"2025-11-13",0
"2025-11-14",0
"2025-11-15",0
"2025-11-16",0
"2025-11-17",0
"2025-11-18",0
"2025-11-19",0
"2025-11-20",0
"2025-11-21",2
"2025-11-22",0.6
"2025-11-23",0
"2025-11-24",0
"2025-11-25",2.5
"2025-11-26",0
"2025-11-27",0
"2025-11-28",0
"2025-11-29",0
"2025-11-30",4.3
"2025-12-01",3.4
"2025-12-02",32.5
"2025-12-03",0
"2025-12-04",1.8
"2025-12-05",20.4
"2025-12-06",3.9
"2025-12-07",0
"2025-12-08",1
"2025-12-09",0
"2025-12-10",0
"2025-12-11",0
"2025-12-12",0
"2025-12-13",0
"2025-12-14",5.3
"2025-12-15",0
"2025-12-16",0
"2025-12-17",0
"2025-12-18",27.3
"2025-12-19",0
"2025-12-20",0
"2025-12-21",0
"2025-12-22",0
"2025-12-23",0
"2025-12-24",0
"2025-12-25",0
"2025-12-26",0
"2025-12-27",0
"2025-12-28",0
"2025-12-29",0
"2025-12-30",0
"2025-12-31",0
"2026-01-01",0
"2026-01-02",0
"2026-01-03",3.6
"2026-01-04",0
"2026-01-05",0
"2026-01-06",0
"2026-01-07",0
"2026-01-08",0
"2026-01-09",0
"2026-01-10",0.7
"2026-01-11",1.6
"2026-01-12",0
"2026-01-13",0
"2026-01-14",1.1
"2026-01-15",0
"2026-01-16",0
"2026-01-17",1.2
"2026-01-18",19.4
"2026-01-19",0
"2026-01-20",0
"2026-01-21",0
"2026-01-22",0
"2026-01-23",0
"2026-01-24",0.3
"2026-01-25",9.2
"2026-01-26",3
"2026-01-27",0
"2026-01-28",0
"2026-01-29",0
"2026-01-30",0
"2026-01-31",19.2
"2026-02-01",0
"2026-02-02",0
"2026-02-03",0
"2026-02-04",15
"2026-02-05",0
"2026-02-06",0
"2026-02-07",0
"2026-02-08",0
"2026-02-09",0
"2026-02-10",0
"2026-02-11",1.5
"2026-02-12",0
"2026-02-13",0
"2026-02-14",0
"2026-02-15",14.9
"2026-02-16",0
"2026-02-17",0
"2026-02-18",0
"2026-02-19",0
"2026-02-20",2.5
"2026-02-21",2.4
"2026-02-22",0.8
"2026-02-23",0
"2026-02-24",0
"2026-02-25",0
"2026-02-26",12.6
"2026-02-27",9.1
"2026-02-28",0
"2026-03-01",0
"2026-03-02",0
"2026-03-03",0
"2026-03-04",0
"2026-03-05",0
"2026-03-06",0
"2026-03-07",0
"2026-03-08",12.8
"2026-03-09",0
"2026-03-10",0
"2026-03-11",0
"2026-03-12",2.9
"2026-03-13",0
"2026-03-14",0
"2026-03-15",0.7
"2026-03-16",24.3
"2026-03-17",0
"2026-03-18",0
"2026-03-19",0
"2026-03-20",0
"2026-03-21",0
"2026-03-22",0
"2026-03-23",0