,"(deg C) Mean Temperature (gridMET) at -77.3088E,34.5915N, 2015-01-01 to 2025-01-01"
"2015-01-01",5.2914
"2015-01-02",13.4016
"2015-01-03",16.2117
"2015-01-04",16.4565
"2015-01-05",6.8017
"2015-01-06",7.3414
"2015-01-07",-0.713
"2015-01-08",-4.4234
"2015-01-09",6.8013
"2015-01-10",1.7663
"2015-01-11",6.9065
"2015-01-12",13.3516
"2015-01-13",5.3116
"2015-01-14",3.501
"2015-01-15",6.6412
"2015-01-16",8.6767
"2015-01-17",10.3516
"2015-01-18",10.3366
"2015-01-19",11.162
"2015-01-20",11.1418
"2015-01-21",10.5718
"2015-01-22",10.5314
"2015-01-23",13.0219
"2015-01-24",9.1069
"2015-01-25",7.7216
"2015-01-26",9.4468
"2015-01-27",1.7516
"2015-01-28",1.7866
"2015-01-29",4.6812
"2015-01-30",4.5513
"2015-01-31",3.3576
"2015-02-01",10.3682
"2015-02-02",7.4081
"2015-02-03",2.1679
"2015-02-04",6.9682
"2015-02-05",2.8235
"2015-02-06",0.5326
"2015-02-07",6.8626
"2015-02-08",14.7381
"2015-02-09",14.2077
"2015-02-10",4.0983
"2015-02-11",2.6378
"2015-02-12",7.8484
"2015-02-13",-1.9524
"2015-02-14",2.8726
"2015-02-15",-3.2416
"2015-02-16",-1.4922
"2015-02-17",-1.4369
"2015-02-18",0.8879
"2015-02-19",-6.5019
"2015-02-20",-5.8223
"2015-02-21",6.2578
"2015-02-22",14.1231
"2015-02-23",5.1978
"2015-02-24",-1.8371
"2015-02-25",2.2282
"2015-02-26",1.7627
"2015-02-27",4.9183
"2015-02-28",4.5218
"2015-03-01",9.5415
"2015-03-02",11.872
"2015-03-03",10.167
"2015-03-04",19.1668
"2015-03-05",12.7521
"2015-03-06",0.6367
"2015-03-07",6.8116
"2015-03-08",14.5218
"2015-03-09",14.3123
"2015-03-10",19.3919
"2015-03-11",20.7574
"2015-03-12",12.2972
"2015-03-13",14.6517
"2015-03-14",17.1973
"2015-03-15",13.8624
"2015-03-16",15.1719
"2015-03-17",17.6821
"2015-03-18",11.8766
"2015-03-19",11.4371
"2015-03-20",14.3219
"2015-03-21",13.2217
"2015-03-22",14.6219
"2015-03-23",9.8869
"2015-03-24",14.5519
"2015-03-25",18.9715
"2015-03-26",21.0521
"2015-03-27",12.2471
"2015-03-28",4.7271
"2015-03-29",6.5767
"2015-03-30",11.9021
"2015-03-31",16.2701
"2015-04-01",11.7052
"2015-04-02",17.5551
"2015-04-03",21.97
"2015-04-04",13.9352
"2015-04-05",15.6249
"2015-04-06",19.95
"2015-04-07",20.1055
"2015-04-08",22.8851
"2015-04-09",20.2502
"2015-04-10",24.0299
"2015-04-11",17.8851
"2015-04-12",19.0902
"2015-04-13",22.8553
"2015-04-14",22.1598
"2015-04-15",16.1
"2015-04-16",19.7106
"2015-04-17",21.9001
"2015-04-18",21.5404
"2015-04-19",22.0853
"2015-04-20",22.7551
"2015-04-21",18.14
"2015-04-22",20.7299
"2015-04-23",14.8355
"2015-04-24",16.8098
"2015-04-25",17.0006
"2015-04-26",12.3556
"2015-04-27",15.35
"2015-04-28",15.6246
"2015-04-29",16.6797
"2015-04-30",13.9538
"2015-05-01",13.4538
"2015-05-02",15.4535
"2015-05-03",17.3088
"2015-05-04",18.4489
"2015-05-05",18.564
"2015-05-06",20.5089
"2015-05-07",22.084
"2015-05-08",23.5939
"2015-05-09",23.3193
"2015-05-10",22.1789
"2015-05-11",25.4189
"2015-05-12",26.6886
"2015-05-13",20.7789
"2015-05-14",17.0189
"2015-05-15",18.2185
"2015-05-16",20.3443
"2015-05-17",24.5591
"2015-05-18",26.1936
"2015-05-19",25.7792
"2015-05-20",25.4289
"2015-05-21",21.9088
"2015-05-22",16.7838
"2015-05-23",19.989
"2015-05-24",20.3185
"2015-05-25",21.4391
"2015-05-26",25.5389
"2015-05-27",22.8587
"2015-05-28",21.5135
"2015-05-29",23.7243
"2015-05-30",23.3687
"2015-05-31",23.5898
"2015-06-01",25.0251
"2015-06-02",23.905
"2015-06-03",22.0054
"2015-06-04",23.0949
"2015-06-05",20.3452
"2015-06-06",23.2902
"2015-06-07",20.9351
"2015-06-08",26.7451
"2015-06-09",23.695
"2015-06-10",25.005
"2015-06-11",26.27
"2015-06-12",27.7553
"2015-06-13",29.1551
"2015-06-14",28.8204
"2015-06-15",30.6455
"2015-06-16",32.8249
"2015-06-17",29.9351
"2015-06-18",28.6451
"2015-06-19",28.7402
"2015-06-20",29.0956
"2015-06-21",29.8597
"2015-06-22",30.1707
"2015-06-23",29.6948
"2015-06-24",28.8301
"2015-06-25",29.0653
"2015-06-26",28.5399
"2015-06-27",27.1702
"2015-06-28",24.6599
"2015-06-29",25.3148
"2015-06-30",28.5309
"2015-07-01",27.4917
"2015-07-02",26.8062
"2015-07-03",26.2061
"2015-07-04",27.9615
"2015-07-05",29.0217
"2015-07-06",28.4719
"2015-07-07",28.8761
"2015-07-08",29.126
"2015-07-09",30.1867
"2015-07-10",29.5866
"2015-07-11",28.9316
"2015-07-12",26.8563
"2015-07-13",23.871
"2015-07-14",29.306
"2015-07-15",26.6513
"2015-07-16",26.5063
"2015-07-17",25.9866
"2015-07-18",28.5465
"2015-07-19",28.5211
"2015-07-20",29.9866
"2015-07-21",28.3261
"2015-07-22",27.811
"2015-07-23",26.1565
"2015-07-24",23.9216
"2015-07-25",24.6862
"2015-07-26",26.8763
"2015-07-27",26.2415
"2015-07-28",26.3417
"2015-07-29",27.1917
"2015-07-30",27.4665
"2015-07-31",28.6906
"2015-08-01",27.6257
"2015-08-02",27.551
"2015-08-03",25.7809
"2015-08-04",26.9356
"2015-08-05",30.5154
"2015-08-06",27.651
"2015-08-07",26.2815
"2015-08-08",24.176
"2015-08-09",24.6558
"2015-08-10",26.9105
"2015-08-11",25.1161
"2015-08-12",25.3658
"2015-08-13",25.641
"2015-08-14",24.9659
"2015-08-15",25.0061
"2015-08-16",26.1363
"2015-08-17",27.2505
"2015-08-18",26.7804
"2015-08-19",25.9657
"2015-08-20",27.9461
"2015-08-21",27.586
"2015-08-22",25.6961
"2015-08-23",26.0161
"2015-08-24",26.1659
"2015-08-25",26.6159
"2015-08-26",25.826
"2015-08-27",24.2662
"2015-08-28",25.2208
"2015-08-29",25.1409
"2015-08-30",26.0011
"2015-08-31",24.7147
"2015-09-01",27.1993
"2015-09-02",26.7496
"2015-09-03",26.7999
"2015-09-04",28.0546
"2015-09-05",27.4691
"2015-09-06",25.5247
"2015-09-07",26.9694
"2015-09-08",27.3346
"2015-09-09",27.1891
"2015-09-10",27.3599
"2015-09-11",26.124
"2015-09-12",24.7691
"2015-09-13",19.5444
"2015-09-14",18.7394
"2015-09-15",20.3841
"2015-09-16",23.7146
"2015-09-17",23.1341
"2015-09-18",24.8843
"2015-09-19",24.8694
"2015-09-20",25.4146
"2015-09-21",25.8848
"2015-09-22",24.579
"2015-09-23",23.4946
"2015-09-24",23.5044
"2015-09-25",22.6994
"2015-09-26",21.7843
"2015-09-27",23.5893
"2015-09-28",24.7448
"2015-09-29",25.9391
"2015-09-30",24.6681
"2015-10-01",19.8834
"2015-10-02",21.4483
"2015-10-03",25.438
"2015-10-04",23.3239
"2015-10-05",19.6932
"2015-10-06",18.7032
"2015-10-07",21.0489
"2015-10-08",21.4986
"2015-10-09",22.3034
"2015-10-10",18.788
"2015-10-11",19.4134
"2015-10-12",18.7234
"2015-10-13",21.3784
"2015-10-14",19.5586
"2015-10-15",18.0585
"2015-10-16",19.3182
"2015-10-17",15.5139
"2015-10-18",11.2185
"2015-10-19",12.0534
"2015-10-20",15.9937
"2015-10-21",17.9786
"2015-10-22",17.8031
"2015-10-23",18.8388
"2015-10-24",17.1934
"2015-10-25",19.1038
"2015-10-26",17.2887
"2015-10-27",18.6436
"2015-10-28",20.5286
"2015-10-29",19.6831
"2015-10-30",16.1734
"2015-10-31",18.1598
"2015-11-01",23.0049
"2015-11-02",20.6898
"2015-11-03",20.1298
"2015-11-04",21.3899
"2015-11-05",22.8346
"2015-11-06",24.3451
"2015-11-07",21.6647
"2015-11-08",16.23
"2015-11-09",20.5596
"2015-11-10",19.0001
"2015-11-11",16.5401
"2015-11-12",18.7749
"2015-11-13",15.1199
"2015-11-14",11.7647
"2015-11-15",12.9001
"2015-11-16",14.3552
"2015-11-17",17.0248
"2015-11-18",19.94
"2015-11-19",18.8695
"2015-11-20",14.6397
"2015-11-21",14.9149
"2015-11-22",10.4997
"2015-11-23",7.3849
"2015-11-24",10.605
"2015-11-25",13.9048
"2015-11-26",18.4947
"2015-11-27",18.6748
"2015-11-28",18.7046
"2015-11-29",18.5348
"2015-11-30",17.5646
"2015-12-01",17.5951
"2015-12-02",19.7749
"2015-12-03",11.44
"2015-12-04",10.0351
"2015-12-05",10.8596
"2015-12-06",10.3898
"2015-12-07",9.5396
"2015-12-08",9.7545
"2015-12-09",11.4551
"2015-12-10",13.7295
"2015-12-11",15.1346
"2015-12-12",17.4953
"2015-12-13",17.8298
"2015-12-14",17.6945
"2015-12-15",14.2894
"2015-12-16",14.6352
"2015-12-17",18.3998
"2015-12-18",11.8648
"2015-12-19",8.4994
"2015-12-20",9.25
"2015-12-21",13.9353
"2015-12-22",17.6799
"2015-12-23",18.765
"2015-12-24",19.7048
"2015-12-25",19.3398
"2015-12-26",17.7948
"2015-12-27",18.4251
"2015-12-28",17.5399
"2015-12-29",20.9396
"2015-12-30",19.2499
"2015-12-31",8.6728
"2016-01-01",9.05
"2016-01-02",5.8
"2016-01-03",6.2
"2016-01-04",2.3
"2016-01-05",-0.75
"2016-01-06",5.95
"2016-01-07",10.4
"2016-01-08",10.45
"2016-01-09",13.35
"2016-01-10",9.25
"2016-01-11",2.55
"2016-01-12",5.7
"2016-01-13",2.25
"2016-01-14",8.15
"2016-01-15",11.4
"2016-01-16",11.4
"2016-01-17",3
"2016-01-18",-0.75
"2016-01-19",-3.25
"2016-01-20",-0.45
"2016-01-21",2.5
"2016-01-22",3.55
"2016-01-23",-0.65
"2016-01-24",2.65
"2016-01-25",4.5
"2016-01-26",13
"2016-01-27",9.25
"2016-01-28",6.45
"2016-01-29",6.05
"2016-01-30",6.35
"2016-01-31",12.35
"2016-02-01",14.55
"2016-02-02",13.6
"2016-02-03",17.35
"2016-02-04",10.9
"2016-02-05",4.15
"2016-02-06",5.25
"2016-02-07",3.9
"2016-02-08",6.65
"2016-02-09",3.95
"2016-02-10",1.8
"2016-02-11",2.05
"2016-02-12",0.2
"2016-02-13",-2.05
"2016-02-14",-1.75
"2016-02-15",7.6
"2016-02-16",9.85
"2016-02-17",8.5
"2016-02-18",4.2
"2016-02-19",5.9
"2016-02-20",13.65
"2016-02-21",15.6
"2016-02-22",13.15
"2016-02-23",14.25
"2016-02-24",13.55
"2016-02-25",8.6
"2016-02-26",4.95
"2016-02-27",4.8
"2016-02-28",9.5
"2016-02-29",12.2
"2016-03-01",14.05
"2016-03-02",9.8
"2016-03-03",7.85
"2016-03-04",5.15
"2016-03-05",7.1
"2016-03-06",8.65
"2016-03-07",10.7
"2016-03-08",15.65
"2016-03-09",17.55
"2016-03-10",19
"2016-03-11",18.2
"2016-03-12",18.85
"2016-03-13",20.1
"2016-03-14",18.85
"2016-03-15",19.5
"2016-03-16",19.8
"2016-03-17",18.85
"2016-03-18",17.7
"2016-03-19",15.1
"2016-03-20",7.65
"2016-03-21",9.05
"2016-03-22",12.35
"2016-03-23",17
"2016-03-24",19.8
"2016-03-25",19.25
"2016-03-26",16.75
"2016-03-27",17.7
"2016-03-28",17.75
"2016-03-29",14.35
"2016-03-30",17.25
"2016-03-31",20.9
"2016-04-01",20.75
"2016-04-02",16.65
"2016-04-03",12.6
"2016-04-04",15.2
"2016-04-05",7.3
"2016-04-06",13.55
"2016-04-07",17.95
"2016-04-08",13.6
"2016-04-09",10.9
"2016-04-10",10.2
"2016-04-11",18.25
"2016-04-12",16.1
"2016-04-13",13.25
"2016-04-14",14.4
"2016-04-15",13.25
"2016-04-16",13.6
"2016-04-17",14.15
"2016-04-18",19.55
"2016-04-19",24.05
"2016-04-20",18.25
"2016-04-21",20.4
"2016-04-22",21.1
"2016-04-23",19.9
"2016-04-24",16.75
"2016-04-25",19.65
"2016-04-26",21.55
"2016-04-27",22.05
"2016-04-28",21.9
"2016-04-29",20.4
"2016-04-30",18.95
"2016-05-01",23.25
"2016-05-02",22.3
"2016-05-03",20.9
"2016-05-04",20.9
"2016-05-05",16.3
"2016-05-06",15.2
"2016-05-07",21.55
"2016-05-08",24.4
"2016-05-09",23.45
"2016-05-10",23.9
"2016-05-11",23.65
"2016-05-12",23.7
"2016-05-13",20.55
"2016-05-14",20.25
"2016-05-15",16.45
"2016-05-16",20.15
"2016-05-17",22.85
"2016-05-18",17.45
"2016-05-19",19.5
"2016-05-20",21.55
"2016-05-21",22.65
"2016-05-22",17.8
"2016-05-23",16.95
"2016-05-24",20.4
"2016-05-25",24.15
"2016-05-26",22.85
"2016-05-27",23.45
"2016-05-28",26
"2016-05-29",25.8
"2016-05-30",25.25
"2016-05-31",25.65
"2016-06-01",24.55
"2016-06-02",26
"2016-06-03",26.45
"2016-06-04",27.1
"2016-06-05",26.55
"2016-06-06",25.25
"2016-06-07",25.7
"2016-06-08",22.5
"2016-06-09",22.6
"2016-06-10",23.95
"2016-06-11",26.05
"2016-06-12",26.75
"2016-06-13",23.9
"2016-06-14",25.4
"2016-06-15",25.2
"2016-06-16",27.15
"2016-06-17",26.05
"2016-06-18",23.3
"2016-06-19",21.3
"2016-06-20",25.15
"2016-06-21",25.9
"2016-06-22",26.9
"2016-06-23",26.65
"2016-06-24",26.55
"2016-06-25",25.9
"2016-06-26",24.7
"2016-06-27",25.55
"2016-06-28",25.55
"2016-06-29",25.95
"2016-06-30",26.85
"2016-07-01",25.85
"2016-07-02",28.1
"2016-07-03",27.35
"2016-07-04",28.2
"2016-07-05",28.4
"2016-07-06",27.95
"2016-07-07",27.8
"2016-07-08",28.15
"2016-07-09",28.7
"2016-07-10",28.3
"2016-07-11",26.15
"2016-07-12",27
"2016-07-13",28.8
"2016-07-14",29.5
"2016-07-15",27.2
"2016-07-16",26.6
"2016-07-17",27.05
"2016-07-18",28.35
"2016-07-19",26.6
"2016-07-20",27.15
"2016-07-21",26.9
"2016-07-22",27.75
"2016-07-23",28.45
"2016-07-24",28.95
"2016-07-25",28.55
"2016-07-26",29.1
"2016-07-27",29.25
"2016-07-28",30.2
"2016-07-29",29.75
"2016-07-30",29.55
"2016-07-31",27.55
"2016-08-01",27.7
"2016-08-02",26.75
"2016-08-03",26.25
"2016-08-04",27.05
"2016-08-05",27.7
"2016-08-06",27.85
"2016-08-07",27.8
"2016-08-08",28.05
"2016-08-09",27.6
"2016-08-10",27.7
"2016-08-11",28.4
"2016-08-12",28.7
"2016-08-13",28.85
"2016-08-14",29.05
"2016-08-15",28.35
"2016-08-16",28.2
"2016-08-17",28.65
"2016-08-18",27.9
"2016-08-19",26.75
"2016-08-20",27.45
"2016-08-21",27.95
"2016-08-22",26.55
"2016-08-23",24.85
"2016-08-24",25
"2016-08-25",26.15
"2016-08-26",26.9
"2016-08-27",27.8
"2016-08-28",27
"2016-08-29",26.85
"2016-08-30",26.85
"2016-08-31",25.25
"2016-09-01",26.55
"2016-09-02",23.35
"2016-09-03",22.2
"2016-09-04",22.05
"2016-09-05",22.15
"2016-09-06",24.9
"2016-09-07",26.3
"2016-09-08",26.25
"2016-09-09",25.4
"2016-09-10",25.85
"2016-09-11",26.5
"2016-09-12",24.55
"2016-09-13",23.85
"2016-09-14",24.3
"2016-09-15",24.45
"2016-09-16",25.1
"2016-09-17",25.95
"2016-09-18",26.85
"2016-09-19",25.05
"2016-09-20",23.7
"2016-09-21",25.05
"2016-09-22",24.8
"2016-09-23",24.75
"2016-09-24",25.35
"2016-09-25",22.55
"2016-09-26",23.5
"2016-09-27",23.55
"2016-09-28",24.95
"2016-09-29",24.3
"2016-09-30",23.6
"2016-10-01",23.5
"2016-10-02",22.35
"2016-10-03",21.8
"2016-10-04",21.35
"2016-10-05",22.25
"2016-10-06",22
"2016-10-07",24.7
"2016-10-08",20.6
"2016-10-09",15.45
"2016-10-10",13.9
"2016-10-11",16.4
"2016-10-12",19.3
"2016-10-13",19.7
"2016-10-14",17.2
"2016-10-15",17.65
"2016-10-16",19.7
"2016-10-17",20.65
"2016-10-18",21.5
"2016-10-19",22.05
"2016-10-20",21.45
"2016-10-21",18.8
"2016-10-22",12.4
"2016-10-23",13.45
"2016-10-24",18.15
"2016-10-25",13
"2016-10-26",14.25
"2016-10-27",17.95
"2016-10-28",17.4
"2016-10-29",17.05
"2016-10-30",21.15
"2016-10-31",15.6
"2016-11-01",16.85
"2016-11-02",18.45
"2016-11-03",20.7
"2016-11-04",12.55
"2016-11-05",10.6
"2016-11-06",12.65
"2016-11-07",9.7
"2016-11-08",10.6
"2016-11-09",11.05
"2016-11-10",9.95
"2016-11-11",14.6
"2016-11-12",8.55
"2016-11-13",10.95
"2016-11-14",14.85
"2016-11-15",10.85
"2016-11-16",11.55
"2016-11-17",11.6
"2016-11-18",14.25
"2016-11-19",12.3
"2016-11-20",4.5
"2016-11-21",5.9
"2016-11-22",5.4
"2016-11-23",8.4
"2016-11-24",15.4
"2016-11-25",16.3
"2016-11-26",7.25
"2016-11-27",5.7
"2016-11-28",11.35
"2016-11-29",19.5
"2016-11-30",20.65
"2016-12-01",13.5
"2016-12-02",8.85
"2016-12-03",8.05
"2016-12-04",10.05
"2016-12-05",11.85
"2016-12-06",13.85
"2016-12-07",10.95
"2016-12-08",8.05
"2016-12-09",2.05
"2016-12-10",1.5
"2016-12-11",7.45
"2016-12-12",13.85
"2016-12-13",9.75
"2016-12-14",7.2
"2016-12-15",3.25
"2016-12-16",0.75
"2016-12-17",12.95
"2016-12-18",15.7
"2016-12-19",3.5
"2016-12-20",3
"2016-12-21",6.8
"2016-12-22",9.95
"2016-12-23",8.9
"2016-12-24",14.3
"2016-12-25",12
"2016-12-26",13.6
"2016-12-27",17.55
"2016-12-28",11.65
"2016-12-29",10.55
"2016-12-30",4.35
"2016-12-31",7.5
"2017-01-01",13.65
"2017-01-02",15.25
"2017-01-03",14.95
"2017-01-04",10.6
"2017-01-05",7.3
"2017-01-06",5.25
"2017-01-07",-2.95
"2017-01-08",-5.5
"2017-01-09",-3.15
"2017-01-10",3.95
"2017-01-11",13.75
"2017-01-12",14.25
"2017-01-13",15.2
"2017-01-14",9.25
"2017-01-15",10.05
"2017-01-16",9.2
"2017-01-17",13.2
"2017-01-18",12.9
"2017-01-19",9.45
"2017-01-20",14.35
"2017-01-21",13.8
"2017-01-22",14
"2017-01-23",10.7
"2017-01-24",8.95
"2017-01-25",14
"2017-01-26",10.75
"2017-01-27",5.65
"2017-01-28",5.7
"2017-01-29",7.6
"2017-01-30",7.1
"2017-01-31",12.55
"2017-02-01",14.25
"2017-02-02",13
"2017-02-03",3.15
"2017-02-04",2.35
"2017-02-05",7.5
"2017-02-06",8.6
"2017-02-07",13.05
"2017-02-08",16.2
"2017-02-09",6.5
"2017-02-10",6.1
"2017-02-11",14.8
"2017-02-12",16.6
"2017-02-13",8
"2017-02-14",8.7
"2017-02-15",8.05
"2017-02-16",6.05
"2017-02-17",7.9
"2017-02-18",14.45
"2017-02-19",14.65
"2017-02-20",13.7
"2017-02-21",12.2
"2017-02-22",15.85
"2017-02-23",17.1
"2017-02-24",16.7
"2017-02-25",13.15
"2017-02-26",9.15
"2017-02-27",13.9
"2017-02-28",18.85
"2017-03-01",18.3
"2017-03-02",9.4
"2017-03-03",7.45
"2017-03-04",5.25
"2017-03-05",6.1
"2017-03-06",10.4
"2017-03-07",15.75
"2017-03-08",14.25
"2017-03-09",15.45
"2017-03-10",12.6
"2017-03-11",7.35
"2017-03-12",4.25
"2017-03-13",11.05
"2017-03-14",5.4
"2017-03-15",1.05
"2017-03-16",3.05
"2017-03-17",6.3
"2017-03-18",10.2
"2017-03-19",6.2
"2017-03-20",9.35
"2017-03-21",16.65
"2017-03-22",10.1
"2017-03-23",6.7
"2017-03-24",12.8
"2017-03-25",17.35
"2017-03-26",16.95
"2017-03-27",18.25
"2017-03-28",18
"2017-03-29",15.3
"2017-03-30",16.1
"2017-03-31",17
"2017-04-01",17.55
"2017-04-02",14.05
"2017-04-03",19.35
"2017-04-04",19.75
"2017-04-05",21.65
"2017-04-06",15.4
"2017-04-07",10.05
"2017-04-08",11.65
"2017-04-09",14.8
"2017-04-10",17.45
"2017-04-11",18.95
"2017-04-12",19.2
"2017-04-13",18.6
"2017-04-14",20.05
"2017-04-15",21.8
"2017-04-16",21.55
"2017-04-17",21.3
"2017-04-18",20.55
"2017-04-19",20.6
"2017-04-20",22.55
"2017-04-21",23.55
"2017-04-22",20.9
"2017-04-23",17.65
"2017-04-24",20.05
"2017-04-25",19.6
"2017-04-26",20.7
"2017-04-27",23.35
"2017-04-28",24.8
"2017-04-29",24.3
"2017-04-30",24.6
"2017-05-01",24.15
"2017-05-02",20.6
"2017-05-03",22.15
"2017-05-04",22.2
"2017-05-05",18.7
"2017-05-06",16.05
"2017-05-07",16.4
"2017-05-08",17.25
"2017-05-09",18.65
"2017-05-10",21.55
"2017-05-11",24.1
"2017-05-12",20.95
"2017-05-13",18.85
"2017-05-14",21
"2017-05-15",24.6
"2017-05-16",24.1
"2017-05-17",24.7
"2017-05-18",24
"2017-05-19",23.85
"2017-05-20",24.05
"2017-05-21",22.85
"2017-05-22",23.75
"2017-05-23",23.25
"2017-05-24",23.55
"2017-05-25",21.8
"2017-05-26",22.85
"2017-05-27",24.5
"2017-05-28",25.25
"2017-05-29",25.25
"2017-05-30",25.05
"2017-05-31",24.7
"2017-06-01",24.4
"2017-06-02",24.7
"2017-06-03",25
"2017-06-04",26.05
"2017-06-05",24.65
"2017-06-06",23.55
"2017-06-07",18.25
"2017-06-08",17.45
"2017-06-09",20.95
"2017-06-10",24
"2017-06-11",23.55
"2017-06-12",23.6
"2017-06-13",24.9
"2017-06-14",24.95
"2017-06-15",25.55
"2017-06-16",25.95
"2017-06-17",26.65
"2017-06-18",27
"2017-06-19",26.3
"2017-06-20",25.4
"2017-06-21",24.2
"2017-06-22",27.3
"2017-06-23",27.15
"2017-06-24",27.2
"2017-06-25",25.45
"2017-06-26",23.85
"2017-06-27",24.05
"2017-06-28",23.55
"2017-06-29",25.9
"2017-06-30",26.55
"2017-07-01",26.8
"2017-07-02",28.05
"2017-07-03",27.2
"2017-07-04",26.85
"2017-07-05",27.65
"2017-07-06",29.2
"2017-07-07",28
"2017-07-08",27.25
"2017-07-09",26.45
"2017-07-10",26.65
"2017-07-11",27.55
"2017-07-12",27.7
"2017-07-13",27.85
"2017-07-14",28.7
"2017-07-15",27
"2017-07-16",25.65
"2017-07-17",25.35
"2017-07-18",24.6
"2017-07-19",25.85
"2017-07-20",27.05
"2017-07-21",27.9
"2017-07-22",28.2
"2017-07-23",28.3
"2017-07-24",27.45
"2017-07-25",27.7
"2017-07-26",25.85
"2017-07-27",27.25
"2017-07-28",27.65
"2017-07-29",24.55
"2017-07-30",22.45
"2017-07-31",22.45
"2017-08-01",23.35
"2017-08-02",24.85
"2017-08-03",25.25
"2017-08-04",26
"2017-08-05",26.1
"2017-08-06",26.35
"2017-08-07",26.75
"2017-08-08",24.4
"2017-08-09",22.7
"2017-08-10",25
"2017-08-11",26.55
"2017-08-12",26.65
"2017-08-13",27.45
"2017-08-14",28.95
"2017-08-15",29.1
"2017-08-16",27.65
"2017-08-17",28.2
"2017-08-18",29
"2017-08-19",27.15
"2017-08-20",27.1
"2017-08-21",26.55
"2017-08-22",27
"2017-08-23",26.4
"2017-08-24",25.1
"2017-08-25",25.35
"2017-08-26",25.4
"2017-08-27",24.05
"2017-08-28",23.75
"2017-08-29",22.9
"2017-08-30",23.4
"2017-08-31",24.85
"2017-09-01",25.3
"2017-09-02",24.2
"2017-09-03",23.5
"2017-09-04",24.65
"2017-09-05",24.95
"2017-09-06",22.4
"2017-09-07",19.7
"2017-09-08",20.4
"2017-09-09",20.55
"2017-09-10",20.45
"2017-09-11",22.35
"2017-09-12",22.65
"2017-09-13",23.8
"2017-09-14",24.25
"2017-09-15",24.25
"2017-09-16",25
"2017-09-17",24.25
"2017-09-18",23.9
"2017-09-19",23.35
"2017-09-20",24.95
"2017-09-21",24.35
"2017-09-22",24.05
"2017-09-23",24.35
"2017-09-24",24.35
"2017-09-25",24.45
"2017-09-26",25.6
"2017-09-27",25.2
"2017-09-28",25.5
"2017-09-29",21.45
"2017-09-30",18.25
"2017-10-01",18.75
"2017-10-02",19.4
"2017-10-03",20.95
"2017-10-04",20.45
"2017-10-05",21.6
"2017-10-06",23.25
"2017-10-07",25.4
"2017-10-08",26
"2017-10-09",25.8
"2017-10-10",25.25
"2017-10-11",25.4
"2017-10-12",23.9
"2017-10-13",21.3
"2017-10-14",20.4
"2017-10-15",23.15
"2017-10-16",18.75
"2017-10-17",13.6
"2017-10-18",16.8
"2017-10-19",18.2
"2017-10-20",18.3
"2017-10-21",18.95
"2017-10-22",21.45
"2017-10-23",21.7
"2017-10-24",18.75
"2017-10-25",14.1
"2017-10-26",10.5
"2017-10-27",13.6
"2017-10-28",19.5
"2017-10-29",11.75
"2017-10-30",8.85
"2017-10-31",13.95
"2017-11-01",16.5
"2017-11-02",19.05
"2017-11-03",19.5
"2017-11-04",18.75
"2017-11-05",18.05
"2017-11-06",19.15
"2017-11-07",16.05
"2017-11-08",10.8
"2017-11-09",11.95
"2017-11-10",8.25
"2017-11-11",6.25
"2017-11-12",11.45
"2017-11-13",10.3
"2017-11-14",8.95
"2017-11-15",8.9
"2017-11-16",11.5
"2017-11-17",8.55
"2017-11-18",11.95
"2017-11-19",9.3
"2017-11-20",7.75
"2017-11-21",11.95
"2017-11-22",12.1
"2017-11-23",7.1
"2017-11-24",9.2
"2017-11-25",12.05
"2017-11-26",10
"2017-11-27",9.5
"2017-11-28",12.55
"2017-11-29",14.1
"2017-11-30",14.65
"2017-12-01",14.05
"2017-12-02",11.95
"2017-12-03",12.6
"2017-12-04",12.95
"2017-12-05",18
"2017-12-06",12.35
"2017-12-07",5.95
"2017-12-08",5
"2017-12-09",2.45
"2017-12-10",3.55
"2017-12-11",6.8
"2017-12-12",6.85
"2017-12-13",2.95
"2017-12-14",9.2
"2017-12-15",6.9
"2017-12-16",4.35
"2017-12-17",7.05
"2017-12-18",13.85
"2017-12-19",15.4
"2017-12-20",11.55
"2017-12-21",10.8
"2017-12-22",11.6
"2017-12-23",16.15
"2017-12-24",12.3
"2017-12-25",5.4
"2017-12-26",4.45
"2017-12-27",1.4
"2017-12-28",-1.5
"2017-12-29",2.25
"2017-12-30",5.9
"2017-12-31",7.8
"2018-01-01",-5.8
"2018-01-02",-4.5
"2018-01-03",-0.45
"2018-01-04",-5.45
"2018-01-05",-6.1
"2018-01-06",-7.35
"2018-01-07",-6.8
"2018-01-08",1.1
"2018-01-09",9.05
"2018-01-10",11.55
"2018-01-11",16.05
"2018-01-12",14.45
"2018-01-13",5
"2018-01-14",-1.2
"2018-01-15",1.6
"2018-01-16",4.35
"2018-01-17",1.8
"2018-01-18",-1
"2018-01-19",5.95
"2018-01-20",8.7
"2018-01-21",9.4
"2018-01-22",10.15
"2018-01-23",11.65
"2018-01-24",6.05
"2018-01-25",3.55
"2018-01-26",5.5
"2018-01-27",10.95
"2018-01-28",13.95
"2018-01-29",7.75
"2018-01-30",1
"2018-01-31",1.25
"2018-02-01",9.8
"2018-02-02",3.35
"2018-02-03",4.2
"2018-02-04",10.4
"2018-02-05",7.65
"2018-02-06",9.1
"2018-02-07",12.1
"2018-02-08",5.25
"2018-02-09",10.1
"2018-02-10",16.4
"2018-02-11",17.55
"2018-02-12",12.65
"2018-02-13",7.3
"2018-02-14",10.25
"2018-02-15",16.2
"2018-02-16",15.95
"2018-02-17",10.55
"2018-02-18",12.45
"2018-02-19",17.3
"2018-02-20",19.05
"2018-02-21",19.65
"2018-02-22",17.6
"2018-02-23",17.1
"2018-02-24",18.75
"2018-02-25",18.4
"2018-02-26",13.7
"2018-02-27",10.95
"2018-02-28",13.5
"2018-03-01",14.65
"2018-03-02",9.65
"2018-03-03",8.6
"2018-03-04",6.55
"2018-03-05",5.95
"2018-03-06",9.9
"2018-03-07",5.85
"2018-03-08",5.7
"2018-03-09",7
"2018-03-10",12
"2018-03-11",11.3
"2018-03-12",5.05
"2018-03-13",6.65
"2018-03-14",4.3
"2018-03-15",8.3
"2018-03-16",13.95
"2018-03-17",14.75
"2018-03-18",11.65
"2018-03-19",14
"2018-03-20",13.15
"2018-03-21",5.7
"2018-03-22",6.65
"2018-03-23",7.1
"2018-03-24",7.35
"2018-03-25",6.5
"2018-03-26",8.45
"2018-03-27",9.7
"2018-03-28",14.1
"2018-03-29",18.1
"2018-03-30",15.1
"2018-03-31",10.9
"2018-04-01",15.4
"2018-04-02",17.05
"2018-04-03",18.3
"2018-04-04",13.65
"2018-04-05",10.3
"2018-04-06",15.7
"2018-04-07",13.35
"2018-04-08",7.9
"2018-04-09",10.05
"2018-04-10",10.1
"2018-04-11",11.95
"2018-04-12",15.1
"2018-04-13",18.7
"2018-04-14",20.75
"2018-04-15",16.95
"2018-04-16",11.45
"2018-04-17",12.85
"2018-04-18",18.9
"2018-04-19",16.15
"2018-04-20",12.6
"2018-04-21",12.75
"2018-04-22",17.1
"2018-04-23",18.95
"2018-04-24",17.85
"2018-04-25",18.65
"2018-04-26",19.95
"2018-04-27",19.1
"2018-04-28",19.1
"2018-04-29",14.15
"2018-04-30",16.6
"2018-05-01",19.4
"2018-05-02",20.1
"2018-05-03",20.15
"2018-05-04",20.65
"2018-05-05",22.4
"2018-05-06",22.75
"2018-05-07",18.75
"2018-05-08",17.75
"2018-05-09",17.8
"2018-05-10",20.9
"2018-05-11",24.4
"2018-05-12",23.55
"2018-05-13",24.6
"2018-05-14",23.85
"2018-05-15",24.75
"2018-05-16",24.2
"2018-05-17",23.45
"2018-05-18",23.45
"2018-05-19",24.65
"2018-05-20",23.35
"2018-05-21",24.65
"2018-05-22",24.6
"2018-05-23",24.3
"2018-05-24",22.9
"2018-05-25",25.05
"2018-05-26",25.15
"2018-05-27",25.1
"2018-05-28",23.5
"2018-05-29",25.7
"2018-05-30",26
"2018-05-31",26.1
"2018-06-01",27.05
"2018-06-02",26.05
"2018-06-03",24.35
"2018-06-04",25.15
"2018-06-05",23.7
"2018-06-06",25.3
"2018-06-07",25
"2018-06-08",25.9
"2018-06-09",25.4
"2018-06-10",26.45
"2018-06-11",25.6
"2018-06-12",25.8
"2018-06-13",25.9
"2018-06-14",26.25
"2018-06-15",24.9
"2018-06-16",26.1
"2018-06-17",25.95
"2018-06-18",27.4
"2018-06-19",29.45
"2018-06-20",27.45
"2018-06-21",27.65
"2018-06-22",29.2
"2018-06-23",28.1
"2018-06-24",26.6
"2018-06-25",27.25
"2018-06-26",25.8
"2018-06-27",26.7
"2018-06-28",27.3
"2018-06-29",27.8
"2018-06-30",27.5
"2018-07-01",27.85
"2018-07-02",27.95
"2018-07-03",28.05
"2018-07-04",28.1
"2018-07-05",27.95
"2018-07-06",27.6
"2018-07-07",25.8
"2018-07-08",23.45
"2018-07-09",23.7
"2018-07-10",27.2
"2018-07-11",28.7
"2018-07-12",26.35
"2018-07-13",25.6
"2018-07-14",24.45
"2018-07-15",27.6
"2018-07-16",27.5
"2018-07-17",26.7
"2018-07-18",26.05
"2018-07-19",27.2
"2018-07-20",25.2
"2018-07-21",26.9
"2018-07-22",26.6
"2018-07-23",25.3
"2018-07-24",24.85
"2018-07-25",25.65
"2018-07-26",27.05
"2018-07-27",26
"2018-07-28",25.8
"2018-07-29",26.7
"2018-07-30",26.05
"2018-07-31",26.3
"2018-08-01",27.75
"2018-08-02",25.35
"2018-08-03",25.5
"2018-08-04",26.8
"2018-08-05",26.7
"2018-08-06",27.4
"2018-08-07",27.45
"2018-08-08",27.55
"2018-08-09",27.1
"2018-08-10",27.95
"2018-08-11",27.05
"2018-08-12",26
"2018-08-13",26.5
"2018-08-14",27.05
"2018-08-15",27.55
"2018-08-16",28.3
"2018-08-17",28.45
"2018-08-18",27.8
"2018-08-19",26.95
"2018-08-20",27.1
"2018-08-21",27.6
"2018-08-22",26.35
"2018-08-23",24.1
"2018-08-24",25.85
"2018-08-25",25.95
"2018-08-26",25.35
"2018-08-27",26.6
"2018-08-28",27.65
"2018-08-29",27.75
"2018-08-30",27.4
"2018-08-31",27.05
"2018-09-01",26.65
"2018-09-02",27.1
"2018-09-03",26.75
"2018-09-04",27.4
"2018-09-05",26.55
"2018-09-06",26.5
"2018-09-07",26.3
"2018-09-08",26.75
"2018-09-09",25.85
"2018-09-10",26.95
"2018-09-11",26.9
"2018-09-12",28.1
"2018-09-13",25.75
"2018-09-14",25
"2018-09-15",24.6
"2018-09-16",25.85
"2018-09-17",27.35
"2018-09-18",26.6
"2018-09-19",25.85
"2018-09-20",24.05
"2018-09-21",22.55
"2018-09-22",24.05
"2018-09-23",25.1
"2018-09-24",25.45
"2018-09-25",25.9
"2018-09-26",27.15
"2018-09-27",27.8
"2018-09-28",26.7
"2018-09-29",24
"2018-09-30",22.95
"2018-10-01",22.85
"2018-10-02",23.9
"2018-10-03",24.95
"2018-10-04",25.75
"2018-10-05",27
"2018-10-06",24.7
"2018-10-07",25.85
"2018-10-08",26
"2018-10-09",26.1
"2018-10-10",26.35
"2018-10-11",21.8
"2018-10-12",18.1
"2018-10-13",18.5
"2018-10-14",20.95
"2018-10-15",24.6
"2018-10-16",24.85
"2018-10-17",18.6
"2018-10-18",14.25
"2018-10-19",17.4
"2018-10-20",16.75
"2018-10-21",10.15
"2018-10-22",12.2
"2018-10-23",16.2
"2018-10-24",11.25
"2018-10-25",10.7
"2018-10-26",15.95
"2018-10-27",12.65
"2018-10-28",14.75
"2018-10-29",13.05
"2018-10-30",11.7
"2018-10-31",15.3
"2018-11-01",19.7
"2018-11-02",18.3
"2018-11-03",13.25
"2018-11-04",17.65
"2018-11-05",20.3
"2018-11-06",21.4
"2018-11-07",19.55
"2018-11-08",15.35
"2018-11-09",17.45
"2018-11-10",9.7
"2018-11-11",9.15
"2018-11-12",16.7
"2018-11-13",15.2
"2018-11-14",11.35
"2018-11-15",14.2
"2018-11-16",8.25
"2018-11-17",9.85
"2018-11-18",13.1
"2018-11-19",12.05
"2018-11-20",11
"2018-11-21",9.6
"2018-11-22",6.75
"2018-11-23",7.75
"2018-11-24",12.7
"2018-11-25",11.65
"2018-11-26",11.7
"2018-11-27",4.05
"2018-11-28",1.85
"2018-11-29",5.8
"2018-11-30",15.2
"2018-12-01",16.4
"2018-12-02",18
"2018-12-03",13.35
"2018-12-04",7.85
"2018-12-05",4.45
"2018-12-06",4.85
"2018-12-07",7
"2018-12-08",5.9
"2018-12-09",9.2
"2018-12-10",4.05
"2018-12-11",5.1
"2018-12-12",6.1
"2018-12-13",7.85
"2018-12-14",15.5
"2018-12-15",14.3
"2018-12-16",10.55
"2018-12-17",10.85
"2018-12-18",7.15
"2018-12-19",10.3
"2018-12-20",17.25
"2018-12-21",14.3
"2018-12-22",8.05
"2018-12-23",8.05
"2018-12-24",6.7
"2018-12-25",6.95
"2018-12-26",7.85
"2018-12-27",14.4
"2018-12-28",17.95
"2018-12-29",16.05
"2018-12-30",12.95
"2018-12-31",7.8
"2019-01-01",17.05
"2019-01-02",13
"2019-01-03",13.5
"2019-01-04",14.65
"2019-01-05",11.3
"2019-01-06",12.75
"2019-01-07",12.4
"2019-01-08",15.5
"2019-01-09",6.7
"2019-01-10",1.05
"2019-01-11",1.95
"2019-01-12",5.65
"2019-01-13",7.35
"2019-01-14",1.25
"2019-01-15",2.75
"2019-01-16",5.25
"2019-01-17",6.2
"2019-01-18",8.4
"2019-01-19",11.9
"2019-01-20",5.55
"2019-01-21",-2.9
"2019-01-22",1.75
"2019-01-23",14.05
"2019-01-24",9.65
"2019-01-25",4.55
"2019-01-26",4.95
"2019-01-27",5.45
"2019-01-28",2.65
"2019-01-29",6.55
"2019-01-30",2.95
"2019-01-31",1.35
"2019-02-01",7.45
"2019-02-02",8.8
"2019-02-03",12.1
"2019-02-04",12.3
"2019-02-05",13.15
"2019-02-06",14.35
"2019-02-07",18.65
"2019-02-08",15.25
"2019-02-09",5.45
"2019-02-10",7.9
"2019-02-11",10.75
"2019-02-12",14.45
"2019-02-13",9
"2019-02-14",10.65
"2019-02-15",16.1
"2019-02-16",9.15
"2019-02-17",10.3
"2019-02-18",12.55
"2019-02-19",5.25
"2019-02-20",11.6
"2019-02-21",15.6
"2019-02-22",9.8
"2019-02-23",11.8
"2019-02-24",14.05
"2019-02-25",10.5
"2019-02-26",11.35
"2019-02-27",17.35
"2019-02-28",13.35
"2019-03-01",14.45
"2019-03-02",11.45
"2019-03-03",14.3
"2019-03-04",6.3
"2019-03-05",3.05
"2019-03-06",2.55
"2019-03-07",6.85
"2019-03-08",10.85
"2019-03-09",13.7
"2019-03-10",18.8
"2019-03-11",15.95
"2019-03-12",10.1
"2019-03-13",11.7
"2019-03-14",17.35
"2019-03-15",18.4
"2019-03-16",10.1
"2019-03-17",9.45
"2019-03-18",11.6
"2019-03-19",9.7
"2019-03-20",12.1
"2019-03-21",11.55
"2019-03-22",10.75
"2019-03-23",10.1
"2019-03-24",13.85
"2019-03-25",15.6
"2019-03-26",9.45
"2019-03-27",10.8
"2019-03-28",13.05
"2019-03-29",16.35
"2019-03-30",17.8
"2019-03-31",13.85
"2019-04-01",8.9
"2019-04-02",8.85
"2019-04-03",12.55
"2019-04-04",16.45
"2019-04-05",17.65
"2019-04-06",17
"2019-04-07",17.65
"2019-04-08",21.25
"2019-04-09",22.1
"2019-04-10",18.2
"2019-04-11",21.85
"2019-04-12",22.6
"2019-04-13",22
"2019-04-14",22
"2019-04-15",17.2
"2019-04-16",14.45
"2019-04-17",19
"2019-04-18",22.3
"2019-04-19",20.7
"2019-04-20",15.9
"2019-04-21",14.75
"2019-04-22",17.95
"2019-04-23",20.85
"2019-04-24",21.45
"2019-04-25",22.4
"2019-04-26",19.15
"2019-04-27",20.6
"2019-04-28",19.8
"2019-04-29",20.6
"2019-04-30",21.8
"2019-05-01",23.5
"2019-05-02",22.7
"2019-05-03",23.2
"2019-05-04",25.35
"2019-05-05",22.3
"2019-05-06",20.1
"2019-05-07",20.25
"2019-05-08",22.45
"2019-05-09",23.75
"2019-05-10",25
"2019-05-11",25.4
"2019-05-12",23.6
"2019-05-13",21.2
"2019-05-14",17.75
"2019-05-15",18.45
"2019-05-16",23
"2019-05-17",24.2
"2019-05-18",25.6
"2019-05-19",25
"2019-05-20",25.05
"2019-05-21",24.1
"2019-05-22",21.9
"2019-05-23",25.2
"2019-05-24",27.3
"2019-05-25",26.85
"2019-05-26",26.3
"2019-05-27",29.55
"2019-05-28",28.05
"2019-05-29",28.75
"2019-05-30",28.25
"2019-05-31",25.15
"2019-06-01",22.95
"2019-06-02",24.45
"2019-06-03",24.3
"2019-06-04",25.4
"2019-06-05",26.75
"2019-06-06",26.95
"2019-06-07",26.15
"2019-06-08",25
"2019-06-09",26.2
"2019-06-10",27
"2019-06-11",23.4
"2019-06-12",22.9
"2019-06-13",23.5
"2019-06-14",21.2
"2019-06-15",23.9
"2019-06-16",26.45
"2019-06-17",27.4
"2019-06-18",26.8
"2019-06-19",27.75
"2019-06-20",26.75
"2019-06-21",25.95
"2019-06-22",27
"2019-06-23",24.45
"2019-06-24",28.2
"2019-06-25",29.15
"2019-06-26",27.5
"2019-06-27",27.15
"2019-06-28",26.95
"2019-06-29",27.55
"2019-06-30",29.55
"2019-07-01",27.85
"2019-07-02",29.15
"2019-07-03",27.3
"2019-07-04",27.8
"2019-07-05",28.1
"2019-07-06",27.8
"2019-07-07",28.7
"2019-07-08",27.1
"2019-07-09",27.5
"2019-07-10",27.25
"2019-07-11",26.7
"2019-07-12",26.65
"2019-07-13",27.25
"2019-07-14",27.15
"2019-07-15",29.6
"2019-07-16",29.85
"2019-07-17",29.85
"2019-07-18",28.9
"2019-07-19",28.75
"2019-07-20",28.45
"2019-07-21",29.2
"2019-07-22",29.2
"2019-07-23",25.3
"2019-07-24",24.55
"2019-07-25",26.75
"2019-07-26",26.5
"2019-07-27",25.25
"2019-07-28",24.65
"2019-07-29",24.35
"2019-07-30",26.4
"2019-07-31",26.95
"2019-08-01",27.5
"2019-08-02",26.3
"2019-08-03",25.05
"2019-08-04",26.6
"2019-08-05",25.8
"2019-08-06",26.05
"2019-08-07",27.95
"2019-08-08",26.75
"2019-08-09",28.7
"2019-08-10",26.5
"2019-08-11",27.4
"2019-08-12",27.4
"2019-08-13",28.85
"2019-08-14",28.5
"2019-08-15",27.7
"2019-08-16",26.3
"2019-08-17",26.35
"2019-08-18",27.2
"2019-08-19",27.45
"2019-08-20",29
"2019-08-21",28.7
"2019-08-22",28.55
"2019-08-23",27.35
"2019-08-24",25.6
"2019-08-25",24.85
"2019-08-26",25.7
"2019-08-27",26.45
"2019-08-28",27.4
"2019-08-29",25.65
"2019-08-30",25.6
"2019-08-31",26.5
"2019-09-01",25.85
"2019-09-02",24.85
"2019-09-03",26.85
"2019-09-04",26.85
"2019-09-05",26.15
"2019-09-06",24.65
"2019-09-07",27.35
"2019-09-08",27.45
"2019-09-09",25.45
"2019-09-10",25.45
"2019-09-11",24.35
"2019-09-12",25.2
"2019-09-13",25.95
"2019-09-14",25.9
"2019-09-15",26.2
"2019-09-16",25.8
"2019-09-17",23.6
"2019-09-18",20.6
"2019-09-19",20.5
"2019-09-20",19.55
"2019-09-21",20.4
"2019-09-22",20.85
"2019-09-23",23.3
"2019-09-24",23.75
"2019-09-25",24.5
"2019-09-26",26.35
"2019-09-27",25.8
"2019-09-28",26.2
"2019-09-29",26.85
"2019-09-30",24.3
"2019-10-01",23.45
"2019-10-02",25.95
"2019-10-03",28.7
"2019-10-04",25.75
"2019-10-05",19.8
"2019-10-06",22.65
"2019-10-07",23.45
"2019-10-08",19.65
"2019-10-09",17.55
"2019-10-10",15.35
"2019-10-11",17.45
"2019-10-12",20.35
"2019-10-13",22.1
"2019-10-14",19.5
"2019-10-15",20
"2019-10-16",15.95
"2019-10-17",12.65
"2019-10-18",13.3
"2019-10-19",17.25
"2019-10-20",20.3
"2019-10-21",17.05
"2019-10-22",20.25
"2019-10-23",16.85
"2019-10-24",18.65
"2019-10-25",19.8
"2019-10-26",21.8
"2019-10-27",23.7
"2019-10-28",21.25
"2019-10-29",22.15
"2019-10-30",22.75
"2019-10-31",17.2
"2019-11-01",11.55
"2019-11-02",12.05
"2019-11-03",10.55
"2019-11-04",15.35
"2019-11-05",17.9
"2019-11-06",14.55
"2019-11-07",16.95
"2019-11-08",6.45
"2019-11-09",7.85
"2019-11-10",10.1
"2019-11-11",12.6
"2019-11-12",9
"2019-11-13",2.9
"2019-11-14",8.2
"2019-11-15",10.3
"2019-11-16",10.45
"2019-11-17",9.55
"2019-11-18",7.95
"2019-11-19",8
"2019-11-20",8.9
"2019-11-21",8.8
"2019-11-22",13.45
"2019-11-23",14.8
"2019-11-24",8.45
"2019-11-25",9.95
"2019-11-26",13.2
"2019-11-27",14.6
"2019-11-28",9.45
"2019-11-29",7.85
"2019-11-30",10.35
"2019-12-01",13.35
"2019-12-02",7.05
"2019-12-03",7.85
"2019-12-04",9.25
"2019-12-05",7.15
"2019-12-06",10.15
"2019-12-07",8.45
"2019-12-08",10.75
"2019-12-09",16.25
"2019-12-10",16
"2019-12-11",6.25
"2019-12-12",8.1
"2019-12-13",13.5
"2019-12-14",11.15
"2019-12-15",10.1
"2019-12-16",13.45
"2019-12-17",13.1
"2019-12-18",4.1
"2019-12-19",1.9
"2019-12-20",5.2
"2019-12-21",6.1
"2019-12-22",8.55
"2019-12-23",11.45
"2019-12-24",12.45
"2019-12-25",12.35
"2019-12-26",15.05
"2019-12-27",15.75
"2019-12-28",16.75
"2019-12-29",19.3
"2019-12-30",15.3
"2019-12-31",7.8
"2020-01-01",8.4
"2020-01-02",11.55
"2020-01-03",19.8
"2020-01-04",11.45
"2020-01-05",6.9
"2020-01-06",8.4
"2020-01-07",9.3
"2020-01-08",8.75
"2020-01-09",9.25
"2020-01-10",16.2
"2020-01-11",19
"2020-01-12",17.5
"2020-01-13",17.8
"2020-01-14",17.8
"2020-01-15",15.65
"2020-01-16",11.7
"2020-01-17",3.7
"2020-01-18",9.35
"2020-01-19",7.7
"2020-01-20",0.2
"2020-01-21",1.2
"2020-01-22",5
"2020-01-23",9.25
"2020-01-24",14.65
"2020-01-25",9.6
"2020-01-26",7
"2020-01-27",8.65
"2020-01-28",6
"2020-01-29",6.15
"2020-01-30",7.7
"2020-01-31",8.7
"2020-02-01",7.35
"2020-02-02",10.35
"2020-02-03",17.35
"2020-02-04",17
"2020-02-05",16.7
"2020-02-06",18.15
"2020-02-07",8.75
"2020-02-08",5.85
"2020-02-09",7.45
"2020-02-10",14.1
"2020-02-11",16.5
"2020-02-12",15.55
"2020-02-13",16.1
"2020-02-14",7.4
"2020-02-15",5
"2020-02-16",9.5
"2020-02-17",12.05
"2020-02-18",14.55
"2020-02-19",12.35
"2020-02-20",4.8
"2020-02-21",0
"2020-02-22",4.4
"2020-02-23",8
"2020-02-24",11.7
"2020-02-25",15.8
"2020-02-26",12.25
"2020-02-27",6
"2020-02-28",7.1
"2020-02-29",5.25
"2020-03-01",6.25
"2020-03-02",13
"2020-03-03",15.5
"2020-03-04",13.15
"2020-03-05",9.95
"2020-03-06",10.55
"2020-03-07",6.85
"2020-03-08",8
"2020-03-09",13.7
"2020-03-10",16.45
"2020-03-11",16.55
"2020-03-12",17.55
"2020-03-13",17.6
"2020-03-14",14.8
"2020-03-15",9.4
"2020-03-16",13.5
"2020-03-17",12.8
"2020-03-18",17.2
"2020-03-19",20.45
"2020-03-20",20.05
"2020-03-21",17.6
"2020-03-22",12.45
"2020-03-23",14.85
"2020-03-24",14.35
"2020-03-25",14.15
"2020-03-26",14.15
"2020-03-27",20.75
"2020-03-28",21.6
"2020-03-29",21.9
"2020-03-30",18.6
"2020-03-31",12.7
"2020-04-01",10.2
"2020-04-02",13.45
"2020-04-03",14.4
"2020-04-04",14.25
"2020-04-05",14.75
"2020-04-06",17.65
"2020-04-07",20.3
"2020-04-08",22.85
"2020-04-09",18.3
"2020-04-10",12.4
"2020-04-11",13.85
"2020-04-12",20.5
"2020-04-13",19.1
"2020-04-14",15.75
"2020-04-15",8.15
"2020-04-16",13.95
"2020-04-17",17.4
"2020-04-18",15.85
"2020-04-19",18.2
"2020-04-20",13.45
"2020-04-21",16.85
"2020-04-22",15.5
"2020-04-23",18.75
"2020-04-24",18.95
"2020-04-25",17.25
"2020-04-26",17.5
"2020-04-27",14.35
"2020-04-28",19.3
"2020-04-29",21.5
"2020-04-30",17.8
"2020-05-01",15.75
"2020-05-02",18.2
"2020-05-03",22.9
"2020-05-04",22
"2020-05-05",19.1
"2020-05-06",16.4
"2020-05-07",14.75
"2020-05-08",15.6
"2020-05-09",12.55
"2020-05-10",16.3
"2020-05-11",16.45
"2020-05-12",13.55
"2020-05-13",17.05
"2020-05-14",20.85
"2020-05-15",21.25
"2020-05-16",22.9
"2020-05-17",24.45
"2020-05-18",22.2
"2020-05-19",19.2
"2020-05-20",21.55
"2020-05-21",21.2
"2020-05-22",22.55
"2020-05-23",23.65
"2020-05-24",22.1
"2020-05-25",20.75
"2020-05-26",22.2
"2020-05-27",25.75
"2020-05-28",24.9
"2020-05-29",24.8
"2020-05-30",24.35
"2020-05-31",20.7
"2020-06-01",20.3
"2020-06-02",24.05
"2020-06-03",24.85
"2020-06-04",26
"2020-06-05",24.85
"2020-06-06",26.45
"2020-06-07",25.25
"2020-06-08",26.4
"2020-06-09",26.55
"2020-06-10",26.25
"2020-06-11",25.5
"2020-06-12",21.95
"2020-06-13",19.85
"2020-06-14",20.95
"2020-06-15",20.8
"2020-06-16",22.45
"2020-06-17",21.5
"2020-06-18",23.25
"2020-06-19",25.35
"2020-06-20",24.3
"2020-06-21",25.4
"2020-06-22",26.6
"2020-06-23",26.65
"2020-06-24",26.2
"2020-06-25",25.2
"2020-06-26",27
"2020-06-27",27.1
"2020-06-28",27.3
"2020-06-29",26.75
"2020-06-30",26.6
"2020-07-01",25.6
"2020-07-02",27.2
"2020-07-03",28.85
"2020-07-04",29.6
"2020-07-05",27.4
"2020-07-06",27.75
"2020-07-07",27.15
"2020-07-08",26.75
"2020-07-09",27.7
"2020-07-10",27.7
"2020-07-11",28.25
"2020-07-12",29.1
"2020-07-13",27.1
"2020-07-14",28.7
"2020-07-15",27.9
"2020-07-16",27.55
"2020-07-17",28.65
"2020-07-18",29.75
"2020-07-19",30.05
"2020-07-20",29.45
"2020-07-21",29.4
"2020-07-22",29.75
"2020-07-23",28.15
"2020-07-24",28.1
"2020-07-25",28.45
"2020-07-26",28.9
"2020-07-27",29.6
"2020-07-28",29.05
"2020-07-29",27.1
"2020-07-30",29
"2020-07-31",28.95
"2020-08-01",29.25
"2020-08-02",29.3
"2020-08-03",28.15
"2020-08-04",27.55
"2020-08-05",28.85
"2020-08-06",27.35
"2020-08-07",26.5
"2020-08-08",27.2
"2020-08-09",27.3
"2020-08-10",27.75
"2020-08-11",27.8
"2020-08-12",28.25
"2020-08-13",25.65
"2020-08-14",26.95
"2020-08-15",26.55
"2020-08-16",25.2
"2020-08-17",26.5
"2020-08-18",26.85
"2020-08-19",24
"2020-08-20",26.25
"2020-08-21",26.2
"2020-08-22",27.1
"2020-08-23",26.65
"2020-08-24",27.4
"2020-08-25",27.9
"2020-08-26",27.15
"2020-08-27",27.5
"2020-08-28",29.5
"2020-08-29",27.35
"2020-08-30",27.15
"2020-08-31",26.9
"2020-09-01",28.1
"2020-09-02",29.25
"2020-09-03",29.05
"2020-09-04",28.15
"2020-09-05",26
"2020-09-06",25.45
"2020-09-07",26.1
"2020-09-08",25.5
"2020-09-09",27
"2020-09-10",25.35
"2020-09-11",26.45
"2020-09-12",23.3
"2020-09-13",24.85
"2020-09-14",24.6
"2020-09-15",23.15
"2020-09-16",25.05
"2020-09-17",23.9
"2020-09-18",22.1
"2020-09-19",18.4
"2020-09-20",17.75
"2020-09-21",16.5
"2020-09-22",15.6
"2020-09-23",16.55
"2020-09-24",20
"2020-09-25",22.6
"2020-09-26",23.2
"2020-09-27",22.25
"2020-09-28",23.55
"2020-09-29",20.8
"2020-09-30",17.2
"2020-10-01",19.55
"2020-10-02",18.1
"2020-10-03",17.6
"2020-10-04",15.2
"2020-10-05",18.05
"2020-10-06",19.25
"2020-10-07",21.75
"2020-10-08",22.4
"2020-10-09",20.3
"2020-10-10",23.45
"2020-10-11",20.8
"2020-10-12",23.7
"2020-10-13",20.95
"2020-10-14",18.1
"2020-10-15",21.75
"2020-10-16",18.65
"2020-10-17",14.3
"2020-10-18",18.65
"2020-10-19",20.75
"2020-10-20",22.4
"2020-10-21",22.95
"2020-10-22",22.65
"2020-10-23",20.65
"2020-10-24",21.5
"2020-10-25",17.25
"2020-10-26",17.25
"2020-10-27",18.25
"2020-10-28",19.75
"2020-10-29",22.6
"2020-10-30",14.5
"2020-10-31",14.8
"2020-11-01",13.9
"2020-11-02",7.5
"2020-11-03",11.4
"2020-11-04",14.7
"2020-11-05",17.9
"2020-11-06",18.85
"2020-11-07",20.05
"2020-11-08",20.6
"2020-11-09",20.2
"2020-11-10",21.45
"2020-11-11",23.5
"2020-11-12",19.75
"2020-11-13",13.85
"2020-11-14",15.7
"2020-11-15",17.15
"2020-11-16",11.15
"2020-11-17",10.35
"2020-11-18",5.2
"2020-11-19",8.9
"2020-11-20",14
"2020-11-21",14.95
"2020-11-22",17.1
"2020-11-23",11.3
"2020-11-24",8.35
"2020-11-25",13.5
"2020-11-26",19
"2020-11-27",15.65
"2020-11-28",12.1
"2020-11-29",14.35
"2020-11-30",14.4
"2020-12-01",5.3
"2020-12-02",4.2
"2020-12-03",7.5
"2020-12-04",13.55
"2020-12-05",8.25
"2020-12-06",7.1
"2020-12-07",5.45
"2020-12-08",3.8
"2020-12-09",6.95
"2020-12-10",10.15
"2020-12-11",15.65
"2020-12-12",15.8
"2020-12-13",16.25
"2020-12-14",11.55
"2020-12-15",6.95
"2020-12-16",9.6
"2020-12-17",5.5
"2020-12-18",3.45
"2020-12-19",4.75
"2020-12-20",9
"2020-12-21",8.95
"2020-12-22",7.65
"2020-12-23",10.3
"2020-12-24",13.9
"2020-12-25",1.15
"2020-12-26",1.1
"2020-12-27",5
"2020-12-28",10.25
"2020-12-29",7.35
"2020-12-30",9.9
"2020-12-31",15.4
"2021-01-01",14.95
"2021-01-02",17.1
"2021-01-03",12.95
"2021-01-04",5.95
"2021-01-05",6.4
"2021-01-06",4.4
"2021-01-07",4.95
"2021-01-08",6.7
"2021-01-09",3.9
"2021-01-10",4.3
"2021-01-11",6.1
"2021-01-12",5
"2021-01-13",6.55
"2021-01-14",6.1
"2021-01-15",8.25
"2021-01-16",5.55
"2021-01-17",5.1
"2021-01-18",5.9
"2021-01-19",6.55
"2021-01-20",7.6
"2021-01-21",10.4
"2021-01-22",7.65
"2021-01-23",3.45
"2021-01-24",3.25
"2021-01-25",7.35
"2021-01-26",11.85
"2021-01-27",6.1
"2021-01-28",0.65
"2021-01-29",-0.1
"2021-01-30",1.45
"2021-01-31",9.45
"2021-02-01",3.35
"2021-02-02",3.9
"2021-02-03",4.9
"2021-02-04",6.9
"2021-02-05",11.05
"2021-02-06",8.55
"2021-02-07",5.1
"2021-02-08",8.1
"2021-02-09",12.75
"2021-02-10",10.4
"2021-02-11",11.25
"2021-02-12",6.45
"2021-02-13",6.85
"2021-02-14",5.75
"2021-02-15",12.55
"2021-02-16",10.95
"2021-02-17",6.9
"2021-02-18",6.1
"2021-02-19",2.5
"2021-02-20",3.6
"2021-02-21",5.6
"2021-02-22",11.55
"2021-02-23",10.1
"2021-02-24",14.45
"2021-02-25",16.85
"2021-02-26",7.5
"2021-02-27",6.95
"2021-02-28",10.7
"2021-03-01",14.55
"2021-03-02",8.65
"2021-03-03",10.6
"2021-03-04",12.2
"2021-03-05",7.75
"2021-03-06",6.1
"2021-03-07",6.8
"2021-03-08",6.85
"2021-03-09",10.3
"2021-03-10",14.15
"2021-03-11",16.8
"2021-03-12",18.8
"2021-03-13",15.4
"2021-03-14",16.8
"2021-03-15",10.15
"2021-03-16",10.8
"2021-03-17",12.45
"2021-03-18",17.35
"2021-03-19",8.55
"2021-03-20",10.2
"2021-03-21",13.8
"2021-03-22",15.25
"2021-03-23",17.25
"2021-03-24",17.55
"2021-03-25",19.65
"2021-03-26",18.55
"2021-03-27",20.7
"2021-03-28",16.95
"2021-03-29",13.4
"2021-03-30",19.2
"2021-03-31",18.05
"2021-04-01",8.35
"2021-04-02",4.7
"2021-04-03",8.7
"2021-04-04",14
"2021-04-05",17.4
"2021-04-06",20.1
"2021-04-07",21.9
"2021-04-08",20.65
"2021-04-09",20.6
"2021-04-10",20.75
"2021-04-11",19.3
"2021-04-12",19.5
"2021-04-13",17.55
"2021-04-14",19
"2021-04-15",17.35
"2021-04-16",14.75
"2021-04-17",16.4
"2021-04-18",18.7
"2021-04-19",15.8
"2021-04-20",16.75
"2021-04-21",14.85
"2021-04-22",10.75
"2021-04-23",13.8
"2021-04-24",16.7
"2021-04-25",16.3
"2021-04-26",17.35
"2021-04-27",19.6
"2021-04-28",21.6
"2021-04-29",23.05
"2021-04-30",21.05
"2021-05-01",18.6
"2021-05-02",21.2
"2021-05-03",23
"2021-05-04",24.95
"2021-05-05",23.5
"2021-05-06",17.65
"2021-05-07",14.6
"2021-05-08",17.25
"2021-05-09",22.4
"2021-05-10",21.5
"2021-05-11",18.7
"2021-05-12",11.95
"2021-05-13",16.05
"2021-05-14",15.55
"2021-05-15",17.65
"2021-05-16",19.8
"2021-05-17",21.55
"2021-05-18",21.4
"2021-05-19",19.3
"2021-05-20",22
"2021-05-21",21.2
"2021-05-22",22.05
"2021-05-23",24.6
"2021-05-24",26.8
"2021-05-25",25.55
"2021-05-26",24.8
"2021-05-27",25.65
"2021-05-28",26
"2021-05-29",22.1
"2021-05-30",15.9
"2021-05-31",19.4
"2021-06-01",23.65
"2021-06-02",25.2
"2021-06-03",24.5
"2021-06-04",23.5
"2021-06-05",25.6
"2021-06-06",26.3
"2021-06-07",26.4
"2021-06-08",26.7
"2021-06-09",25.95
"2021-06-10",25.5
"2021-06-11",26.3
"2021-06-12",25.15
"2021-06-13",25
"2021-06-14",26.9
"2021-06-15",24.6
"2021-06-16",25.25
"2021-06-17",24.4
"2021-06-18",26.45
"2021-06-19",26.55
"2021-06-20",25.4
"2021-06-21",26.55
"2021-06-22",24.45
"2021-06-23",21
"2021-06-24",24.65
"2021-06-25",25.6
"2021-06-26",26.9
"2021-06-27",26.8
"2021-06-28",27.2
"2021-06-29",27.25
"2021-06-30",28.2
"2021-07-01",28.4
"2021-07-02",25
"2021-07-03",23.8
"2021-07-04",25.35
"2021-07-05",25.85
"2021-07-06",26.1
"2021-07-07",28.7
"2021-07-08",27.2
"2021-07-09",27.55
"2021-07-10",28.35
"2021-07-11",28.75
"2021-07-12",28.55
"2021-07-13",28.05
"2021-07-14",28.75
"2021-07-15",28.95
"2021-07-16",29.35
"2021-07-17",29.3
"2021-07-18",26.55
"2021-07-19",24.8
"2021-07-20",25.5
"2021-07-21",27.15
"2021-07-22",27.05
"2021-07-23",25.95
"2021-07-24",25.1
"2021-07-25",27.3
"2021-07-26",26.9
"2021-07-27",28.5
"2021-07-28",25.2
"2021-07-29",29
"2021-07-30",28.95
"2021-07-31",27.85
"2021-08-01",27.1
"2021-08-02",27.15
"2021-08-03",24.55
"2021-08-04",23
"2021-08-05",25.25
"2021-08-06",26.7
"2021-08-07",25.15
"2021-08-08",25.6
"2021-08-09",27.4
"2021-08-10",28.45
"2021-08-11",29.45
"2021-08-12",29.25
"2021-08-13",29.2
"2021-08-14",29.7
"2021-08-15",28.6
"2021-08-16",29.2
"2021-08-17",28.8
"2021-08-18",29.05
"2021-08-19",29.4
"2021-08-20",27.6
"2021-08-21",26.5
"2021-08-22",27.1
"2021-08-23",27.6
"2021-08-24",27.65
"2021-08-25",28
"2021-08-26",26.9
"2021-08-27",27.35
"2021-08-28",26.65
"2021-08-29",28.85
"2021-08-30",28.1
"2021-08-31",27.8
"2021-09-01",24.8
"2021-09-02",20.7
"2021-09-03",21.8
"2021-09-04",21.6
"2021-09-05",24.1
"2021-09-06",25.65
"2021-09-07",25.3
"2021-09-08",26.15
"2021-09-09",21.95
"2021-09-10",20.8
"2021-09-11",20.95
"2021-09-12",23.85
"2021-09-13",24.55
"2021-09-14",25.9
"2021-09-15",25.25
"2021-09-16",25.3
"2021-09-17",25.3
"2021-09-18",24.8
"2021-09-19",25.7
"2021-09-20",25.5
"2021-09-21",26.9
"2021-09-22",24.85
"2021-09-23",20.75
"2021-09-24",19.65
"2021-09-25",19.5
"2021-09-26",18.8
"2021-09-27",22.6
"2021-09-28",23.55
"2021-09-29",22.85
"2021-09-30",22.1
"2021-10-01",22.6
"2021-10-02",23.45
"2021-10-03",25.1
"2021-10-04",25.05
"2021-10-05",27.05
"2021-10-06",26.7
"2021-10-07",23.6
"2021-10-08",25.25
"2021-10-09",23.95
"2021-10-10",24
"2021-10-11",21.75
"2021-10-12",21.7
"2021-10-13",22.2
"2021-10-14",23.1
"2021-10-15",23.35
"2021-10-16",21.95
"2021-10-17",16.6
"2021-10-18",17.6
"2021-10-19",19.15
"2021-10-20",21.5
"2021-10-21",23.05
"2021-10-22",23.65
"2021-10-23",20.7
"2021-10-24",22.95
"2021-10-25",21.15
"2021-10-26",16.65
"2021-10-27",16.45
"2021-10-28",19.35
"2021-10-29",17.8
"2021-10-30",15.8
"2021-10-31",15.7
"2021-11-01",15.65
"2021-11-02",15.85
"2021-11-03",11.9
"2021-11-04",9.05
"2021-11-05",9.1
"2021-11-06",13.85
"2021-11-07",10.4
"2021-11-08",13.65
"2021-11-09",15.4
"2021-11-10",14.9
"2021-11-11",17.5
"2021-11-12",15.55
"2021-11-13",13.25
"2021-11-14",12.1
"2021-11-15",8.85
"2021-11-16",11.65
"2021-11-17",15.55
"2021-11-18",17.8
"2021-11-19",9.4
"2021-11-20",11.1
"2021-11-21",15.9
"2021-11-22",10.5
"2021-11-23",3.45
"2021-11-24",4.6
"2021-11-25",8.55
"2021-11-26",7.75
"2021-11-27",6
"2021-11-28",10.95
"2021-11-29",3.85
"2021-11-30",9.05
"2021-12-01",12.95
"2021-12-02",15.45
"2021-12-03",15.9
"2021-12-04",16.4
"2021-12-05",15.15
"2021-12-06",17.3
"2021-12-07",10.15
"2021-12-08",6.15
"2021-12-09",7.55
"2021-12-10",17.15
"2021-12-11",17.3
"2021-12-12",7.95
"2021-12-13",10.6
"2021-12-14",11.9
"2021-12-15",13.9
"2021-12-16",17.05
"2021-12-17",18.5
"2021-12-18",19.25
"2021-12-19",10.65
"2021-12-20",6.05
"2021-12-21",8.95
"2021-12-22",8.15
"2021-12-23",5.9
"2021-12-24",10.5
"2021-12-25",17.95
"2021-12-26",16.65
"2021-12-27",17.1
"2021-12-28",19.45
"2021-12-29",20.45
"2021-12-30",19.45
"2021-12-31",19.8
"2022-01-01",20.7
"2022-01-02",19.4
"2022-01-03",11.35
"2022-01-04",7.4
"2022-01-05",12.95
"2022-01-06",11.95
"2022-01-07",4.4
"2022-01-08",3.75
"2022-01-09",15.15
"2022-01-10",5.75
"2022-01-11",1.95
"2022-01-12",6.2
"2022-01-13",8.55
"2022-01-14",7.3
"2022-01-15",5.15
"2022-01-16",10.7
"2022-01-17",4.95
"2022-01-18",5.1
"2022-01-19",7.9
"2022-01-20",9.5
"2022-01-21",-1.2
"2022-01-22",-1.15
"2022-01-23",2.3
"2022-01-24",6.65
"2022-01-25",7.65
"2022-01-26",3.05
"2022-01-27",4.7
"2022-01-28",5.5
"2022-01-29",0.5
"2022-01-30",2.6
"2022-01-31",8.4
"2022-02-01",8.35
"2022-02-02",10.75
"2022-02-03",16.55
"2022-02-04",13.05
"2022-02-05",4.5
"2022-02-06",6.25
"2022-02-07",8.3
"2022-02-08",5.65
"2022-02-09",9.2
"2022-02-10",11.4
"2022-02-11",12.7
"2022-02-12",15.5
"2022-02-13",6.3
"2022-02-14",5.55
"2022-02-15",6.85
"2022-02-16",12.5
"2022-02-17",16.9
"2022-02-18",12.05
"2022-02-19",8.7
"2022-02-20",8.05
"2022-02-21",15.45
"2022-02-22",17.55
"2022-02-23",17
"2022-02-24",13.6
"2022-02-25",16.35
"2022-02-26",7
"2022-02-27",6.4
"2022-02-28",10.2
"2022-03-01",13.55
"2022-03-02",14.95
"2022-03-03",14.8
"2022-03-04",11.65
"2022-03-05",16
"2022-03-06",20.35
"2022-03-07",19.6
"2022-03-08",14.95
"2022-03-09",14.75
"2022-03-10",9.4
"2022-03-11",14.2
"2022-03-12",9.75
"2022-03-13",3.8
"2022-03-14",10.95
"2022-03-15",15.45
"2022-03-16",18.65
"2022-03-17",16.85
"2022-03-18",18.8
"2022-03-19",20.15
"2022-03-20",13.35
"2022-03-21",13.85
"2022-03-22",17.1
"2022-03-23",20.25
"2022-03-24",16.6
"2022-03-25",16.1
"2022-03-26",12.3
"2022-03-27",9.25
"2022-03-28",7.75
"2022-03-29",8.3
"2022-03-30",15.85
"2022-03-31",20.05
"2022-04-01",16.1
"2022-04-02",14.05
"2022-04-03",16.25
"2022-04-04",15.45
"2022-04-05",20.65
"2022-04-06",22.3
"2022-04-07",18.6
"2022-04-08",17.35
"2022-04-09",12.3
"2022-04-10",12.8
"2022-04-11",19.9
"2022-04-12",21.6
"2022-04-13",22.65
"2022-04-14",21.5
"2022-04-15",17.85
"2022-04-16",20.45
"2022-04-17",19
"2022-04-18",14.15
"2022-04-19",11.75
"2022-04-20",13.35
"2022-04-21",17.35
"2022-04-22",20.3
"2022-04-23",21.55
"2022-04-24",21.8
"2022-04-25",22.5
"2022-04-26",20.8
"2022-04-27",16.85
"2022-04-28",15.45
"2022-04-29",17.1
"2022-04-30",21
"2022-05-01",23.35
"2022-05-02",24.05
"2022-05-03",24.8
"2022-05-04",24.75
"2022-05-05",22.05
"2022-05-06",24.75
"2022-05-07",19.55
"2022-05-08",12.5
"2022-05-09",16.4
"2022-05-10",16.5
"2022-05-11",17.5
"2022-05-12",19.9
"2022-05-13",21.8
"2022-05-14",22.15
"2022-05-15",24.6
"2022-05-16",23.4
"2022-05-17",24.1
"2022-05-18",25.1
"2022-05-19",25.9
"2022-05-20",25.2
"2022-05-21",26.1
"2022-05-22",25.4
"2022-05-23",25.4
"2022-05-24",23.15
"2022-05-25",20.15
"2022-05-26",22.35
"2022-05-27",25.75
"2022-05-28",24.85
"2022-05-29",25.1
"2022-05-30",25.3
"2022-05-31",27.75
"2022-06-01",28.8
"2022-06-02",28.05
"2022-06-03",26.55
"2022-06-04",25.25
"2022-06-05",24.5
"2022-06-06",25.6
"2022-06-07",26.25
"2022-06-08",27.7
"2022-06-09",25.9
"2022-06-10",24.45
"2022-06-11",26.5
"2022-06-12",27.85
"2022-06-13",28.9
"2022-06-14",29.55
"2022-06-15",28.8
"2022-06-16",26.95
"2022-06-17",28.3
"2022-06-18",25.9
"2022-06-19",21.9
"2022-06-20",24.55
"2022-06-21",26.75
"2022-06-22",27.1
"2022-06-23",25.8
"2022-06-24",24.95
"2022-06-25",26
"2022-06-26",27.65
"2022-06-27",27.05
"2022-06-28",26.8
"2022-06-29",25.3
"2022-06-30",27.35
"2022-07-01",26.4
"2022-07-02",27.35
"2022-07-03",28.3
"2022-07-04",27.5
"2022-07-05",29.35
"2022-07-06",28.7
"2022-07-07",29
"2022-07-08",28.9
"2022-07-09",27.8
"2022-07-10",24.2
"2022-07-11",25.2
"2022-07-12",28.8
"2022-07-13",28.3
"2022-07-14",28.05
"2022-07-15",25.7
"2022-07-16",26.75
"2022-07-17",28.35
"2022-07-18",28.15
"2022-07-19",28.65
"2022-07-20",28.55
"2022-07-21",27.8
"2022-07-22",27
"2022-07-23",29.4
"2022-07-24",29.45
"2022-07-25",29.65
"2022-07-26",29.85
"2022-07-27",29.1
"2022-07-28",30.45
"2022-07-29",30.45
"2022-07-30",28.95
"2022-07-31",25.85
"2022-08-01",29.05
"2022-08-02",29.15
"2022-08-03",29.5
"2022-08-04",28.2
"2022-08-05",27.9
"2022-08-06",27.75
"2022-08-07",27.85
"2022-08-08",27.65
"2022-08-09",28.75
"2022-08-10",29.1
"2022-08-11",27.75
"2022-08-12",22.65
"2022-08-13",24.55
"2022-08-14",25
"2022-08-15",24.45
"2022-08-16",24.45
"2022-08-17",24.75
"2022-08-18",25.4
"2022-08-19",24.45
"2022-08-20",26.55
"2022-08-21",26.05
"2022-08-22",25.65
"2022-08-23",26.05
"2022-08-24",25.8
"2022-08-25",26.15
"2022-08-26",26.4
"2022-08-27",26.25
"2022-08-28",26.7
"2022-08-29",25.25
"2022-08-30",25.9
"2022-08-31",27.1
"2022-09-01",26.85
"2022-09-02",27.75
"2022-09-03",27.35
"2022-09-04",26.45
"2022-09-05",28.5
"2022-09-06",27.65
"2022-09-07",26.35
"2022-09-08",24
"2022-09-09",24.25
"2022-09-10",26.35
"2022-09-11",27.85
"2022-09-12",27.9
"2022-09-13",24.8
"2022-09-14",24.9
"2022-09-15",23.6
"2022-09-16",22.45
"2022-09-17",24.6
"2022-09-18",25.3
"2022-09-19",25.45
"2022-09-20",26.75
"2022-09-21",26.15
"2022-09-22",23.15
"2022-09-23",17.05
"2022-09-24",19.8
"2022-09-25",25.2
"2022-09-26",23.8
"2022-09-27",20.8
"2022-09-28",20.35
"2022-09-29",19.45
"2022-09-30",21.9
"2022-10-01",19.7
"2022-10-02",17.55
"2022-10-03",12.3
"2022-10-04",14.05
"2022-10-05",17.05
"2022-10-06",20.35
"2022-10-07",22.05
"2022-10-08",16.15
"2022-10-09",15.75
"2022-10-10",17.4
"2022-10-11",18.4
"2022-10-12",20.7
"2022-10-13",21.6
"2022-10-14",15.9
"2022-10-15",18.95
"2022-10-16",22.95
"2022-10-17",19.55
"2022-10-18",10.35
"2022-10-19",9.5
"2022-10-20",12.8
"2022-10-21",15.85
"2022-10-22",18.6
"2022-10-23",16.6
"2022-10-24",17.2
"2022-10-25",16.95
"2022-10-26",19.7
"2022-10-27",18.3
"2022-10-28",17.4
"2022-10-29",15.7
"2022-10-30",16.35
"2022-10-31",20
"2022-11-01",20.4
"2022-11-02",18.6
"2022-11-03",19.55
"2022-11-04",22.4
"2022-11-05",22.95
"2022-11-06",21.7
"2022-11-07",21.85
"2022-11-08",15.9
"2022-11-09",16.95
"2022-11-10",21.05
"2022-11-11",22.7
"2022-11-12",20
"2022-11-13",11.05
"2022-11-14",10.3
"2022-11-15",15.9
"2022-11-16",11.2
"2022-11-17",5.85
"2022-11-18",6.4
"2022-11-19",9.25
"2022-11-20",6.6
"2022-11-21",10
"2022-11-22",14.55
"2022-11-23",14.8
"2022-11-24",16.45
"2022-11-25",13.7
"2022-11-26",12.6
"2022-11-27",18.45
"2022-11-28",14.35
"2022-11-29",14.75
"2022-11-30",11.9
"2022-12-01",7.8
"2022-12-02",11.9
"2022-12-03",17.45
"2022-12-04",8.9
"2022-12-05",11.35
"2022-12-06",17
"2022-12-07",18.45
"2022-12-08",14.85
"2022-12-09",9.8
"2022-12-10",10.5
"2022-12-11",10.3
"2022-12-12",7.2
"2022-12-13",6.7
"2022-12-14",7.65
"2022-12-15",13.5
"2022-12-16",9.6
"2022-12-17",8.65
"2022-12-18",5.7
"2022-12-19",4.5
"2022-12-20",5.75
"2022-12-21",8.8
"2022-12-22",13.6
"2022-12-23",3.9
"2022-12-24",-3.75
"2022-12-25",0.8
"2022-12-26",0.7
"2022-12-27",3.15
"2022-12-28",7.6
"2022-12-29",11.25
"2022-12-30",17.3
"2022-12-31",17.15
"2023-01-01",14.85
"2023-01-02",13.8
"2023-01-03",15.75
"2023-01-04",18.4
"2023-01-05",15.65
"2023-01-06",11.1
"2023-01-07",7.95
"2023-01-08",9.85
"2023-01-09",6.9
"2023-01-10",7.75
"2023-01-11",9.85
"2023-01-12",17.35
"2023-01-13",10.15
"2023-01-14",2.7
"2023-01-15",4.2
"2023-01-16",7.5
"2023-01-17",10.95
"2023-01-18",13.35
"2023-01-19",16
"2023-01-20",11.8
"2023-01-21",7.8
"2023-01-22",12.55
"2023-01-23",7.45
"2023-01-24",6.95
"2023-01-25",15.15
"2023-01-26",8.6
"2023-01-27",5.35
"2023-01-28",9.15
"2023-01-29",13.2
"2023-01-30",13.8
"2023-01-31",14.05
"2023-02-01",8.7
"2023-02-02",6.25
"2023-02-03",3.85
"2023-02-04",1.95
"2023-02-05",11.45
"2023-02-06",9.95
"2023-02-07",11.55
"2023-02-08",15.05
"2023-02-09",16.05
"2023-02-10",16.45
"2023-02-11",9.85
"2023-02-12",11.65
"2023-02-13",11.6
"2023-02-14",12.95
"2023-02-15",18.2
"2023-02-16",20.65
"2023-02-17",12.1
"2023-02-18",6.95
"2023-02-19",12.05
"2023-02-20",17.2
"2023-02-21",15.8
"2023-02-22",18.75
"2023-02-23",20
"2023-02-24",10.75
"2023-02-25",6.35
"2023-02-26",13.3
"2023-02-27",16.15
"2023-02-28",12.55
"2023-03-01",9.1
"2023-03-02",18.25
"2023-03-03",20.65
"2023-03-04",17.65
"2023-03-05",12.5
"2023-03-06",16.9
"2023-03-07",17
"2023-03-08",10.15
"2023-03-09",13.05
"2023-03-10",12.5
"2023-03-11",10.5
"2023-03-12",10.6
"2023-03-13",9
"2023-03-14",7.15
"2023-03-15",7.9
"2023-03-16",12.15
"2023-03-17",19
"2023-03-18",13.6
"2023-03-19",10.5
"2023-03-20",5.9
"2023-03-21",12.65
"2023-03-22",17.3
"2023-03-23",19.55
"2023-03-24",20.45
"2023-03-25",21.3
"2023-03-26",20.1
"2023-03-27",20.05
"2023-03-28",16.2
"2023-03-29",10.2
"2023-03-30",14
"2023-03-31",20
"2023-04-01",18.45
"2023-04-02",14.05
"2023-04-03",18.6
"2023-04-04",20.4
"2023-04-05",23.2
"2023-04-06",22.8
"2023-04-07",15.4
"2023-04-08",9.5
"2023-04-09",12.95
"2023-04-10",13.2
"2023-04-11",16.2
"2023-04-12",18.2
"2023-04-13",21.2
"2023-04-14",21.9
"2023-04-15",22.05
"2023-04-16",23.2
"2023-04-17",16.35
"2023-04-18",20.65
"2023-04-19",22.05
"2023-04-20",20.5
"2023-04-21",23.25
"2023-04-22",18.7
"2023-04-23",18.25
"2023-04-24",14.3
"2023-04-25",18.55
"2023-04-26",19.55
"2023-04-27",21.45
"2023-04-28",22.65
"2023-04-29",23.5
"2023-04-30",17.85
"2023-05-01",18.1
"2023-05-02",17.5
"2023-05-03",16.1
"2023-05-04",16
"2023-05-05",18.15
"2023-05-06",19
"2023-05-07",21.8
"2023-05-08",22.9
"2023-05-09",22.95
"2023-05-10",19.95
"2023-05-11",22.35
"2023-05-12",21.95
"2023-05-13",23.85
"2023-05-14",20.05
"2023-05-15",21.2
"2023-05-16",24.05
"2023-05-17",23.25
"2023-05-18",21.3
"2023-05-19",19.75
"2023-05-20",21.1
"2023-05-21",18.85
"2023-05-22",20.85
"2023-05-23",20.35
"2023-05-24",18
"2023-05-25",18.85
"2023-05-26",16.65
"2023-05-27",18.6
"2023-05-28",21.6
"2023-05-29",19.85
"2023-05-30",22.35
"2023-05-31",21.5
"2023-06-01",23.25
"2023-06-02",23
"2023-06-03",22.9
"2023-06-04",16.35
"2023-06-05",21.7
"2023-06-06",22.8
"2023-06-07",22.45
"2023-06-08",19
"2023-06-09",20.75
"2023-06-10",24.35
"2023-06-11",25.55
"2023-06-12",24.3
"2023-06-13",24.85
"2023-06-14",25.15
"2023-06-15",25.15
"2023-06-16",23.65
"2023-06-17",23.75
"2023-06-18",26.4
"2023-06-19",25.05
"2023-06-20",24.7
"2023-06-21",24.6
"2023-06-22",24.65
"2023-06-23",25.45
"2023-06-24",25.8
"2023-06-25",27.65
"2023-06-26",24
"2023-06-27",25.7
"2023-06-28",26.35
"2023-06-29",26.45
"2023-06-30",25
"2023-07-01",27.25
"2023-07-02",28.7
"2023-07-03",29.05
"2023-07-04",28.05
"2023-07-05",26.95
"2023-07-06",25.9
"2023-07-07",26.45
"2023-07-08",27.5
"2023-07-09",26.35
"2023-07-10",25.45
"2023-07-11",28.6
"2023-07-12",29.1
"2023-07-13",29
"2023-07-14",27.75
"2023-07-15",28.25
"2023-07-16",28.35
"2023-07-17",28.3
"2023-07-18",29.55
"2023-07-19",28.1
"2023-07-20",28.55
"2023-07-21",28.85
"2023-07-22",25.8
"2023-07-23",26.3
"2023-07-24",27.85
"2023-07-25",28.05
"2023-07-26",28.85
"2023-07-27",29.65
"2023-07-28",29.4
"2023-07-29",28.1
"2023-07-30",27.1
"2023-07-31",25.1
"2023-08-01",25.05
"2023-08-02",23.35
"2023-08-03",26.05
"2023-08-04",25.3
"2023-08-05",25.8
"2023-08-06",27.35
"2023-08-07",27.15
"2023-08-08",28.05
"2023-08-09",28
"2023-08-10",27.05
"2023-08-11",27.05
"2023-08-12",29
"2023-08-13",30.4
"2023-08-14",30.65
"2023-08-15",28.05
"2023-08-16",27
"2023-08-17",28.1
"2023-08-18",27.35
"2023-08-19",27.15
"2023-08-20",27.85
"2023-08-21",28.45
"2023-08-22",26.85
"2023-08-23",25.25
"2023-08-24",26.45
"2023-08-25",26.7
"2023-08-26",27.95
"2023-08-27",26.15
"2023-08-28",26.5
"2023-08-29",27.95
"2023-08-30",25.55
"2023-08-31",20
"2023-09-01",22.65
"2023-09-02",21.4
"2023-09-03",24.35
"2023-09-04",27.4
"2023-09-05",28.3
"2023-09-06",29.75
"2023-09-07",28.45
"2023-09-08",26.75
"2023-09-09",24.5
"2023-09-10",25.3
"2023-09-11",25.8
"2023-09-12",26.1
"2023-09-13",24.95
"2023-09-14",22.6
"2023-09-15",19.45
"2023-09-16",20.45
"2023-09-17",23.7
"2023-09-18",20.65
"2023-09-19",23.5
"2023-09-20",24.1
"2023-09-21",22.95
"2023-09-22",19.95
"2023-09-23",18.7
"2023-09-24",23.9
"2023-09-25",24.05
"2023-09-26",22.1
"2023-09-27",19.7
"2023-09-28",20.7
"2023-09-29",19.95
"2023-09-30",18.15
"2023-10-01",19.55
"2023-10-02",21.2
"2023-10-03",20.4
"2023-10-04",21.85
"2023-10-05",23.35
"2023-10-06",21.95
"2023-10-07",16.05
"2023-10-08",12
"2023-10-09",16.4
"2023-10-10",20.7
"2023-10-11",18.55
"2023-10-12",14.3
"2023-10-13",19.3
"2023-10-14",18.35
"2023-10-15",13.05
"2023-10-16",12.6
"2023-10-17",14.35
"2023-10-18",14.65
"2023-10-19",15
"2023-10-20",16.35
"2023-10-21",16.4
"2023-10-22",15.3
"2023-10-23",12.35
"2023-10-24",17.05
"2023-10-25",18.2
"2023-10-26",17.8
"2023-10-27",19.8
"2023-10-28",20.6
"2023-10-29",21.25
"2023-10-30",20.1
"2023-10-31",10.95
"2023-11-01",6.15
"2023-11-02",8.45
"2023-11-03",12.95
"2023-11-04",16.85
"2023-11-05",15
"2023-11-06",16.35
"2023-11-07",17.85
"2023-11-08",16.25
"2023-11-09",19.45
"2023-11-10",16.2
"2023-11-11",9.95
"2023-11-12",9.45
"2023-11-13",10.7
"2023-11-14",12
"2023-11-15",13
"2023-11-16",16.75
"2023-11-17",18.55
"2023-11-18",13.8
"2023-11-19",9.75
"2023-11-20",13
"2023-11-21",18.25
"2023-11-22",12.9
"2023-11-23",9.55
"2023-11-24",10.65
"2023-11-25",8.3
"2023-11-26",8.25
"2023-11-27",6.1
"2023-11-28",3.4
"2023-11-29",2.9
"2023-11-30",6.8
"2023-12-01",13.5
"2023-12-02",18.1
"2023-12-03",18.15
"2023-12-04",11.65
"2023-12-05",9.65
"2023-12-06",4.75
"2023-12-07",6.55
"2023-12-08",12.15
"2023-12-09",16.6
"2023-12-10",13.85
"2023-12-11",4.5
"2023-12-12",5.35
"2023-12-13",7.9
"2023-12-14",4.55
"2023-12-15",6.4
"2023-12-16",10.35
"2023-12-17",15.3
"2023-12-18",7.85
"2023-12-19",2.75
"2023-12-20",3.25
"2023-12-21",5.6
"2023-12-22",6.85
"2023-12-23",9.2
"2023-12-24",11.65
"2023-12-25",13.8
"2023-12-26",16.15
"2023-12-27",14.95
"2023-12-28",8.45
"2023-12-29",8.9
"2023-12-30",5.55
"2023-12-31",5.3
"2024-01-01",7.8
"2024-01-02",4.15
"2024-01-03",5.1
"2024-01-04",3.65
"2024-01-05",3.6
"2024-01-06",12.55
"2024-01-07",8.45
"2024-01-08",8.35
"2024-01-09",14.45
"2024-01-10",8.4
"2024-01-11",5.8
"2024-01-12",10.8
"2024-01-13",10.1
"2024-01-14",8.2
"2024-01-15",10.05
"2024-01-16",5.7
"2024-01-17",-0.95
"2024-01-18",3.9
"2024-01-19",5.35
"2024-01-20",-2.3
"2024-01-21",-1.75
"2024-01-22",1.25
"2024-01-23",9.6
"2024-01-24",15.1
"2024-01-25",18.1
"2024-01-26",16.85
"2024-01-27",16.85
"2024-01-28",13.25
"2024-01-29",7.4
"2024-01-30",7.15
"2024-01-31",7.55
"2024-02-01",8.4
"2024-02-02",10.35
"2024-02-03",5.3
"2024-02-04",6.7
"2024-02-05",9.75
"2024-02-06",6.95
"2024-02-07",6
"2024-02-08",7.6
"2024-02-09",9.8
"2024-02-10",15.8
"2024-02-11",16.65
"2024-02-12",14.6
"2024-02-13",8.95
"2024-02-14",9.45
"2024-02-15",10.4
"2024-02-16",13.45
"2024-02-17",8
"2024-02-18",5.5
"2024-02-19",9.05
"2024-02-20",8.55
"2024-02-21",6.9
"2024-02-22",7.85
"2024-02-23",10.3
"2024-02-24",10.9
"2024-02-25",6.65
"2024-02-26",12.95
"2024-02-27",16.35
"2024-02-28",12.75
"2024-02-29",9.5
"2024-03-01",14.2
"2024-03-02",15.55
"2024-03-03",17.2
"2024-03-04",15.5
"2024-03-05",16.85
"2024-03-06",16.75
"2024-03-07",16
"2024-03-08",14.15
"2024-03-09",17.85
"2024-03-10",12.3
"2024-03-11",12.05
"2024-03-12",14.2
"2024-03-13",15.15
"2024-03-14",19.65
"2024-03-15",19.1
"2024-03-16",16.95
"2024-03-17",18.55
"2024-03-18",11.3
"2024-03-19",8.65
"2024-03-20",14.55
"2024-03-21",13.25
"2024-03-22",16.7
"2024-03-23",11.05
"2024-03-24",8.35
"2024-03-25",10.1
"2024-03-26",11.3
"2024-03-27",14.25
"2024-03-28",10.65
"2024-03-29",15.35
"2024-03-30",17.55
"2024-03-31",19.95
"2024-04-01",19.5
"2024-04-02",20
"2024-04-03",15.15
"2024-04-04",12.3
"2024-04-05",11.85
"2024-04-06",11.45
"2024-04-07",13
"2024-04-08",17.35
"2024-04-09",19.7
"2024-04-10",20.4
"2024-04-11",19.8
"2024-04-12",17.4
"2024-04-13",16.95
"2024-04-14",19.6
"2024-04-15",21.6
"2024-04-16",21.35
"2024-04-17",22.2
"2024-04-18",22.9
"2024-04-19",19.8
"2024-04-20",22.65
"2024-04-21",14.5
"2024-04-22",10.3
"2024-04-23",15.45
"2024-04-24",18.95
"2024-04-25",17.7
"2024-04-26",17.85
"2024-04-27",18.35
"2024-04-28",20.65
"2024-04-29",21.6
"2024-04-30",23.1
"2024-05-01",22
"2024-05-02",22.6
"2024-05-03",23
"2024-05-04",23.65
"2024-05-05",24.25
"2024-05-06",24
"2024-05-07",25.75
"2024-05-08",26.4
"2024-05-09",24.15
"2024-05-10",20.95
"2024-05-11",18.4
"2024-05-12",21.8
"2024-05-13",21.75
"2024-05-14",21.95
"2024-05-15",22.85
"2024-05-16",22.9
"2024-05-17",22
"2024-05-18",22.4
"2024-05-19",19.1
"2024-05-20",19.8
"2024-05-21",20.7
"2024-05-22",23.25
"2024-05-23",25.3
"2024-05-24",23.9
"2024-05-25",25.25
"2024-05-26",25.7
"2024-05-27",26.9
"2024-05-28",25.35
"2024-05-29",24.85
"2024-05-30",22.95
"2024-05-31",21.15
"2024-06-01",23.2
"2024-06-02",24.7
"2024-06-03",25.8
"2024-06-04",26.65
"2024-06-05",25.85
"2024-06-06",25.75
"2024-06-07",26.05
"2024-06-08",26.5
"2024-06-09",26.55
"2024-06-10",23.25
"2024-06-11",25.4
"2024-06-12",25.7
"2024-06-13",24.65
"2024-06-14",27.95
"2024-06-15",27.2
"2024-06-16",26.05
"2024-06-17",25.25
"2024-06-18",25.9
"2024-06-19",26.25
"2024-06-20",26
"2024-06-21",26.2
"2024-06-22",28.85
"2024-06-23",28.55
"2024-06-24",27.55
"2024-06-25",27.7
"2024-06-26",29
"2024-06-27",27.05
"2024-06-28",27.95
"2024-06-29",29.1
"2024-06-30",28.15
"2024-07-01",23.25
"2024-07-02",25.35
"2024-07-03",25.8
"2024-07-04",26.75
"2024-07-05",29
"2024-07-06",28.8
"2024-07-07",28.75
"2024-07-08",28.55
"2024-07-09",29.05
"2024-07-10",29.4
"2024-07-11",28.4
"2024-07-12",28
"2024-07-13",28.4
"2024-07-14",30.5
"2024-07-15",30.5
"2024-07-16",30.25
"2024-07-17",27.85
"2024-07-18",26.8
"2024-07-19",26.85
"2024-07-20",27.9
"2024-07-21",27.1
"2024-07-22",26.9
"2024-07-23",27.7
"2024-07-24",27.85
"2024-07-25",27.2
"2024-07-26",25.6
"2024-07-27",25.2
"2024-07-28",25
"2024-07-29",27.1
"2024-07-30",28.4
"2024-07-31",28.3
"2024-08-01",29.85
"2024-08-02",29.95
"2024-08-03",28.15
"2024-08-04",27.5
"2024-08-05",26.9
"2024-08-06",27.25
"2024-08-07",27.5
"2024-08-08",27.25
"2024-08-09",27.9
"2024-08-10",28.4
"2024-08-11",27.95
"2024-08-12",26.8
"2024-08-13",25.85
"2024-08-14",25.45
"2024-08-15",24.85
"2024-08-16",25.95
"2024-08-17",26.35
"2024-08-18",27.2
"2024-08-19",26.4
"2024-08-20",24.3
"2024-08-21",21.65
"2024-08-22",21.65
"2024-08-23",23.8
"2024-08-24",24.65
"2024-08-25",25.2
"2024-08-26",25.3
"2024-08-27",26.05
"2024-08-28",28.1
"2024-08-29",28.3
"2024-08-30",27.15
"2024-08-31",26.3
"2024-09-01",26.7
"2024-09-02",23.45
"2024-09-03",22.4
"2024-09-04",23.3
"2024-09-05",22.9
"2024-09-06",24.35
"2024-09-07",20.9
"2024-09-08",19.15
"2024-09-09",20.3
"2024-09-10",21.75
"2024-09-11",22.5
"2024-09-12",23.8
"2024-09-13",21.9
"2024-09-14",22.75
"2024-09-15",23
"2024-09-16",22.45
"2024-09-17",22.75
"2024-09-18",23.8
"2024-09-19",23.65
"2024-09-20",23.25
"2024-09-21",23.45
"2024-09-22",23.05
"2024-09-23",22.7
"2024-09-24",24.85
"2024-09-25",26.15
"2024-09-26",26.6
"2024-09-27",24.9
"2024-09-28",24.75
"2024-09-29",25.1
"2024-09-30",24.75
"2024-10-01",23.15
"2024-10-02",21.25
"2024-10-03",21.35
"2024-10-04",22
"2024-10-05",21.7
"2024-10-06",19.75
"2024-10-07",20.75
"2024-10-08",18.75
"2024-10-09",18.05
"2024-10-10",14.3
"2024-10-11",13.7
"2024-10-12",15.8
"2024-10-13",18.75
"2024-10-14",17.15
"2024-10-15",14.2
"2024-10-16",9.25
"2024-10-17",9.6
"2024-10-18",11.95
"2024-10-19",14.8
"2024-10-20",15.9
"2024-10-21",18.55
"2024-10-22",18.95
"2024-10-23",19.9
"2024-10-24",16.25
"2024-10-25",15.5
"2024-10-26",19.4
"2024-10-27",13.2
"2024-10-28",16
"2024-10-29",18.45
"2024-10-30",19.95
"2024-10-31",21.05
"2024-11-01",21.4
"2024-11-02",17.35
"2024-11-03",15.7
"2024-11-04",18.15
"2024-11-05",20.15
"2024-11-06",22
"2024-11-07",20.9
"2024-11-08",21.5
"2024-11-09",15.45
"2024-11-10",17.75
"2024-11-11",19.5
"2024-11-12",14.55
"2024-11-13",12.4
"2024-11-14",14.4
"2024-11-15",11.55
"2024-11-16",12.25
"2024-11-17",13
"2024-11-18",16.15
"2024-11-19",15.85
"2024-11-20",15.35
"2024-11-21",9.4
"2024-11-22",6.45
"2024-11-23",9.35
"2024-11-24",10.6
"2024-11-25",13.85
"2024-11-26",15.85
"2024-11-27",14.8
"2024-11-28",13.8
"2024-11-29",5.4
"2024-11-30",3.75
"2024-12-01",5.85
"2024-12-02",3.5
"2024-12-03",1.45
"2024-12-04",4.4
"2024-12-05",6.85
"2024-12-06",0.4
"2024-12-07",2.05
"2024-12-08",11.9
"2024-12-09",13.3
"2024-12-10",18.45
"2024-12-11",10.1
"2024-12-12",5.35
"2024-12-13",8.25
"2024-12-14",10.65
"2024-12-15",12.05
"2024-12-16",14.05
"2024-12-17",17.95
"2024-12-18",17
"2024-12-19",11.75
"2024-12-20",8.7
"2024-12-21",4.6
"2024-12-22",1.8
"2024-12-23",3.75
"2024-12-24",5.9
"2024-12-25",6.9
"2024-12-26",7.6
"2024-12-27",11.8
"2024-12-28",14.3
"2024-12-29",16.55
"2024-12-30",11.6
"2024-12-31",13.7
"2025-01-01",3.7